# File produced by Open Asset Import Library (http://www.assimp.sf.net)
# (assimp v3.1.118612264)

mtllib Maquina_Rondas_V1.mtl

# vertex positions
v -13.000000 0.000000 48.244980
v 0.000002 0.000000 48.244980
v 0.000002 0.000000 58.000000
v -13.000000 0.000000 58.000000
v 15.000001 0.000000 48.244980
v 15.000001 0.000000 58.000000
v -13.000000 0.000000 -20.000000
v 0.000002 0.000000 -20.000000
v 0.000002 0.000000 20.000000
v -13.000000 0.000000 20.000000
v 15.000001 0.000000 -20.000000
v 15.000001 0.000000 20.000000
v -13.000000 0.000000 -48.244987
v 0.000002 0.000000 -48.244987
v 15.000001 0.000000 -48.244987
v 0.000002 180.000000 58.000000
v 0.000002 180.000000 48.244980
v -13.000000 180.000000 48.244980
v -13.000000 180.000000 58.000000
v 13.000002 180.000000 58.000000
v 13.000002 180.000000 48.244980
v 0.000002 180.000000 20.000000
v 0.000002 180.000000 -20.000000
v -13.000000 180.000000 -20.000000
v -13.000000 180.000000 20.000000
v 13.000002 180.000000 20.000000
v 13.000002 180.000000 -20.000000
v 0.000002 180.000000 -48.244987
v -13.000000 180.000000 -48.244987
v 13.000002 180.000000 -48.244987
v 0.000002 2.000000 59.999996
v 0.000002 30.000000 59.999996
v -13.000000 30.000000 59.999996
v -13.000000 2.000000 59.999996
v 15.000001 2.000000 59.999996
v 15.000001 30.000000 59.999996
v 0.000002 60.000000 59.999996
v -13.000000 60.000000 59.999996
v 15.000001 60.000000 59.999996
v 0.000002 90.000000 59.999996
v -13.000000 90.000000 59.999996
v 13.000002 88.511940 59.999996
v 0.000002 98.815994 59.999996
v -13.000000 98.815994 59.999996
v 12.999998 98.815994 59.999996
v 0.000002 122.938995 59.999996
v 0.000002 147.061005 59.999996
v -13.000000 147.061005 59.999996
v -13.000000 122.938995 59.999996
v 13.000002 122.938995 59.999996
v 13.000002 147.061005 59.999996
v 0.000002 171.184006 59.999996
v -13.000000 171.184006 59.999996
v 13.000002 171.184006 59.999996
v 74.999985 2.000000 48.244980
v 74.999985 30.000000 48.244980
v 74.999992 30.000000 58.000000
v 74.999992 2.000000 58.000000
v 74.999992 2.000000 -20.000000
v 74.999992 30.000000 -20.000000
v 74.999992 30.000000 20.000000
v 74.999992 2.000000 20.000000
v 74.999985 2.000000 -48.244987
v 74.999985 30.000000 -48.244987
v 74.999985 60.000000 48.244980
v 74.999992 60.000000 58.000000
v 74.999992 60.000000 -20.000000
v 74.999992 60.000000 20.000000
v 75.828125 30.737873 -47.550285
v 75.828125 59.262123 -47.550285
v 75.828140 59.262123 -20.694706
v 75.828140 30.737873 -20.694706
v 74.999985 69.999992 48.244980
v 74.999992 69.999992 58.000000
v 74.999992 69.999992 -20.000000
v 74.999992 69.999992 20.000000
v 74.999985 60.000000 -48.244987
v 74.999985 69.999992 -48.244987
v 6.943224 100.816467 20.000002
v 6.943224 122.938828 20.000002
v 6.943224 122.938828 46.244709
v 6.943224 100.816467 46.244709
v 6.943224 100.816467 -20.000000
v 6.943224 122.938828 -20.000000
v 6.943224 100.816467 -46.244705
v 6.943224 122.938828 -46.244705
v 6.943224 147.061172 20.000002
v 6.943224 147.061172 46.244709
v 6.943224 147.061172 -20.000000
v 6.943224 147.061172 -46.244705
v 6.943224 169.183533 20.000002
v 6.943224 169.183533 46.244709
v 6.943224 169.183533 -20.000000
v 6.943224 169.183533 -46.244705
v 0.000002 2.000000 -60.000000
v 0.000002 30.000000 -60.000000
v 15.000001 30.000000 -60.000000
v 15.000001 2.000000 -60.000000
v -13.000000 2.000000 -60.000000
v -13.000000 30.000000 -60.000000
v 0.000002 60.000000 -60.000000
v 15.000001 60.000000 -60.000000
v -13.000000 60.000000 -60.000000
v 0.000002 90.000000 -60.000000
v 13.000002 88.511940 -60.000000
v -13.000000 90.000000 -60.000000
v 0.000002 98.815994 -60.000000
v 12.999998 98.815994 -60.000000
v -13.000000 98.815994 -60.000000
v 0.000002 122.938995 -60.000000
v 0.000002 147.061005 -60.000000
v 13.000002 147.061005 -60.000000
v 13.000002 122.938995 -60.000000
v -13.000000 122.938995 -60.000000
v -13.000000 147.061005 -60.000000
v 0.000002 171.184006 -60.000000
v 13.000002 171.184006 -60.000000
v -13.000000 171.184006 -60.000000
v -15.000000 2.000000 -48.244987
v -15.000000 30.000000 -48.244987
v -15.000000 30.000000 -57.999992
v -15.000000 2.000000 -57.999992
v -15.000000 2.000000 20.000000
v -15.000000 30.000000 20.000000
v -15.000000 30.000000 -20.000000
v -15.000000 2.000000 -20.000000
v -15.000000 2.000000 48.244980
v -15.000000 30.000000 48.244980
v -15.000000 60.000000 -48.244987
v -15.000000 60.000000 -57.999992
v -15.000000 60.000000 20.000000
v -15.000000 60.000000 -20.000000
v -15.000000 60.000000 48.244980
v -15.000000 90.000000 -48.244987
v -15.000000 90.000000 -57.999992
v -15.000000 90.000000 20.000000
v -15.000000 90.000000 -20.000000
v -15.000000 90.000000 48.244980
v -15.000000 98.815994 -48.244987
v -15.000000 98.815994 -57.999992
v -15.000000 98.815994 20.000000
v -15.000000 98.815994 -20.000000
v -15.000000 98.815994 48.244980
v -15.000000 120.000000 -48.244987
v -15.000000 150.000000 -48.244987
v -15.000000 147.561035 -57.999992
v -15.000000 122.438950 -57.999992
v -15.000000 120.000000 -20.000000
v -15.000000 120.000000 20.000000
v -15.000000 150.000000 20.000000
v -15.000000 150.000000 -20.000000
v -15.000000 120.000000 48.244980
v -15.000000 150.000000 48.244980
v -15.000000 171.184006 -48.244987
v -15.000000 171.184006 -57.999992
v -15.000000 171.184006 20.000000
v -15.000000 171.184006 -20.000000
v -15.000000 171.184006 48.244980
v 72.999985 0.000000 48.244980
v 72.999985 0.000000 58.000000
v 72.999985 0.000000 -20.000000
v 72.999985 0.000000 20.000000
v 72.999985 0.000000 -48.244987
v 72.999985 30.000000 -60.000000
v 72.999985 2.000000 -60.000000
v 72.999985 60.000000 -60.000000
v 72.999985 70.511932 -60.000000
v 16.915651 89.425308 -48.244987
v 73.084335 72.574692 -48.244987
v 73.084335 72.574692 -57.999992
v 16.915651 89.425308 -57.999992
v 16.915651 89.425308 20.000000
v 73.084335 72.574692 20.000000
v 73.084335 72.574692 -20.000000
v 16.915651 89.425308 -20.000000
v 16.915651 89.425308 48.244980
v 73.084335 72.574692 48.244980
v 72.999985 60.000000 59.999996
v 72.999985 70.511932 59.999996
v 72.999985 30.000000 59.999996
v 72.999985 2.000000 59.999996
v 15.000001 178.000000 48.244919
v 15.000001 173.183533 50.244705
v 15.000001 173.183533 20.000002
v 15.000001 178.000000 20.000000
v 15.000001 122.938965 58.000000
v 15.000001 122.938858 50.244705
v 15.000001 147.061142 50.244705
v 15.000001 147.061035 58.000000
v 14.999999 98.816071 58.000000
v 15.000001 96.816460 50.244705
v 15.000001 92.000000 -20.000000
v 15.000001 96.816460 -20.000000
v 15.000001 96.816460 20.000002
v 15.000001 92.000000 20.000000
v 15.000001 92.000000 -48.244934
v 15.000001 96.816460 -50.244705
v 15.000001 147.061035 -57.999992
v 15.000001 147.061142 -50.244705
v 15.000001 122.938858 -50.244705
v 15.000001 122.938965 -57.999992
v 15.000001 171.183929 -57.999992
v 15.000001 173.183533 -50.244705
v 15.000001 173.183533 -20.000000
v 15.000001 178.000000 -20.000000
v 13.000002 171.183533 46.244709
v 8.943222 171.183533 46.244709
v 8.943222 171.183533 20.000002
v 13.000002 171.183533 20.000002
v 13.000002 147.061172 48.244705
v 8.943222 147.061172 48.244705
v 8.943222 169.183533 48.244705
v 13.000002 169.183533 48.244705
v 13.000002 122.938828 48.244705
v 8.943222 122.938828 48.244705
v 13.000002 100.816467 48.244705
v 8.943222 100.816467 48.244705
v 13.000002 98.816467 20.000002
v 8.943222 98.816467 20.000002
v 8.943222 98.816467 46.244709
v 13.000002 98.816467 46.244709
v 13.000002 98.816467 -20.000000
v 8.943222 98.816467 -20.000000
v 13.000002 98.816467 -46.244705
v 8.943222 98.816467 -46.244705
v 13.000002 122.938828 -48.244705
v 8.943222 122.938828 -48.244705
v 8.943222 100.816467 -48.244705
v 13.000002 100.816467 -48.244705
v 13.000002 147.061172 -48.244705
v 8.943222 147.061172 -48.244705
v 13.000002 169.183533 -48.244705
v 8.943222 169.183533 -48.244705
v 13.000002 171.183533 -20.000000
v 8.943222 171.183533 -20.000000
v 8.943222 171.183533 -46.244705
v 13.000002 171.183533 -46.244705
v 0.000002 178.000000 59.999996
v -13.000000 178.000000 59.999996
v 13.000002 178.000000 59.999996
v 0.000002 178.000000 -60.000000
v 13.000002 178.000000 -60.000000
v -13.000000 178.000000 -60.000000
v -15.000000 98.815994 58.000000
v -15.000000 122.438950 58.000000
v -15.000000 178.000000 -20.000000
v -15.000000 178.000000 -48.244987
v -15.000000 178.000000 20.000000
v -15.000000 178.000000 58.000000
v -15.000000 178.000000 48.244980
v -15.000000 171.184006 58.000000
v 15.000001 171.183929 58.000000
v 15.000001 92.000000 58.000000
v 15.000001 92.000000 48.244919
v 14.999999 98.816071 -57.999992
v 15.000001 178.000000 -57.999992
v 15.000001 178.000000 -48.244934
v -13.000000 0.000000 -57.999992
v 0.000002 0.000000 -57.999992
v 15.000001 0.000000 -57.999992
v 0.000002 180.000000 -57.999992
v -13.000000 180.000000 -57.999992
v 13.000002 180.000000 -57.999992
v 74.999992 2.000000 -57.999992
v 74.999992 30.000000 -57.999992
v 74.999992 60.000000 -57.999992
v 74.999992 69.999992 -57.999992
v -15.000000 2.000000 58.000000
v -15.000000 30.000000 58.000000
v -15.000000 60.000000 58.000000
v -15.000000 90.000000 58.000000
v -15.000000 147.561035 58.000000
v 72.999985 0.000000 -57.999992
v 16.915651 89.425308 58.000000
v 73.084335 72.574692 58.000000
v 15.000001 178.000000 58.000000
v 15.000001 92.000000 -57.999992
v -15.000000 178.000000 -57.999992
v -13.875000 0.125008 58.000000
v -13.875000 0.125008 48.244980
v -14.500000 0.500000 58.000000
v -14.500000 0.500000 48.244980
v 0.000002 0.125008 58.875000
v -13.000000 0.125008 58.875000
v 0.000002 0.500000 59.500000
v -13.000000 0.500000 59.500000
v 15.000001 0.125008 58.875000
v 15.000001 0.500000 59.500000
v -13.875000 0.125008 20.000000
v -13.875000 0.125008 -20.000000
v -14.500000 0.500000 20.000000
v -14.500000 0.500000 -20.000000
v -13.875000 0.125008 -48.244987
v -14.500000 0.500000 -48.244987
v -13.000000 179.874985 58.875011
v 0.000002 179.875000 58.875000
v -13.000000 179.500000 59.500000
v 0.000002 179.500000 59.500000
v -13.875000 179.875000 48.244980
v -13.875004 179.874985 58.000000
v -14.500000 179.500000 48.244980
v -14.500000 179.500000 58.000000
v 13.000002 179.874985 58.875011
v 13.000002 179.500000 59.500000
v 13.875008 179.874985 58.000000
v 13.875004 179.875000 48.244972
v 14.500000 179.500000 58.000000
v 14.500000 179.500000 48.244965
v -13.875000 179.875000 -20.000000
v -13.875000 179.875000 20.000000
v -14.500000 179.500000 -20.000000
v -14.500000 179.500000 20.000000
v 13.875004 179.875000 20.000000
v 13.875004 179.875000 -20.000000
v 14.500000 179.500000 20.000000
v 14.500000 179.500000 -20.000000
v -13.875000 179.875000 -48.244987
v -14.500000 179.500000 -48.244987
v 13.875004 179.875000 -48.244987
v 14.500000 179.500000 -48.244972
v -13.000000 1.125008 59.874992
v 0.000002 1.125008 59.875004
v -13.875000 30.000000 59.875004
v -13.875000 2.000000 59.874992
v -14.500000 30.000000 59.500000
v -14.500000 2.000000 59.500000
v 15.000001 1.125008 59.875004
v -13.875000 60.000000 59.875004
v -14.500000 60.000000 59.500000
v -13.875000 90.000000 59.875004
v -14.500000 90.000000 59.500000
v -13.875000 98.815994 59.875004
v -14.500000 98.815994 59.500000
v 13.875000 90.037971 59.875004
v 13.874998 98.815994 59.875004
v 14.500000 91.127983 59.500000
v 14.500000 98.816010 59.500000
v -13.875000 147.092255 59.875004
v -13.875000 122.907745 59.875004
v -14.500000 147.186020 59.500000
v -14.500000 122.813988 59.500000
v 13.874998 122.938995 59.875004
v 13.874998 147.061005 59.875004
v 14.500000 122.938988 59.500000
v 14.500000 147.061005 59.500000
v -13.875000 171.184006 59.875004
v -14.500000 171.184006 59.500000
v 13.874998 171.184006 59.875004
v 14.500000 171.183990 59.500000
v 74.874985 1.125008 58.000000
v 74.874985 1.125008 48.244980
v 74.499985 0.500000 58.000000
v 74.499985 0.500000 48.244980
v 74.874992 30.000000 58.875000
v 74.874985 2.000000 58.875000
v 74.499985 30.000000 59.500000
v 74.499985 2.000000 59.500000
v 74.874992 1.125008 20.000000
v 74.874992 1.125008 -20.000000
v 74.499992 0.500000 20.000000
v 74.499992 0.500000 -20.000000
v 74.874985 1.125008 -48.244987
v 74.499985 0.500000 -48.244987
v 74.874992 60.000000 58.875000
v 74.499985 60.000000 59.500000
v 74.880249 70.910912 48.244980
v 74.880264 70.910912 58.000000
v 74.521072 71.643669 48.244980
v 74.521072 71.643669 58.000000
v 74.874985 70.031982 58.875000
v 74.499985 70.127975 59.500000
v 74.880264 70.910912 -20.000000
v 74.880264 70.910912 20.000000
v 74.521072 71.643669 -20.000000
v 74.521072 71.643669 20.000000
v 74.880249 70.910912 -48.244987
v 74.521072 71.643669 -48.244987
v 7.068224 99.941467 46.244709
v 7.068224 99.941475 20.000002
v 7.443224 99.316467 46.244709
v 7.443224 99.316467 20.000002
v 7.068224 122.938828 47.119709
v 7.068224 100.816467 47.119709
v 7.443224 122.938828 47.744713
v 7.443224 100.816467 47.744713
v 7.068224 99.941475 -20.000000
v 7.443224 99.316467 -20.000000
v 7.068224 99.941467 -46.244705
v 7.443224 99.316467 -46.244705
v 7.068224 100.816467 -47.119698
v 7.068224 122.938828 -47.119698
v 7.443224 100.816467 -47.744713
v 7.443224 122.938828 -47.744713
v 7.068224 147.061172 47.119709
v 7.443224 147.061172 47.744713
v 7.068224 147.061172 -47.119698
v 7.443224 147.061172 -47.744713
v 7.068224 170.058548 20.000002
v 7.068224 170.058533 46.244709
v 7.443224 170.683533 20.000002
v 7.443224 170.683533 46.244709
v 7.068224 169.183533 47.119709
v 7.443224 169.183533 47.744713
v 7.068224 170.058548 -20.000000
v 7.443224 170.683533 -20.000000
v 7.068224 169.183533 -47.119698
v 7.443224 169.183533 -47.744713
v 7.068224 170.058533 -46.244705
v 7.443224 170.683533 -46.244705
v 15.000001 1.125008 -59.875000
v 0.000002 1.125008 -59.875000
v 15.000001 0.500000 -59.500000
v 0.000002 0.500000 -59.500000
v -13.000000 1.125008 -59.875000
v -13.000000 0.500000 -59.500000
v -13.875000 2.000000 -59.875000
v -13.875000 30.000000 -59.875000
v -14.500000 2.000000 -59.500000
v -14.500000 30.000000 -59.500000
v -13.875000 60.000000 -59.875000
v -14.500000 60.000000 -59.500000
v -13.875000 90.000000 -59.875000
v -14.500000 90.000000 -59.500000
v 13.874998 98.815994 -59.875000
v 13.875000 90.037971 -59.875000
v 14.500000 98.816010 -59.500000
v 14.500000 91.127983 -59.500000
v -13.875000 98.815994 -59.875000
v -14.500000 98.815994 -59.500000
v 13.874998 147.061005 -59.875000
v 13.874998 122.938995 -59.875000
v 14.500000 147.061005 -59.500000
v 14.500000 122.938988 -59.500000
v -13.875000 122.907745 -59.875000
v -13.875000 147.092255 -59.875000
v -14.500000 122.813988 -59.500000
v -14.500000 147.186020 -59.500000
v 13.874998 171.184006 -59.875000
v 14.500000 171.183990 -59.500000
v -13.875000 171.184006 -59.875000
v -14.500000 171.184006 -59.500000
v -14.874996 1.125008 -57.999992
v -14.874996 1.125008 -48.244987
v -14.500000 0.500000 -57.999992
v -14.874996 30.000000 -58.875000
v -14.874996 2.000000 -58.875000
v -14.874996 1.125008 -20.000000
v -14.874996 1.125008 20.000000
v -14.874996 1.125008 48.244980
v -14.874996 60.000000 -58.875000
v -14.874996 90.000000 -58.875000
v -14.874996 98.815994 -58.875000
v -14.874996 147.342270 -58.875000
v -14.874996 122.657715 -58.875000
v -14.874996 171.184006 -58.875000
v 73.874969 0.125008 48.244980
v 73.874985 0.125008 58.000000
v 72.999985 0.125008 58.875000
v 72.999985 0.500000 59.500000
v 73.874985 0.125008 -20.000000
v 73.874985 0.125008 20.000000
v 73.874969 0.125008 -48.244987
v 73.874985 30.000000 -59.875000
v 73.874985 2.000000 -59.875000
v 74.499985 30.000000 -59.500000
v 74.499985 2.000000 -59.500000
v 72.999985 1.125008 -59.875000
v 72.999985 0.500000 -59.500000
v 73.874985 60.000000 -59.875000
v 74.499985 60.000000 -59.500000
v 14.713099 88.911530 -59.875000
v 73.036896 71.414391 -59.875000
v 15.936741 89.196960 -59.500000
v 73.063255 72.058998 -59.500000
v 73.874985 70.287956 -59.875000
v 74.499985 70.127975 -59.500000
v 16.077553 89.801727 -57.999992
v 16.077553 89.801735 -48.244987
v 15.478913 90.356323 -57.999992
v 15.478912 90.356323 -48.244972
v 73.922432 72.198265 -48.244987
v 73.922432 72.198265 -57.999992
v 74.521072 71.643669 -57.999992
v 73.079063 72.445770 -58.875000
v 16.670925 89.368217 -58.875000
v 16.077553 89.801735 -20.000000
v 16.077553 89.801735 20.000000
v 15.478912 90.356323 -20.000000
v 15.478912 90.356323 20.000000
v 73.922432 72.198265 20.000000
v 73.922432 72.198265 -20.000000
v 16.077553 89.801735 48.244972
v 15.478912 90.356323 48.244965
v 73.922432 72.198265 48.244980
v 73.874985 60.000000 59.875004
v 73.874985 70.287956 59.874992
v 73.036896 71.414391 59.874992
v 14.713097 88.911530 59.874992
v 73.063255 72.058998 59.500000
v 15.936741 89.196960 59.500000
v 73.874985 30.000000 59.875004
v 72.999985 1.125008 59.874992
v 73.874985 2.000000 59.874992
v 14.875001 178.875015 20.000000
v 14.875001 178.875015 48.244946
v 14.875001 172.308533 48.494705
v 14.875001 172.308548 20.000002
v 14.500000 171.683533 47.244713
v 14.500000 171.683533 20.000002
v 14.874999 147.061020 58.875000
v 14.874999 122.938980 58.875000
v 14.874999 122.938850 49.369705
v 14.874999 147.061142 49.369705
v 14.500000 122.938843 48.744705
v 14.500000 147.061172 48.744705
v 14.874999 98.816032 58.875000
v 14.875001 98.566452 49.369705
v 14.500000 99.816467 48.744705
v 15.119728 91.089081 20.000000
v 15.119728 91.089081 -20.000000
v 14.874999 97.691460 -20.000000
v 14.874999 97.691460 20.000002
v 14.500000 98.316467 -20.000000
v 14.500000 98.316467 20.000002
v 15.119728 91.089081 -48.244965
v 14.875001 97.691467 -48.494705
v 14.500000 98.316467 -47.244705
v 14.874999 122.938980 -58.875000
v 14.874999 147.061020 -58.875000
v 14.874999 147.061142 -49.369705
v 14.874999 122.938850 -49.369705
v 14.500000 147.061172 -48.744705
v 14.500000 122.938843 -48.744705
v 14.874999 171.183960 -58.875000
v 14.875001 171.433533 -49.369705
v 14.500000 170.183533 -48.744705
v 14.875001 178.875015 -20.000000
v 14.875001 172.308548 -20.000000
v 14.500000 171.683533 -20.000000
v 13.874994 171.308533 20.000002
v 13.874998 171.308533 46.494709
v 13.000002 171.058548 47.119709
v 8.943222 171.058548 47.119709
v 13.000002 170.683533 47.744713
v 8.943222 170.683533 47.744713
v 8.068228 171.058548 46.244709
v 8.068228 171.058548 20.000002
v 13.875000 169.433533 48.369713
v 13.874998 147.061172 48.369713
v 14.500000 170.183533 48.744705
v 8.068224 147.061172 48.119705
v 8.068224 169.183533 48.119705
v 8.943222 170.058533 48.119705
v 13.000002 170.058533 48.119705
v 13.874998 122.938828 48.369713
v 8.068224 122.938828 48.119705
v 13.875000 100.566467 48.369713
v 13.000002 99.941467 48.119705
v 8.943222 99.941467 48.119705
v 13.000002 99.316467 47.744713
v 8.943222 99.316467 47.744713
v 8.068224 100.816467 48.119705
v 13.875000 98.691467 46.494709
v 13.874998 98.691467 20.000002
v 14.500000 98.316467 47.244713
v 8.068224 98.941467 20.000002
v 8.068224 98.941467 46.244709
v 8.943222 98.941467 47.119709
v 13.000002 98.941467 47.119709
v 13.874998 98.691467 -20.000000
v 8.068224 98.941467 -20.000000
v 13.875000 98.691467 -46.494705
v 13.000002 98.941467 -47.119698
v 8.943222 98.941467 -47.119698
v 13.000002 99.316467 -47.744713
v 8.943222 99.316467 -47.744713
v 8.068224 98.941467 -46.244705
v 13.875000 100.566467 -48.369713
v 13.874998 122.938828 -48.369713
v 14.500000 99.816467 -48.744705
v 8.068224 122.938828 -48.119698
v 8.068224 100.816467 -48.119698
v 8.943222 99.941467 -48.119698
v 13.000002 99.941467 -48.119698
v 13.874998 147.061172 -48.369713
v 8.068224 147.061172 -48.119698
v 13.875000 169.433533 -48.369713
v 13.000002 170.058533 -48.119698
v 8.943222 170.058533 -48.119698
v 13.000002 170.683533 -47.744713
v 8.943222 170.683533 -47.744713
v 8.068224 169.183533 -48.119698
v 13.874998 171.308533 -46.494705
v 13.874994 171.308533 -20.000000
v 14.500000 171.683533 -47.244705
v 8.068228 171.058548 -20.000000
v 8.068228 171.058548 -46.244705
v 8.943222 171.058548 -47.119698
v 13.000002 171.058548 -47.119698
v 0.000002 178.875015 59.875004
v -13.000000 178.875015 59.874992
v -13.875000 178.000000 59.874992
v -14.500000 178.000000 59.500000
v 13.875000 178.000000 59.874992
v 14.500000 178.000000 59.500000
v 13.000002 178.875015 59.874992
v 0.000002 178.875015 -59.875000
v 13.000002 178.875015 -59.875000
v 0.000002 179.500000 -59.500000
v 13.000002 179.500000 -59.500000
v 13.875000 178.000000 -59.875000
v 14.500000 178.000000 -59.500000
v -13.875000 178.000000 -59.875000
v -14.500000 178.000000 -59.500000
v -13.000000 178.875015 -59.875000
v -13.000000 179.500000 -59.500000
v -14.874996 98.815994 58.875000
v -14.874996 122.657715 58.875000
v -14.874996 178.875015 -20.000000
v -14.874996 178.875015 -48.244987
v -14.874996 178.875015 20.000000
v -14.874996 171.184006 58.875000
v -14.874996 178.000000 58.875000
v -14.874996 178.875015 58.000000
v -14.874996 178.875015 48.244980
v 14.874999 171.183960 58.875000
v 14.875001 171.433533 49.369705
v 14.875002 91.781990 58.875000
v 15.119728 91.089081 58.000000
v 15.119728 91.089081 48.244946
v 15.478913 90.356323 58.000000
v 14.874999 98.816032 -58.875000
v 14.875001 98.566460 -49.369705
v 14.875001 178.000000 -58.875000
v 14.875001 178.875015 -57.999992
v 14.875001 178.875015 -48.244965
v 14.500000 179.500000 -57.999992
v -13.875000 0.125008 -57.999992
v -13.000000 0.125008 -58.875000
v 0.000002 0.125008 -58.875000
v 15.000001 0.125008 -58.875000
v 0.000002 179.875000 -58.875000
v -13.000000 179.874985 -58.875008
v -13.875004 179.874985 -57.999992
v -14.500000 179.500000 -57.999992
v 13.875008 179.874985 -57.999992
v 13.000002 179.874985 -58.875008
v 74.874985 1.125008 -57.999992
v 74.499985 0.500000 -57.999992
v 74.874985 2.000000 -58.875000
v 74.874992 30.000000 -58.875000
v 74.874992 60.000000 -58.875000
v 74.874985 70.031982 -58.875000
v 74.880264 70.910912 -57.999992
v -14.874996 1.125008 58.000000
v -14.874996 2.000000 58.875000
v -14.874996 30.000000 58.875000
v -14.874996 60.000000 58.875000
v -14.874996 90.000000 58.875000
v -14.874996 147.342270 58.875000
v 72.999985 0.125008 -58.875000
v 73.874985 0.125008 -57.999992
v 16.077553 89.801727 58.000000
v 16.670925 89.368217 58.875000
v 73.079063 72.445770 58.875000
v 73.922432 72.198265 58.000000
v 14.875001 178.875015 58.000000
v 14.875001 178.000000 58.875000
v 15.119728 91.089081 -57.999992
v 14.875002 91.781990 -58.875000
v 14.875001 172.308533 -48.494713
v -14.874996 178.875015 -57.999992
v -14.874996 178.000000 -58.875000
v 14.875001 97.691467 48.494705
v -13.812496 0.250000 58.812504
v -14.437496 0.562508 58.687504
v -13.687496 0.562508 59.437504
v -14.250000 0.750000 59.250000
v -13.812496 179.750000 58.812504
v -13.687489 179.437500 59.437504
v -14.437500 179.437500 58.687489
v -14.250000 179.249985 59.250004
v 13.812510 179.750000 58.812515
v 14.437500 179.437500 58.687515
v 13.687517 179.437500 59.437504
v 14.250004 179.250031 59.250004
v -13.812496 1.187500 59.749992
v -14.437496 1.312508 59.437504
v 74.749992 1.187500 58.812504
v 74.437485 0.562508 58.687504
v 74.437485 1.312508 59.437504
v 74.249992 0.750000 59.250000
v 74.754990 70.882317 58.811733
v 74.441422 70.838631 59.438560
v 74.457794 71.596581 58.686024
v 74.267960 71.455338 59.252197
v 7.193224 100.003960 47.057213
v 7.505724 99.378960 46.932213
v 7.505724 100.128967 47.682205
v 7.693222 99.566467 47.494713
v 7.193224 100.003960 -47.057205
v 7.505724 100.128967 -47.682205
v 7.505724 99.378960 -46.932213
v 7.693222 99.566467 -47.494705
v 7.193224 169.996002 47.057205
v 7.505726 169.871017 47.682205
v 7.505726 170.621033 46.932198
v 7.693228 170.433533 47.494705
v 7.193224 169.996033 -47.057205
v 7.505726 170.621033 -46.932205
v 7.505726 169.871017 -47.682205
v 7.693228 170.433533 -47.494705
v -13.812496 1.187500 -59.750000
v -14.437496 1.312508 -59.437492
v -13.687496 0.562508 -59.437492
v -14.250000 0.750000 -59.250000
v -14.750000 1.187500 -58.812500
v -14.437496 0.562508 -58.687492
v 73.812492 0.250000 58.812496
v 73.687485 0.562508 59.437504
v 73.812492 1.187500 -59.750000
v 73.687485 0.562508 -59.437492
v 74.437485 1.312508 -59.437492
v 74.249992 0.750000 -59.250000
v 73.832413 71.131279 -59.750504
v 74.441437 70.838631 -59.438553
v 73.727104 71.798706 -59.438553
v 74.267960 71.455338 -59.252197
v 15.955037 89.708351 -58.882545
v 15.356067 90.264923 -58.890083
v 15.464943 89.466476 -59.454140
v 14.987525 89.990715 -59.408279
v 73.859055 72.086479 -58.811737
v 74.457794 71.596581 -58.686020
v 73.832413 71.131279 59.750504
v 73.727104 71.798706 59.438560
v 73.812485 1.187500 59.749992
v 13.930456 171.183533 47.244877
v 13.985914 170.808517 47.869705
v 14.518387 171.558563 47.745041
v 14.536774 171.183533 48.244705
v 8.130728 170.933533 47.057205
v 8.255730 170.621033 47.682205
v 13.930456 170.183716 48.244705
v 14.518387 170.683868 48.619705
v 8.130728 169.996033 47.994705
v 13.930456 99.816299 48.244705
v 13.985914 99.191460 47.869713
v 14.518387 99.316124 48.619705
v 14.536774 98.816467 48.244705
v 8.130724 100.003960 47.994705
v 8.255724 99.378960 47.682205
v 13.930456 98.816467 47.244877
v 14.518387 98.441467 47.745045
v 8.130724 99.066467 47.057205
v 13.930456 98.816467 -47.244873
v 13.985914 99.191460 -47.869713
v 14.518387 98.441467 -47.745041
v 14.536774 98.816467 -48.244705
v 8.130724 99.066467 -47.057213
v 8.255724 99.378960 -47.682205
v 13.930458 99.816292 -48.244705
v 14.518387 99.316124 -48.619698
v 8.130724 100.003960 -47.994705
v 13.930456 170.183685 -48.244705
v 13.985914 170.808517 -47.869698
v 14.518387 170.683868 -48.619698
v 14.536774 171.183533 -48.244705
v 8.130728 169.996002 -47.994705
v 8.255730 170.621033 -47.682205
v 13.930456 171.183533 -47.244873
v 14.518387 171.558563 -47.745041
v 8.130728 170.933533 -47.057205
v -13.812496 178.812500 59.749992
v -14.437496 178.687500 59.437504
v 13.812504 178.812515 59.749992
v 14.437504 178.687515 59.437504
v 13.812508 178.812531 -59.750000
v 14.437500 178.687515 -59.437492
v 13.687511 179.437500 -59.437492
v 14.250004 179.250031 -59.250000
v -13.812504 178.812515 -59.750000
v -13.687515 179.437500 -59.437492
v -14.437496 178.687515 -59.437492
v -14.250004 179.250031 -59.250000
v -14.750000 178.812500 58.812504
v 14.995079 90.998566 58.882549
v 15.356067 90.264923 58.890083
v 14.622580 90.598633 59.454136
v 14.987525 89.990715 59.408283
v 14.750000 178.812515 -58.812500
v 14.437500 179.437500 -58.687508
v -13.812496 0.250000 -58.812500
v -13.812508 179.750000 -58.812515
v -14.437496 179.437500 -58.687508
v 13.812508 179.750000 -58.812500
v 74.749992 1.187500 -58.812500
v 74.437485 0.562508 -58.687492
v 74.754990 70.882317 -58.811752
v -14.750000 1.187500 58.812496
v 73.812485 0.250000 -58.812500
v 15.955035 89.708351 58.882542
v 15.464943 89.466476 59.454136
v 73.859039 72.086487 58.811745
v 14.750000 178.812531 58.812508
v 14.995076 90.998573 -58.882530
v 14.622580 90.598633 -59.454140
v -14.750000 178.812531 -58.812500
v 14.092918 89.325111 -59.825142
v 14.092918 89.325111 59.825142
v 14.844842 171.971939 49.033096
v 14.844842 98.028076 -49.033096
v 14.844842 171.971939 -49.033096
v 14.844840 98.028069 49.033096
v 62.837074 75.651985 0.000000
v 61.974831 75.916245 -5.693926
v 64.134537 82.963089 -5.693926
v 64.996780 82.698837 0.000000
v 59.472504 76.683151 -10.830494
v 61.632210 83.730003 -10.830494
v 55.575035 77.877640 -14.906898
v 57.734741 84.924492 -14.906898
v 50.663940 79.382782 -17.524109
v 52.823643 86.429634 -17.524109
v 45.219948 81.051247 -18.425934
v 47.379654 88.098099 -18.425934
v 39.775955 82.719711 -17.524109
v 41.935661 89.766563 -17.524109
v 34.864861 84.224854 -14.906898
v 37.024567 91.271706 -14.906898
v 30.967392 85.419342 -10.830494
v 33.127098 92.466194 -10.830494
v 28.465065 86.186249 -5.693924
v 30.624771 93.233101 -5.693924
v 27.602821 86.450508 0.000008
v 29.762527 93.497360 0.000008
v 28.465069 86.186249 5.693936
v 30.624775 93.233101 5.693936
v 30.967400 85.419342 10.830503
v 33.127106 92.466187 10.830503
v 34.864872 84.224854 14.906904
v 37.024574 91.271698 14.906904
v 39.775970 82.719704 17.524113
v 41.935677 89.766556 17.524113
v 45.219963 81.051239 18.425938
v 47.379669 88.098091 18.425938
v 50.663956 79.382774 17.524101
v 52.823662 86.429626 17.524101
v 55.575050 77.877632 14.906883
v 57.734756 84.924484 14.906883
v 59.472511 76.683144 10.830475
v 61.632217 83.729996 10.830475
v 61.974838 75.916237 5.693902
v 64.134544 82.963089 5.693902
v 61.586304 87.598434 -4.460970
v 62.261833 87.391396 0.000000
v 59.625824 88.199280 -8.485271
v 56.572311 89.135117 -11.678970
v 52.724659 90.314331 -13.729458
v 48.459503 91.621513 -14.436001
v 44.194347 92.928688 -13.729454
v 40.346695 94.107910 -11.678970
v 37.293182 95.043747 -8.485270
v 35.332703 95.644585 -4.460968
v 34.657169 95.851624 0.000004
v 35.332706 95.644585 4.460979
v 37.293186 95.043739 8.485278
v 40.346703 94.107903 11.678979
v 44.194359 92.928680 13.729460
v 48.459518 91.621506 14.436005
v 52.724674 90.314331 13.729452
v 56.572323 89.135109 11.678964
v 59.625832 88.199272 8.485254
v 61.586304 87.598434 4.460952
v 45.219952 81.051247 0.000000
v 48.459507 91.621513 -0.000002
v 64.128036 74.656654 0.000000
v 63.194386 74.942795 -6.165472
v 64.073433 77.811012 -6.165472
v 65.007080 77.524864 0.000000
v 60.484829 75.773216 -11.727423
v 61.363876 78.641434 -11.727423
v 56.264591 77.066628 -16.141418
v 57.143635 79.934845 -16.141418
v 50.946777 78.696419 -18.975368
v 51.825825 81.564636 -18.975368
v 45.051945 80.503059 -19.951889
v 45.930988 83.371277 -19.951889
v 39.157108 82.309700 -18.975368
v 40.036152 85.177910 -18.975368
v 33.839298 83.939491 -16.141418
v 34.718346 86.807701 -16.141418
v 29.619061 85.232903 -11.727423
v 30.498104 88.101112 -11.727423
v 26.909500 86.063324 -6.165468
v 27.788546 88.931534 -6.165468
v 25.975851 86.349464 0.000008
v 26.854897 89.217682 0.000008
v 26.909504 86.063324 6.165483
v 27.788549 88.931534 6.165483
v 29.619068 85.232895 11.727435
v 30.498112 88.101112 11.727435
v 33.839310 83.939484 16.141424
v 34.718353 86.807701 16.141424
v 39.157124 82.309692 18.975378
v 40.036167 85.177910 18.975378
v 45.051964 80.503052 19.951887
v 45.931007 83.371269 19.951887
v 50.946800 78.696411 18.975367
v 51.825848 81.564629 18.975367
v 56.264610 77.066620 16.141403
v 57.143654 79.934837 16.141403
v 60.484840 75.773216 11.727404
v 61.363888 78.641426 11.727404
v 63.194393 74.942795 6.165445
v 64.073441 77.811012 6.165445
v 63.675152 78.828644 -5.944857
v 64.575401 78.552742 0.000000
v 61.062553 79.629356 -11.307783
v 56.993324 80.876480 -15.563831
v 51.865799 82.447960 -18.296383
v 46.181896 84.189949 -19.237957
v 40.497990 85.931946 -18.296383
v 35.370468 87.503418 -15.563831
v 31.301239 88.750542 -11.307783
v 28.688635 89.551254 -5.944855
v 27.788393 89.827156 0.000008
v 28.688637 89.551254 5.944864
v 31.301249 88.750542 11.307798
v 35.370476 87.503410 15.563843
v 40.498005 85.931938 18.296392
v 46.181915 84.189941 19.237963
v 51.865822 82.447952 18.296381
v 56.993347 80.876472 15.563822
v 61.062569 79.629349 11.307766
v 63.675163 78.828644 5.944829
v 45.051949 80.503059 0.000000
v 46.181900 84.189949 -0.000002
v 32.594078 84.368011 48.811489
v 33.114052 86.064636 48.811489
v 33.321648 86.001007 50.182373
v 32.801674 84.304390 50.182373
v 31.991610 84.552658 47.574791
v 32.511585 86.249275 47.574791
v 31.053246 84.840248 46.593353
v 31.573221 86.536865 46.593353
v 29.870838 85.202629 45.963226
v 30.390814 86.899246 45.963226
v 28.560129 85.604332 45.746094
v 29.080105 87.300949 45.746094
v 27.249420 86.006035 45.963226
v 27.769396 87.702652 45.963226
v 26.067013 86.368416 46.593353
v 26.586988 88.065033 46.593353
v 25.128649 86.656006 47.574791
v 25.648624 88.352623 47.574791
v 24.526180 86.840652 48.811489
v 25.046158 88.537270 48.811489
v 24.318586 86.904274 50.182373
v 24.838562 88.600891 50.182373
v 24.526182 86.840645 51.553261
v 25.046158 88.537262 51.553261
v 25.128651 86.656006 52.789948
v 25.648626 88.352623 52.789948
v 26.067015 86.368416 53.771397
v 26.586990 88.065033 53.771397
v 27.249424 86.006035 54.401524
v 27.769400 87.702652 54.401524
v 28.560133 85.604332 54.618645
v 29.080109 87.300949 54.618645
v 29.870842 85.202629 54.401516
v 30.390820 86.899246 54.401516
v 31.053249 84.840248 53.771393
v 31.573227 86.536865 53.771393
v 31.991613 84.552658 52.789940
v 32.511589 86.249275 52.789940
v 32.594078 84.368011 51.553253
v 33.114056 86.064629 51.553253
v 32.500534 87.180649 49.108337
v 32.663177 87.130806 50.182373
v 32.028522 87.325310 48.139439
v 31.293352 87.550621 47.370514
v 30.366982 87.834534 46.876831
v 29.340092 88.149254 46.706726
v 28.313204 88.463974 46.876831
v 27.386833 88.747887 47.370514
v 26.651661 88.973198 48.139439
v 26.179651 89.117859 49.108337
v 26.017008 89.167709 50.182373
v 26.179653 89.117859 51.256409
v 26.651663 88.973198 52.225311
v 27.386835 88.747887 52.994228
v 28.313206 88.463974 53.487911
v 29.340096 88.149254 53.658020
v 30.366985 87.834534 53.487911
v 31.293356 87.550621 52.994228
v 32.028526 87.325310 52.225304
v 32.500534 87.180649 51.256401
v 43.410011 81.053169 48.811489
v 43.929989 82.749786 48.811489
v 44.137585 82.686165 50.182373
v 43.617607 80.989548 50.182373
v 42.807545 81.237808 47.574791
v 43.327522 82.934425 47.574791
v 41.869183 81.525398 46.593353
v 42.389156 83.222015 46.593353
v 40.686775 81.887779 45.963226
v 41.206749 83.584396 45.963226
v 39.376064 82.289482 45.746094
v 39.896042 83.986099 45.746094
v 38.065353 82.691185 45.963226
v 38.585331 84.387802 45.963226
v 36.882950 83.053574 46.593353
v 37.402924 84.750191 46.593353
v 35.944584 83.341156 47.574791
v 36.464561 85.037773 47.574791
v 35.342117 83.525803 48.811489
v 35.862091 85.222420 48.811489
v 35.134521 83.589424 50.182373
v 35.654495 85.286041 50.182373
v 35.342117 83.525803 51.553261
v 35.862095 85.222420 51.553261
v 35.944584 83.341156 52.789948
v 36.464561 85.037773 52.789948
v 36.882950 83.053566 53.771397
v 37.402927 84.750183 53.771397
v 38.065361 82.691185 54.401524
v 38.585335 84.387802 54.401524
v 39.376068 82.289482 54.618645
v 39.896046 83.986099 54.618645
v 40.686779 81.887779 54.401516
v 41.206757 83.584396 54.401516
v 41.869186 81.525398 53.771393
v 42.389160 83.222015 53.771393
v 42.807549 81.237808 52.789940
v 43.327526 82.934425 52.789940
v 43.410011 81.053169 51.553253
v 43.929989 82.749786 51.553253
v 43.316471 83.865799 49.108337
v 43.479115 83.815956 50.182373
v 42.844460 84.010460 48.139439
v 42.109287 84.235779 47.370514
v 41.182919 84.519691 46.876831
v 40.156029 84.834412 46.706726
v 39.129139 85.149124 46.876831
v 38.202766 85.433037 47.370514
v 37.467598 85.658356 48.139439
v 36.995586 85.803017 49.108337
v 36.832943 85.852859 50.182373
v 36.995590 85.803017 51.256409
v 37.467598 85.658356 52.225311
v 38.202770 85.433037 52.994228
v 39.129143 85.149124 53.487911
v 40.156033 84.834404 53.658020
v 41.182922 84.519684 53.487911
v 42.109291 84.235779 52.994228
v 42.844463 84.010460 52.225304
v 43.316471 83.865799 51.256401
v 54.225945 77.738319 48.811489
v 54.745926 79.434937 48.811489
v 54.953518 79.371315 50.182373
v 54.433540 77.674698 50.182373
v 53.623482 77.922966 47.574791
v 54.143456 79.619583 47.574791
v 52.685120 78.210548 46.593353
v 53.205093 79.907166 46.593353
v 51.502708 78.572937 45.963226
v 52.022682 80.269554 45.963226
v 50.192001 78.974640 45.746094
v 50.711975 80.671257 45.746094
v 48.881290 79.376343 45.963226
v 49.401268 81.072960 45.963226
v 47.698883 79.738724 46.593353
v 48.218861 81.435341 46.593353
v 46.760521 80.026314 47.574791
v 47.280495 81.722931 47.574791
v 46.158051 80.210953 48.811489
v 46.678028 81.907570 48.811489
v 45.950455 80.274574 50.182373
v 46.470432 81.971191 50.182373
v 46.158054 80.210953 51.553261
v 46.678032 81.907570 51.553261
v 46.760521 80.026306 52.789948
v 47.280495 81.722931 52.789948
v 47.698887 79.738724 53.771397
v 48.218864 81.435341 53.771397
v 48.881294 79.376343 54.401524
v 49.401272 81.072960 54.401524
v 50.192001 78.974640 54.618645
v 50.711975 80.671249 54.618645
v 51.502716 78.572929 54.401516
v 52.022690 80.269547 54.401516
v 52.685120 78.210548 53.771393
v 53.205097 79.907166 53.771393
v 53.623482 77.922966 52.789940
v 54.143456 79.619583 52.789940
v 54.225952 77.738319 51.553253
v 54.745926 79.434937 51.553253
v 54.132404 80.550957 49.108337
v 54.295044 80.501106 50.182373
v 53.660393 80.695618 48.139439
v 52.925224 80.920929 47.370514
v 51.998848 81.204842 46.876831
v 50.971962 81.519562 46.706726
v 49.945076 81.834282 46.876831
v 49.018700 82.118195 47.370514
v 48.283531 82.343506 48.139439
v 47.811523 82.488167 49.108337
v 47.648880 82.538010 50.182373
v 47.811523 82.488167 51.256409
v 48.283531 82.343506 52.225311
v 49.018707 82.118195 52.994228
v 49.945076 81.834282 53.487911
v 50.971966 81.519562 53.658020
v 51.998856 81.204842 53.487911
v 52.925224 80.920929 52.994228
v 53.660397 80.695618 52.225304
v 54.132404 80.550957 51.256401
v 65.041885 74.423477 48.811489
v 65.561859 76.120087 48.811489
v 65.769455 76.056465 50.182373
v 65.249481 74.359848 50.182373
v 64.439415 74.608116 47.574791
v 64.959396 76.304733 47.574791
v 63.501053 74.895706 46.593353
v 64.021027 76.592323 46.593353
v 62.318642 75.258087 45.963226
v 62.838623 76.954704 45.963226
v 61.007935 75.659790 45.746094
v 61.527916 77.356407 45.746094
v 59.697227 76.061493 45.963226
v 60.217201 77.758110 45.963226
v 58.514816 76.423874 46.593353
v 59.034790 78.120491 46.593353
v 57.576454 76.711464 47.574791
v 58.096428 78.408081 47.574791
v 56.973988 76.896103 48.811489
v 57.493965 78.592728 48.811489
v 56.766388 76.959732 50.182373
v 57.286362 78.656349 50.182373
v 56.973988 76.896103 51.553261
v 57.493965 78.592728 51.553261
v 57.576454 76.711464 52.789948
v 58.096428 78.408081 52.789948
v 58.514816 76.423874 53.771397
v 59.034790 78.120491 53.771397
v 59.697227 76.061493 54.401524
v 60.217205 77.758110 54.401524
v 61.007935 75.659790 54.618645
v 61.527916 77.356407 54.618645
v 62.318649 75.258087 54.401516
v 62.838627 76.954704 54.401516
v 63.501060 74.895706 53.771393
v 64.021034 76.592316 53.771393
v 64.439423 74.608116 52.789940
v 64.959396 76.304733 52.789940
v 65.041885 74.423477 51.553253
v 65.561859 76.120087 51.553253
v 64.948341 77.236107 49.108337
v 65.110985 77.186264 50.182373
v 64.476334 77.380768 48.139439
v 63.741158 77.606079 47.370514
v 62.814785 77.889992 46.876831
v 61.787903 78.204712 46.706726
v 60.761009 78.519432 46.876831
v 59.834641 78.803345 47.370514
v 59.099464 79.028656 48.139439
v 58.627457 79.173317 49.108337
v 58.464813 79.223167 50.182373
v 58.627457 79.173317 51.256409
v 59.099464 79.028656 52.225311
v 59.834641 78.803345 52.994228
v 60.761009 78.519432 53.487911
v 61.787903 78.204712 53.658020
v 62.814796 77.889992 53.487911
v 63.741165 77.606079 52.994228
v 64.476334 77.380768 52.225304
v 64.948341 77.236107 51.256401
v 32.594078 84.368011 33.728153
v 33.114052 86.064636 33.728153
v 33.321648 86.001007 35.099037
v 32.801674 84.304390 35.099037
v 31.991610 84.552658 32.491463
v 32.511585 86.249275 32.491463
v 31.053246 84.840248 31.510017
v 31.573221 86.536865 31.510017
v 29.870838 85.202629 30.879890
v 30.390814 86.899246 30.879890
v 28.560129 85.604332 30.662766
v 29.080105 87.300949 30.662766
v 27.249420 86.006035 30.879892
v 27.769396 87.702652 30.879892
v 26.067013 86.368416 31.510017
v 26.586988 88.065033 31.510017
v 25.128649 86.656006 32.491463
v 25.648624 88.352623 32.491463
v 24.526180 86.840652 33.728157
v 25.046158 88.537270 33.728157
v 24.318586 86.904274 35.099041
v 24.838562 88.600891 35.099041
v 24.526182 86.840645 36.469925
v 25.046158 88.537262 36.469925
v 25.128651 86.656006 37.706619
v 25.648626 88.352623 37.706619
v 26.067015 86.368416 38.688065
v 26.586990 88.065033 38.688065
v 27.249424 86.006035 39.318188
v 27.769400 87.702652 39.318188
v 28.560133 85.604332 39.535316
v 29.080109 87.300949 39.535316
v 29.870842 85.202629 39.318188
v 30.390820 86.899246 39.318188
v 31.053249 84.840248 38.688057
v 31.573227 86.536865 38.688057
v 31.991613 84.552658 37.706612
v 32.511589 86.249275 37.706612
v 32.594078 84.368011 36.469917
v 33.114056 86.064629 36.469917
v 32.500534 87.180649 34.025005
v 32.663177 87.130806 35.099037
v 32.028522 87.325310 33.056107
v 31.293352 87.550621 32.287178
v 30.366982 87.834534 31.793501
v 29.340092 88.149254 31.623390
v 28.313204 88.463974 31.793501
v 27.386833 88.747887 32.287178
v 26.651661 88.973198 33.056107
v 26.179651 89.117859 34.025005
v 26.017008 89.167709 35.099041
v 26.179653 89.117859 36.173073
v 26.651663 88.973198 37.141975
v 27.386835 88.747887 37.910900
v 28.313206 88.463974 38.404579
v 29.340096 88.149254 38.574684
v 30.366985 87.834534 38.404575
v 31.293356 87.550621 37.910896
v 32.028526 87.325310 37.141972
v 32.500534 87.180649 36.173069
v 43.410011 81.053169 33.728153
v 43.929989 82.749786 33.728153
v 44.137585 82.686165 35.099037
v 43.617607 80.989548 35.099037
v 42.807545 81.237808 32.491463
v 43.327522 82.934425 32.491463
v 41.869183 81.525398 31.510017
v 42.389156 83.222015 31.510017
v 40.686775 81.887779 30.879890
v 41.206749 83.584396 30.879890
v 39.376064 82.289482 30.662766
v 39.896042 83.986099 30.662766
v 38.065353 82.691185 30.879892
v 38.585331 84.387802 30.879892
v 36.882950 83.053574 31.510017
v 37.402924 84.750191 31.510017
v 35.944584 83.341156 32.491463
v 36.464561 85.037773 32.491463
v 35.342117 83.525803 33.728157
v 35.862091 85.222420 33.728157
v 35.134521 83.589424 35.099041
v 35.654495 85.286041 35.099041
v 35.342117 83.525803 36.469925
v 35.862095 85.222420 36.469925
v 35.944584 83.341156 37.706619
v 36.464561 85.037773 37.706619
v 36.882950 83.053566 38.688065
v 37.402927 84.750183 38.688065
v 38.065361 82.691185 39.318188
v 38.585335 84.387802 39.318188
v 39.376068 82.289482 39.535316
v 39.896046 83.986099 39.535316
v 40.686779 81.887779 39.318188
v 41.206757 83.584396 39.318188
v 41.869186 81.525398 38.688057
v 42.389160 83.222015 38.688057
v 42.807549 81.237808 37.706612
v 43.327526 82.934425 37.706612
v 43.410011 81.053169 36.469917
v 43.929989 82.749786 36.469917
v 43.316471 83.865799 34.025005
v 43.479115 83.815956 35.099037
v 42.844460 84.010460 33.056107
v 42.109287 84.235779 32.287178
v 41.182919 84.519691 31.793501
v 40.156029 84.834412 31.623390
v 39.129139 85.149124 31.793501
v 38.202766 85.433037 32.287178
v 37.467598 85.658356 33.056107
v 36.995586 85.803017 34.025005
v 36.832943 85.852859 35.099041
v 36.995590 85.803017 36.173073
v 37.467598 85.658356 37.141975
v 38.202770 85.433037 37.910900
v 39.129143 85.149124 38.404579
v 40.156033 84.834404 38.574684
v 41.182922 84.519684 38.404575
v 42.109291 84.235779 37.910896
v 42.844463 84.010460 37.141972
v 43.316471 83.865799 36.173069
v 54.225945 77.738319 33.728153
v 54.745926 79.434937 33.728153
v 54.953518 79.371315 35.099037
v 54.433540 77.674698 35.099037
v 53.623482 77.922966 32.491463
v 54.143456 79.619583 32.491463
v 52.685120 78.210548 31.510017
v 53.205093 79.907166 31.510017
v 51.502708 78.572937 30.879890
v 52.022682 80.269554 30.879890
v 50.192001 78.974640 30.662766
v 50.711975 80.671257 30.662766
v 48.881290 79.376343 30.879892
v 49.401268 81.072960 30.879892
v 47.698883 79.738724 31.510017
v 48.218861 81.435341 31.510017
v 46.760521 80.026314 32.491463
v 47.280495 81.722931 32.491463
v 46.158051 80.210953 33.728157
v 46.678028 81.907570 33.728157
v 45.950455 80.274574 35.099041
v 46.470432 81.971191 35.099041
v 46.158054 80.210953 36.469925
v 46.678032 81.907570 36.469925
v 46.760521 80.026306 37.706619
v 47.280495 81.722931 37.706619
v 47.698887 79.738724 38.688065
v 48.218864 81.435341 38.688065
v 48.881294 79.376343 39.318188
v 49.401272 81.072960 39.318188
v 50.192001 78.974640 39.535316
v 50.711975 80.671249 39.535316
v 51.502716 78.572929 39.318188
v 52.022690 80.269547 39.318188
v 52.685120 78.210548 38.688057
v 53.205097 79.907166 38.688057
v 53.623482 77.922966 37.706612
v 54.143456 79.619583 37.706612
v 54.225952 77.738319 36.469917
v 54.745926 79.434937 36.469917
v 54.132404 80.550957 34.025005
v 54.295044 80.501106 35.099037
v 53.660393 80.695618 33.056107
v 52.925224 80.920929 32.287178
v 51.998848 81.204842 31.793501
v 50.971962 81.519562 31.623390
v 49.945076 81.834282 31.793501
v 49.018700 82.118195 32.287178
v 48.283531 82.343506 33.056107
v 47.811523 82.488167 34.025005
v 47.648880 82.538010 35.099041
v 47.811523 82.488167 36.173073
v 48.283531 82.343506 37.141975
v 49.018707 82.118195 37.910900
v 49.945076 81.834282 38.404579
v 50.971966 81.519562 38.574684
v 51.998856 81.204842 38.404575
v 52.925224 80.920929 37.910896
v 53.660397 80.695618 37.141972
v 54.132404 80.550957 36.173069
v 65.041885 74.423477 33.728153
v 65.561859 76.120087 33.728153
v 65.769455 76.056465 35.099037
v 65.249481 74.359848 35.099037
v 64.439415 74.608116 32.491463
v 64.959396 76.304733 32.491463
v 63.501053 74.895706 31.510017
v 64.021027 76.592323 31.510017
v 62.318642 75.258087 30.879890
v 62.838623 76.954704 30.879890
v 61.007935 75.659790 30.662766
v 61.527916 77.356407 30.662766
v 59.697227 76.061493 30.879892
v 60.217201 77.758110 30.879892
v 58.514816 76.423874 31.510017
v 59.034790 78.120491 31.510017
v 57.576454 76.711464 32.491463
v 58.096428 78.408081 32.491463
v 56.973988 76.896103 33.728157
v 57.493965 78.592728 33.728157
v 56.766388 76.959732 35.099041
v 57.286362 78.656349 35.099041
v 56.973988 76.896103 36.469925
v 57.493965 78.592728 36.469925
v 57.576454 76.711464 37.706619
v 58.096428 78.408081 37.706619
v 58.514816 76.423874 38.688065
v 59.034790 78.120491 38.688065
v 59.697227 76.061493 39.318188
v 60.217205 77.758110 39.318188
v 61.007935 75.659790 39.535316
v 61.527916 77.356407 39.535316
v 62.318649 75.258087 39.318188
v 62.838627 76.954704 39.318188
v 63.501060 74.895706 38.688057
v 64.021034 76.592316 38.688057
v 64.439423 74.608116 37.706612
v 64.959396 76.304733 37.706612
v 65.041885 74.423477 36.469917
v 65.561859 76.120087 36.469917
v 64.948341 77.236107 34.025005
v 65.110985 77.186264 35.099037
v 64.476334 77.380768 33.056107
v 63.741158 77.606079 32.287178
v 62.814785 77.889992 31.793501
v 61.787903 78.204712 31.623390
v 60.761009 78.519432 31.793501
v 59.834641 78.803345 32.287178
v 59.099464 79.028656 33.056107
v 58.627457 79.173317 34.025005
v 58.464813 79.223167 35.099041
v 58.627457 79.173317 36.173073
v 59.099464 79.028656 37.141975
v 59.834641 78.803345 37.910900
v 60.761009 78.519432 38.404579
v 61.787903 78.204712 38.574684
v 62.814796 77.889992 38.404575
v 63.741165 77.606079 37.910896
v 64.476334 77.380768 37.141972
v 64.948341 77.236107 36.173069
v 28.560131 85.604332 50.182373
v 29.340094 88.149254 50.182373
v 39.376064 82.289482 50.182373
v 40.156029 84.834412 50.182373
v 50.192001 78.974640 50.182373
v 50.971962 81.519562 50.182373
v 61.007935 75.659790 50.182373
v 61.787903 78.204712 50.182373
v 28.560131 85.604332 35.099037
v 29.340094 88.149254 35.099037
v 39.376064 82.289482 35.099037
v 40.156029 84.834412 35.099037
v 50.192001 78.974640 35.099037
v 50.971962 81.519562 35.099037
v 61.007935 75.659790 35.099037
v 61.787903 78.204712 35.099037
v 52.500145 78.126503 -31.659275
v 60.383293 75.758858 -31.659275
v 60.383293 75.758858 -20.684597
v 52.500145 78.126503 -20.684597
v 59.919540 79.908798 -22.868427
v 59.919540 79.908798 -29.475452
v 55.173691 81.334175 -29.475452
v 55.173691 81.334175 -22.868427
v 61.172508 78.386574 -20.684597
v 53.289356 80.754219 -20.684597
v 61.172508 78.386574 -31.659275
v 53.289356 80.754219 -31.659275
v 61.171608 75.522095 -31.659275
v 69.054756 73.154457 -31.659275
v 69.054756 73.154457 -20.684597
v 61.171608 75.522095 -20.684597
v 68.591003 77.304390 -22.868427
v 68.591003 77.304390 -29.475452
v 63.845154 78.729767 -29.475452
v 63.845154 78.729767 -22.868427
v 69.843971 75.782173 -20.684597
v 61.960823 78.149811 -20.684597
v 69.843971 75.782173 -31.659275
v 61.960823 78.149811 -31.659275
v 52.500145 78.126503 -43.731426
v 60.383293 75.758858 -43.731426
v 60.383293 75.758858 -32.756744
v 52.500145 78.126503 -32.756744
v 59.919540 79.908798 -34.940575
v 59.919540 79.908798 -41.547596
v 55.173691 81.334175 -41.547596
v 55.173691 81.334175 -34.940575
v 61.172508 78.386574 -32.756744
v 53.289356 80.754219 -32.756744
v 61.172508 78.386574 -43.731426
v 53.289356 80.754219 -43.731426
v 61.171608 75.522095 -43.731426
v 69.054756 73.154457 -43.731426
v 69.054756 73.154457 -32.756744
v 61.171608 75.522095 -32.756744
v 68.591003 77.304390 -34.940575
v 68.591003 77.304390 -41.547596
v 63.845154 78.729767 -41.547596
v 63.845154 78.729767 -34.940575
v 69.843971 75.782173 -32.756744
v 61.960823 78.149811 -32.756744
v 69.843971 75.782173 -43.731426
v 61.960823 78.149811 -43.731426
v 52.500145 78.126503 -55.803574
v 60.383293 75.758858 -55.803574
v 60.383293 75.758858 -44.828896
v 52.500145 78.126503 -44.828896
v 59.919540 79.908798 -47.012726
v 59.919540 79.908798 -53.619743
v 55.173691 81.334175 -53.619743
v 55.173691 81.334175 -47.012726
v 61.172508 78.386574 -44.828896
v 53.289356 80.754219 -44.828896
v 61.172508 78.386574 -55.803574
v 53.289356 80.754219 -55.803574
v 61.171608 75.522095 -55.803574
v 69.054756 73.154457 -55.803574
v 69.054756 73.154457 -44.828896
v 61.171608 75.522095 -44.828896
v 68.591003 77.304390 -47.012726
v 68.591003 77.304390 -53.619743
v 63.845154 78.729767 -53.619743
v 63.845154 78.729767 -47.012726
v 69.843971 75.782173 -44.828896
v 61.960823 78.149811 -44.828896
v 69.843971 75.782173 -55.803574
v 61.960823 78.149811 -55.803574
v 50.680397 78.870262 -39.686165
v 49.825188 79.122223 -45.269951
v 50.659103 81.952797 -45.269951
v 51.514313 81.700844 -39.686165
v 47.343262 79.853416 -50.307159
v 48.177177 82.683998 -50.307159
v 43.477577 80.992287 -54.304710
v 44.311493 83.822868 -54.304710
v 38.606525 82.427353 -56.871300
v 39.440445 85.257927 -56.871300
v 33.206928 84.018127 -57.755692
v 34.040844 86.848701 -57.755692
v 27.807327 85.608902 -56.871300
v 28.641245 88.439484 -56.871300
v 22.936281 87.043961 -54.304710
v 23.770199 89.874542 -54.304710
v 19.070591 88.182838 -50.307159
v 19.904510 91.013412 -50.307159
v 16.588669 88.914032 -45.269951
v 17.422585 91.744614 -45.269951
v 15.733459 89.165993 -39.686161
v 16.567373 91.996567 -39.686161
v 16.588673 88.914032 -34.102371
v 17.422588 91.744614 -34.102371
v 19.070599 88.182831 -29.065159
v 19.904516 91.013412 -29.065159
v 22.936291 87.043961 -25.067608
v 23.770206 89.874535 -25.067608
v 27.807343 85.608902 -22.501022
v 28.641258 88.439476 -22.501022
v 33.206944 84.018120 -21.616646
v 34.040863 86.848701 -21.616646
v 38.606544 82.427345 -22.501034
v 39.440460 85.257919 -22.501034
v 43.477592 80.992287 -25.067627
v 44.311512 83.822861 -25.067627
v 47.343277 79.853416 -29.065186
v 48.177193 82.683990 -29.065186
v 49.825195 79.122215 -34.102398
v 50.659111 81.952789 -34.102398
v 50.302483 82.935913 -45.070160
v 51.127098 82.692978 -39.686165
v 47.909370 83.640953 -49.927124
v 44.182011 84.739067 -53.781624
v 39.485256 86.122780 -56.256378
v 34.278870 87.656639 -57.109123
v 29.072481 89.190491 -56.256378
v 24.375732 90.574203 -53.781624
v 20.648369 91.672318 -49.927124
v 18.255257 92.377357 -45.070160
v 17.430645 92.620293 -39.686161
v 18.255257 92.377357 -34.302170
v 20.648376 91.672318 -29.445206
v 24.375740 90.574196 -25.590694
v 29.072495 89.190483 -23.115952
v 34.278885 87.656631 -22.263210
v 39.485275 86.122772 -23.115959
v 44.182026 84.739067 -25.590717
v 47.909386 83.640945 -29.445236
v 50.302490 82.935913 -34.302204
v 33.206932 84.018127 -39.686165
v 49.119034 82.232140 -39.686165
v 48.378227 82.452629 -44.527267
v 33.983124 86.737061 -39.686165
v 46.228333 83.092506 -48.894485
v 42.879787 84.089134 -52.360321
v 38.660374 85.344963 -54.585541
v 33.983116 86.737061 -55.352287
v 29.305862 88.129158 -54.585541
v 25.086449 89.384987 -52.360321
v 21.737906 90.381615 -48.894485
v 19.588005 91.021492 -44.527267
v 18.847200 91.241982 -39.686161
v 19.588009 91.021492 -34.845058
v 21.737915 90.381615 -30.477844
v 25.086458 89.384979 -27.012001
v 29.305876 88.129150 -24.786793
v 33.983131 86.737053 -24.020035
v 38.660389 85.344955 -24.786804
v 42.879803 84.089127 -27.012016
v 46.228344 83.092499 -30.477871
v 48.378235 82.452621 -34.845093
v 48.673985 83.372200 -44.527267
v 49.414787 83.151718 -39.686165
v 46.524086 84.012077 -48.894485
v 43.175541 85.008705 -52.360321
v 38.956123 86.264542 -54.585541
v 34.278870 87.656631 -55.352287
v 29.601614 89.048729 -54.585541
v 25.382202 90.304558 -52.360321
v 22.033657 91.301193 -48.894485
v 19.883759 91.941071 -44.527267
v 19.142952 92.161552 -39.686161
v 19.883759 91.941071 -34.845058
v 22.033665 91.301193 -30.477844
v 25.382210 90.304558 -27.012001
v 29.601627 89.048729 -24.786793
v 34.278885 87.656631 -24.020035
v 38.956142 86.264534 -24.786804
v 43.175552 85.008705 -27.012016
v 46.524097 84.012077 -30.477871
v 48.673988 83.372200 -34.845093
v 73.500000 15.000008 50.000000
v 73.500000 15.000008 20.000000
v 76.500000 15.000008 20.000000
v 76.500000 15.000008 50.000000
v 73.500000 45.000004 50.000000
v 76.500000 45.000004 50.000000
v 76.500000 45.000004 20.000000
v 73.500000 45.000004 20.000000
v 76.199615 24.837685 45.755707
v 76.199615 24.837685 45.024017
v 76.199615 35.162315 45.024017
v 76.199615 35.162315 45.755707
v 76.500000 23.972733 44.350983
v 76.500000 23.972733 46.428734
v 76.500000 36.027267 44.350983
v 76.500000 36.027267 46.428734
v 76.500000 24.533699 44.819572
v 76.500000 24.533699 45.960144
v 76.500000 35.466305 44.819572
v 76.500000 35.466305 45.960144
v 7.700119 23.976746 84.258461
v 7.700119 25.945496 84.184547
v 11.450119 26.020828 85.187241
v 11.450119 24.014450 85.262558
v 14.195311 26.226658 87.926636
v 14.195311 24.117432 88.005821
v 15.200120 26.507820 91.668709
v 15.200120 24.258125 91.753181
v 14.195311 26.788979 95.410805
v 14.195311 24.398811 95.500542
v 11.450119 26.994808 98.150200
v 11.450119 24.501808 98.243797
v 7.700119 27.070141 99.152893
v 7.700119 24.539513 99.247894
v 3.950121 26.994808 98.150200
v 3.950121 24.501808 98.243797
v 1.204929 26.788979 95.410805
v 1.204929 24.398827 95.500534
v 0.200121 26.507820 91.668709
v 0.200121 24.258125 91.753181
v 1.204929 26.226658 87.926636
v 1.204929 24.117432 88.005821
v 3.950123 26.020828 85.187225
v 3.950123 24.014450 85.262558
v 7.700119 27.616905 83.995773
v 11.450119 27.766983 84.990028
v 14.195311 28.176987 87.706367
v 15.200120 28.737064 91.416954
v 14.195311 29.297142 95.127533
v 11.450119 29.707150 97.843872
v 7.700119 29.857220 98.838120
v 3.950121 29.707150 97.843872
v 1.204929 29.297142 95.127533
v 0.200121 28.737064 91.416954
v 1.204929 28.176987 87.706367
v 3.950123 27.766987 84.990028
v 7.700119 29.266174 83.683380
v 11.450119 29.489994 84.663673
v 14.195311 30.101467 87.341858
v 15.200120 30.936764 91.000320
v 14.195311 31.772064 94.658775
v 11.450119 32.383537 97.336967
v 7.700119 32.607361 98.317245
v 3.950121 32.383537 97.336967
v 1.204929 31.772064 94.658775
v 0.200121 30.936764 91.000320
v 1.204929 30.101471 87.341858
v 3.950123 29.489994 84.663673
v 7.700119 30.886433 83.249237
v 11.450119 31.182701 84.210106
v 14.195311 31.992126 86.835251
v 15.200120 33.097828 90.421272
v 14.195311 34.203522 94.007286
v 11.450119 35.012947 96.632431
v 7.700119 35.309219 97.593307
v 3.950121 35.012947 96.632431
v 1.204929 34.203526 94.007286
v 0.200121 33.097828 90.421272
v 1.204929 31.992126 86.835251
v 3.950123 31.182701 84.210106
v 7.700119 32.470745 82.695175
v 11.450119 32.837891 83.631271
v 14.195311 33.840942 86.188698
v 15.200120 35.211140 89.682228
v 14.195311 36.581333 93.175751
v 11.450119 37.584385 95.733177
v 7.700119 37.951527 96.669281
v 3.950121 37.584385 95.733177
v 1.204929 36.581333 93.175751
v 0.200121 35.211140 89.682228
v 1.204929 33.840942 86.188698
v 3.950123 32.837891 83.631271
v 7.700119 34.012497 82.022995
v 11.450119 34.448601 82.929024
v 14.195311 35.640049 85.404320
v 15.200120 37.267605 88.785637
v 14.195311 38.895157 92.166962
v 11.450119 40.086605 94.642258
v 7.700119 40.522709 95.548271
v 3.950121 40.086605 94.642258
v 1.204929 38.895157 92.166962
v 0.200121 37.267605 88.785637
v 1.204929 35.640049 85.404320
v 3.950123 34.448601 82.929024
v 7.700119 35.505238 81.234322
v 11.450119 36.008030 82.105103
v 14.195311 37.381680 84.484131
v 15.200120 39.258129 87.733948
v 14.195311 41.134571 90.983749
v 11.450119 42.508221 93.362785
v 7.700119 43.011013 94.233566
v 3.950121 42.508221 93.362785
v 1.204929 41.134571 90.983749
v 0.200121 39.258129 87.733948
v 1.204929 37.381680 84.484131
v 3.950123 36.008030 82.105103
v 7.700119 36.934883 80.335793
v 11.450119 37.501499 81.166458
v 14.195311 39.049534 83.435875
v 15.200120 41.164185 86.535950
v 14.195311 43.278839 89.636032
v 11.450119 44.826870 91.905449
v 7.700119 45.393494 92.736115
v 3.950121 44.826870 91.905449
v 1.204929 43.278839 89.636032
v 0.200121 41.164185 86.535950
v 1.204929 39.049534 83.435875
v 3.950123 37.501499 81.166458
v 7.700119 38.288082 79.336555
v 11.450119 38.915184 80.122551
v 14.195311 40.628483 82.269928
v 15.200120 42.968887 85.203293
v 14.195311 45.309296 88.136665
v 11.450119 47.022591 90.284035
v 7.700119 47.649704 91.070030
v 3.950121 47.022591 90.284035
v 1.204929 45.309296 88.136665
v 0.200121 42.968887 85.203293
v 1.204929 40.628483 82.269928
v 3.950123 38.915184 80.122551
v 7.700119 39.560120 78.241470
v 11.450119 40.244118 78.978485
v 14.195311 42.112843 80.992050
v 15.200120 44.665565 83.742630
v 14.195311 47.218296 86.493210
v 11.450119 49.087017 88.506775
v 7.700119 49.771015 89.243782
v 3.950121 49.087017 88.506775
v 1.204929 47.218296 86.493210
v 0.200121 44.665565 83.742630
v 1.204929 42.112843 80.992050
v 3.950123 40.244118 78.978485
v 7.700119 40.746372 77.055222
v 11.450119 41.483398 77.739212
v 14.195311 43.496971 79.607925
v 15.200120 46.247574 82.160629
v 14.195311 48.998177 84.713326
v 11.450119 51.011753 86.582031
v 7.700119 51.748775 87.266029
v 3.950121 51.011753 86.582031
v 1.204929 48.998177 84.713326
v 0.200121 46.247574 82.160629
v 1.204929 43.496971 79.607925
v 3.950123 41.483391 77.739212
v 7.700119 41.841461 75.783173
v 11.450119 42.627464 76.410278
v 14.195311 44.774849 78.123550
v 15.200120 47.708237 80.463943
v 14.195311 50.641621 82.804321
v 11.450119 52.789013 84.517601
v 7.700119 53.575005 85.144699
v 3.950121 52.789013 84.517601
v 1.204929 50.641621 82.804321
v 0.200121 47.708237 80.463943
v 1.204929 44.774849 78.123550
v 3.950123 42.627460 76.410278
v 7.700119 42.840775 74.429871
v 11.450119 43.671432 74.996506
v 14.195311 45.940834 76.544556
v 15.200120 49.040897 78.659241
v 14.195311 52.140953 80.773926
v 11.450119 54.410358 82.321976
v 7.700119 55.241016 82.888603
v 3.950121 54.410358 82.321976
v 1.204929 52.140953 80.773911
v 0.200121 49.040897 78.659241
v 1.204929 45.940834 76.544563
v 3.950121 43.671432 74.996506
v 7.700119 43.739239 73.000336
v 11.450119 44.610023 73.503113
v 14.195311 46.989067 74.876762
v 15.200120 50.238884 76.753174
v 14.195311 53.488712 78.629608
v 11.450119 55.867748 80.003235
v 7.700119 56.738537 80.506027
v 3.950117 55.867748 80.003235
v 1.204929 53.488708 78.629601
v 0.200121 50.238884 76.753174
v 1.204929 46.989067 74.876762
v 3.950121 44.610023 73.503113
v 7.700119 44.527920 71.507599
v 11.450119 45.433945 71.943695
v 14.195311 47.909256 73.135132
v 15.200120 51.290585 74.762650
v 14.195311 54.671913 76.390190
v 11.450119 57.147224 77.581619
v 7.700119 58.053246 78.017715
v 3.950117 57.147224 77.581619
v 1.204929 54.671913 76.390190
v 0.200121 51.290585 74.762665
v 1.204929 47.909256 73.135132
v 3.950121 45.433945 71.943695
v 7.700119 45.200085 69.965912
v 11.450119 46.136177 70.333038
v 14.195311 48.693630 71.336060
v 15.200120 52.187176 72.706192
v 14.195311 55.680729 74.076324
v 11.450119 58.238182 75.079346
v 7.700119 59.174271 75.446472
v 3.950117 58.238182 75.079346
v 1.204929 55.680729 74.076324
v 0.200121 52.187176 72.706192
v 1.204929 48.693630 71.336060
v 3.950121 46.136177 70.333038
v 7.700119 45.754158 68.381531
v 11.450119 46.715038 68.677795
v 14.195311 49.340191 69.487206
v 15.200119 52.926208 70.592880
v 14.195311 56.512238 71.698547
v 11.450119 59.137390 72.507965
v 7.700119 60.098259 72.804230
v 3.950117 59.137390 72.507965
v 1.204929 56.512234 71.698555
v 0.200121 52.926208 70.592880
v 1.204929 49.340191 69.487206
v 3.950121 46.715038 68.677795
v 7.700119 46.188335 66.761261
v 11.450119 47.168621 66.985062
v 14.195311 49.846802 67.596542
v 15.200119 53.505268 68.431824
v 14.195311 57.163742 69.267105
v 11.450119 59.841923 69.878571
v 7.700119 60.822205 70.102386
v 3.950117 59.841923 69.878571
v 1.204929 57.163742 69.267105
v 0.200121 53.505268 68.431824
v 1.204927 49.846802 67.596542
v 3.950121 47.168613 66.985062
v 7.700119 46.500713 65.112022
v 11.450119 47.494968 65.262085
v 14.195311 50.211304 65.672073
v 15.200119 53.921898 66.232117
v 14.195311 57.632492 66.792168
v 11.450119 60.348831 67.202148
v 7.700119 61.343079 67.352219
v 3.950117 60.348831 67.202148
v 1.204929 57.632492 66.792168
v 0.200121 53.921898 66.232117
v 1.204927 50.211304 65.672073
v 3.950121 47.494968 65.262085
v 7.700119 46.689484 63.440605
v 11.450119 47.692177 63.515930
v 14.195311 50.431576 63.721737
v 15.200117 54.173660 64.002876
v 14.195311 57.915749 64.283997
v 11.450119 60.655148 64.489815
v 7.700119 61.657837 64.565140
v 3.950117 60.655148 64.489815
v 1.204929 57.915749 64.283997
v 0.200119 54.173660 64.002876
v 1.204927 50.431576 63.721737
v 3.950121 47.692177 63.515930
v 7.700119 46.763405 61.471832
v 11.450119 47.767509 61.509521
v 14.195311 50.510765 61.612503
v 15.200117 54.258125 61.753181
v 14.195311 58.005486 61.893856
v 11.450119 60.748745 61.996834
v 7.700119 61.752846 62.034527
v 3.950117 60.748745 61.996834
v 1.204927 58.005486 61.893856
v 0.200119 54.258125 61.753181
v 1.204927 50.510765 61.612503
v 3.950121 47.767502 61.509521
v 11.450115 2.092667 85.262558
v 7.700117 2.054970 84.258461
v 14.195311 2.195656 88.005821
v 15.200117 2.336342 91.753181
v 14.195307 2.477043 95.500542
v 11.450119 2.580032 98.243797
v 7.700119 2.617729 99.247894
v 3.950117 2.580032 98.243797
v 1.204927 2.477043 95.500534
v 0.200119 2.336342 91.753181
v 1.204929 2.195656 88.005821
v 3.950121 2.092667 85.262558
v 7.700117 2.054970 83.349518
v 11.904903 2.092667 84.475395
v 11.904903 -1.406364 84.475395
v 7.700117 -1.444069 83.349518
v 14.983026 2.195656 87.551346
v 14.983026 -1.303368 87.551346
v 16.109692 2.336342 91.753181
v 16.109692 -1.162682 91.753181
v 14.983021 2.477043 95.955009
v 14.983021 -1.021988 95.955009
v 11.904907 2.580032 99.030945
v 11.904907 -0.919006 99.030945
v 7.700119 2.617729 100.156830
v 7.700119 -0.881302 100.156830
v 3.495327 2.580032 99.030945
v 3.495331 -0.919006 99.030945
v 0.417212 2.477043 95.955002
v 0.417212 -1.021988 95.955002
v -0.709455 2.336342 91.753181
v -0.709455 -1.162682 91.753181
v 0.417212 2.195656 87.551346
v 0.417212 -1.303368 87.551346
v 3.495333 2.092667 84.475395
v 3.495333 -1.406364 84.475395
v 12.031601 46.761059 61.509521
v 7.700119 45.601257 61.471832
v 7.700119 45.601257 58.225796
v 12.031601 46.761059 58.263489
v 3.368639 46.761055 61.509521
v 3.368639 46.761055 58.263489
v 0.197773 49.929688 61.612503
v 0.197769 49.929688 58.366474
v -0.962847 54.258125 61.753181
v -0.962847 54.258125 58.507149
v 0.197773 58.586559 61.893856
v 0.197773 58.586559 58.647820
v 3.368637 61.755192 61.996834
v 3.368637 61.755192 58.750801
v 7.700119 62.914989 62.034527
v 7.700119 62.914989 58.788498
v 12.031601 61.755192 61.996834
v 12.031601 61.755192 58.750801
v 15.202463 58.586559 61.893856
v 15.202463 58.586559 58.647820
v 16.363079 54.258125 61.753181
v 16.363079 54.258125 58.507149
v 15.202463 49.929688 61.612503
v 15.202463 49.929688 58.366474
v 7.700119 -1.162682 91.753181
v 7.700119 54.258125 58.507149
v 46.185226 1.661728 86.756699
v 46.185226 3.724129 86.679276
v 48.685226 3.774361 87.347725
v 48.685226 1.686867 87.426094
v 50.515350 3.911568 89.173996
v 50.515350 1.755531 89.254944
v 51.185226 4.099007 91.668709
v 51.185226 1.849319 91.753181
v 50.515350 4.286461 94.163445
v 50.515350 1.943123 94.251419
v 48.685226 4.423668 95.989708
v 48.685226 2.011772 96.080261
v 46.185226 4.473900 96.658165
v 46.185226 2.036903 96.749657
v 43.685226 4.423668 95.989708
v 43.685226 2.011772 96.080261
v 41.855099 4.286461 94.163445
v 41.855099 1.943123 94.251419
v 41.185226 4.099022 91.668709
v 41.185226 1.849319 91.753181
v 41.855099 3.911568 89.173996
v 41.855099 1.755531 89.254944
v 43.685226 3.774361 87.347725
v 43.685226 1.686867 87.426094
v 46.185226 5.581490 86.469498
v 48.685226 5.681534 87.132339
v 50.515350 5.954880 88.943230
v 51.185226 6.328255 91.416954
v 50.515350 6.701645 93.890678
v 48.685226 6.974983 95.701561
v 46.185226 7.075027 96.364403
v 43.685226 6.974983 95.701561
v 41.855099 6.701645 93.890678
v 41.185226 6.328270 91.416954
v 41.855099 5.954880 88.943230
v 43.685226 5.681534 87.132324
v 46.185226 7.414230 86.122360
v 48.685226 7.563446 86.775887
v 50.515350 7.971100 88.561340
v 51.185226 8.527962 91.000320
v 50.515350 9.084824 93.439301
v 48.685226 9.492477 95.224739
v 46.185226 9.641685 95.878273
v 43.685226 9.492477 95.224739
v 41.855099 9.084824 93.439301
v 41.185226 8.527962 91.000320
v 41.855099 7.971100 88.561340
v 43.685226 7.563446 86.775887
v 46.185226 9.214752 85.639915
v 48.685226 9.412270 86.280495
v 50.515350 9.951889 88.030586
v 51.185226 10.689018 90.421272
v 50.515350 11.426155 92.811951
v 48.685226 11.965767 94.562050
v 46.185226 12.163277 95.202621
v 43.685226 11.965767 94.562050
v 41.855099 11.426155 92.811951
v 41.185226 10.689018 90.421272
v 41.855099 9.951889 88.030586
v 43.685226 9.412270 86.280495
v 46.185226 10.975403 85.024200
v 48.685226 11.220169 85.648254
v 50.515350 11.888863 87.353203
v 51.185226 12.802338 89.682228
v 50.515350 13.715797 92.011246
v 48.685226 14.384491 93.716194
v 46.185226 14.629257 94.340256
v 43.685226 14.384491 93.716194
v 41.855099 13.715797 92.011246
v 41.185226 12.802338 89.682228
v 41.855099 11.888863 87.353203
v 43.685226 11.220169 85.648254
v 46.185226 12.688728 84.277214
v 48.685226 12.979462 84.881218
v 50.515350 13.773758 86.531425
v 51.185226 14.858795 88.785637
v 50.515350 15.943832 91.039848
v 48.685226 16.738129 92.690048
v 46.185226 17.028870 93.294060
v 43.685226 16.738129 92.690048
v 41.855099 15.943832 91.039848
v 41.185226 14.858795 88.785637
v 41.855099 13.773758 86.531425
v 43.685226 12.979462 84.881218
v 46.185226 14.347389 83.400864
v 48.685226 14.682587 83.981384
v 50.515350 15.598358 85.567406
v 51.185226 16.849319 87.733948
v 50.515350 18.100281 89.900482
v 48.685226 19.016060 91.486504
v 46.185226 19.351242 92.067032
v 43.685226 19.016060 91.486504
v 41.855099 18.100281 89.900482
v 41.185226 16.849319 87.733948
v 41.855099 15.598358 85.567406
v 43.685226 14.682587 83.981384
v 46.185226 15.935844 82.402512
v 48.685226 16.313591 82.956284
v 50.515350 17.345619 84.469231
v 51.185226 18.755379 86.535950
v 50.515350 20.165146 88.602676
v 48.685226 21.197174 90.115608
v 46.185226 21.574921 90.669395
v 43.685226 21.197174 90.115608
v 41.855099 20.165146 88.602676
v 41.185226 18.755379 86.535950
v 41.855099 17.345619 84.469231
v 43.685226 16.313591 82.956284
v 46.185226 17.439552 81.292137
v 48.685226 17.857613 81.816132
v 50.515350 18.999809 83.247711
v 51.185226 20.560081 85.203293
v 50.515350 22.120354 87.158875
v 48.685226 23.262550 88.590454
v 46.185226 23.680626 89.114449
v 43.685226 23.262550 88.590454
v 41.855099 22.120354 87.158875
v 41.185226 20.560081 85.203293
v 41.855099 18.999809 83.247711
v 43.685226 17.857613 81.816132
v 46.185226 18.853127 80.075180
v 48.685226 19.309128 80.566528
v 50.515350 20.554947 81.908905
v 51.185226 22.256760 83.742630
v 50.515350 23.958572 85.576347
v 48.685226 25.204391 86.918724
v 46.185226 25.660393 87.410065
v 43.685226 25.204391 86.918724
v 41.855099 23.958572 85.576347
v 41.185226 22.256760 83.742630
v 41.855099 20.554947 81.908905
v 43.685226 19.309128 80.566528
v 46.185226 20.171295 78.757019
v 48.685226 20.662643 79.213020
v 50.515350 22.005043 80.458817
v 51.185226 23.838776 82.160629
v 50.515350 25.672501 83.862427
v 48.685226 27.014889 85.108223
v 46.185226 27.506233 85.564224
v 43.685226 27.014889 85.108223
v 41.855099 25.672501 83.862427
v 41.185226 23.838776 82.160629
v 41.855099 22.005043 80.458817
v 43.685226 20.662643 79.213013
v 46.185226 21.388245 77.343430
v 48.685226 21.912247 77.761497
v 50.515350 23.343842 78.903687
v 51.185226 25.299435 80.463943
v 50.515350 27.255020 82.024200
v 48.685226 28.686611 83.166382
v 46.185226 29.210613 83.584457
v 43.685226 28.686611 83.166382
v 41.855099 27.255020 82.024185
v 41.185226 25.299435 80.463943
v 41.855099 23.343842 78.903687
v 43.685226 21.912247 77.761497
v 46.185226 22.498680 75.839661
v 48.685226 23.052452 76.217407
v 50.515350 24.565392 77.249451
v 51.185226 26.632092 78.659241
v 50.515350 28.698799 80.069031
v 48.685226 30.211735 81.101059
v 46.185226 30.765507 81.478813
v 43.685226 30.211727 81.101059
v 41.855099 28.698799 80.069031
v 41.185226 26.632092 78.659241
v 41.855099 24.565392 77.249451
v 43.685226 23.052452 76.217407
v 46.185226 23.496986 74.251282
v 48.685226 24.077515 74.586472
v 50.515350 25.663532 75.502228
v 51.185226 27.830078 76.753174
v 50.515350 29.996628 78.004128
v 48.685226 31.582661 78.919876
v 46.185226 32.163185 79.255081
v 43.685226 31.582661 78.919876
v 41.855099 29.996628 78.004128
v 41.185226 27.830078 76.753174
v 41.855099 25.663532 75.502228
v 43.685226 24.077515 74.586472
v 46.185226 24.373337 72.592621
v 48.685226 24.977364 72.883347
v 50.515350 26.627556 73.677643
v 51.185226 28.881779 74.762650
v 50.515350 31.136002 75.847672
v 48.685226 32.786205 76.641968
v 46.185226 33.390224 76.932701
v 43.685223 32.786205 76.641968
v 41.855099 31.136002 75.847672
v 41.185226 28.881779 74.762650
v 41.855099 26.627556 73.677643
v 43.685226 24.977348 72.883347
v 46.185223 25.120308 70.879333
v 48.685226 25.744370 71.124084
v 50.515350 27.449345 71.792770
v 51.185226 29.778374 72.706192
v 50.515350 32.107407 73.619614
v 48.685226 33.812374 74.288284
v 46.185226 34.436436 74.533035
v 43.685223 33.812374 74.288284
v 41.855099 32.107407 73.619614
v 41.185226 29.778374 72.706192
v 41.855099 27.449345 71.792770
v 43.685226 25.744370 71.124084
v 46.185223 25.736042 69.118637
v 48.685223 26.376625 69.316154
v 50.515350 28.126728 69.855759
v 51.185226 30.517406 70.592880
v 50.515350 32.908092 71.329987
v 48.685226 34.658192 71.869598
v 46.185226 35.298775 72.067108
v 43.685223 34.658192 71.869598
v 41.855099 32.908092 71.329987
v 41.185226 30.517406 70.592880
v 41.855099 28.126728 69.855759
v 43.685226 26.376621 69.316154
v 46.185223 26.218506 67.318115
v 48.685223 26.872025 67.467316
v 50.515350 28.657490 67.874969
v 51.185226 31.096466 68.431824
v 50.515350 33.535442 68.988678
v 48.685226 35.320904 69.396324
v 46.185223 35.974426 69.545532
v 43.685223 35.320904 69.396324
v 41.855099 33.535442 68.988678
v 41.185226 31.096466 68.431824
v 41.855099 28.657490 67.874969
v 43.685226 26.872025 67.467316
v 46.185223 26.565639 65.485390
v 48.685223 27.228470 65.585434
v 50.515350 29.039360 65.858749
v 51.185226 31.513092 66.232117
v 50.515350 33.986820 66.605484
v 48.685226 35.797714 66.878799
v 46.185223 36.460545 66.978851
v 43.685223 35.797714 66.878799
v 41.855099 33.986820 66.605484
v 41.185226 31.513092 66.232117
v 41.855095 29.039360 65.858749
v 43.685226 27.228470 65.585434
v 46.185223 26.775406 63.628025
v 48.685223 27.443867 63.678242
v 50.515350 29.270134 63.815449
v 51.185219 31.764858 64.002876
v 50.515350 34.259583 64.190292
v 48.685226 36.085846 64.327499
v 46.185223 36.754311 64.377716
v 43.685223 36.085846 64.327499
v 41.855095 34.259583 64.190292
v 41.185223 31.764858 64.002876
v 41.855095 29.270134 63.815449
v 43.685226 27.443867 63.678249
v 46.185223 26.852840 61.565613
v 48.685223 27.522243 61.590744
v 50.515350 29.351082 61.659397
v 51.185219 31.849319 61.753181
v 50.515350 34.347561 61.846966
v 48.685223 36.176403 61.915615
v 46.185223 36.845798 61.940742
v 43.685223 36.176403 61.915615
v 41.855095 34.347561 61.846966
v 41.185223 31.849319 61.753181
v 41.855095 29.351082 61.659397
v 43.685226 27.522243 61.590744
v 46.185223 -1.591331 86.756699
v 48.685226 -1.566193 87.426094
v 46.185226 -1.403740 91.753181
v 50.515350 -1.497543 89.254944
v 51.185226 -1.403740 91.753181
v 50.515350 -1.309959 94.251419
v 48.685226 -1.241287 96.080261
v 46.185226 -1.216156 96.749657
v 43.685226 -1.241287 96.080261
v 41.855099 -1.309952 94.251419
v 41.185226 -1.403740 91.753181
v 41.855099 -1.497543 89.254944
v 43.685226 -1.566193 87.426094
v 48.685223 27.522243 59.032204
v 46.185223 26.852840 59.007076
v 46.185223 31.849319 59.194645
v 43.685226 27.522243 59.032204
v 41.855095 29.351082 59.100861
v 41.185223 31.849319 59.194645
v 41.855095 34.347561 59.288429
v 43.685223 36.176403 59.357082
v 46.185223 36.845798 59.382210
v 48.685223 36.176403 59.357082
v 50.515350 34.347561 59.288422
v 51.185219 31.849319 59.194645
v 50.515350 29.351082 59.100861
v 49.115234 26.777973 61.590744
v 46.185223 25.993427 61.565613
v 46.185223 25.993427 59.007076
v 49.115234 26.777973 59.032204
v 43.255215 26.777962 61.590744
v 43.255215 26.777962 59.032204
v 41.110298 28.921371 61.659397
v 41.110298 28.921371 59.100861
v 40.325203 31.849319 61.753181
v 40.325203 31.849319 59.194645
v 41.110298 34.777267 61.846966
v 41.110298 34.777267 59.288429
v 43.255211 36.920677 61.915615
v 43.255211 36.920677 59.357082
v 46.185223 37.705215 61.940742
v 46.185223 37.705215 59.382210
v 49.115234 36.920677 61.915615
v 49.115234 36.920677 59.357082
v 51.260151 34.777271 61.846966
v 51.260151 34.777271 59.288422
v 52.045242 31.849319 61.753181
v 52.045242 31.849319 59.194645
v 51.260151 28.921371 61.659397
v 51.260151 28.921371 59.100861
v 46.185223 1.661728 85.422836
v 49.352623 1.686867 86.270943
v 49.352623 -1.566208 86.270943
v 46.185223 -1.591331 85.422836
v 51.671322 1.755531 88.588013
v 51.671322 -1.497543 88.588013
v 52.520027 1.849319 91.753181
v 52.520027 -1.403740 91.753181
v 51.671322 1.943108 94.918343
v 51.671322 -1.309959 94.918343
v 49.352627 2.011772 97.235413
v 49.352627 -1.241287 97.235413
v 46.185226 2.036903 98.083519
v 46.185223 -1.216156 98.083519
v 43.017822 2.011772 97.235413
v 43.017822 -1.241287 97.235413
v 40.699127 1.943123 94.918343
v 40.699127 -1.309952 94.918343
v 39.850426 1.849319 91.753181
v 39.850426 -1.403740 91.753181
v 40.699127 1.755531 88.588013
v 40.699127 -1.497543 88.588013
v 43.017826 1.686867 86.270943
v 43.017826 -1.566193 86.270943

# UV coordinates
vt 0.966238 0.433586
vt 0.966205 0.404706
vt 0.987867 0.404668
vt 0.987900 0.433522
vt 0.966186 0.371392
vt 0.987841 0.371363
vt 0.814593 0.433680
vt 0.814606 0.404779
vt 0.903463 0.404779
vt 0.903478 0.433680
vt 0.814611 0.371435
vt 0.903457 0.371435
vt 0.751833 0.433585
vt 0.751865 0.404706
vt 0.751882 0.371392
vt 0.585781 0.879624
vt 0.545905 0.879504
vt 0.546058 0.826372
vt 0.585916 0.826507
vt 0.585601 0.932734
vt 0.545747 0.932638
vt 0.430470 0.879168
vt 0.266993 0.878692
vt 0.267149 0.825562
vt 0.430624 0.826038
vt 0.430315 0.932297
vt 0.266839 0.931822
vt 0.151558 0.878356
vt 0.151715 0.825224
vt 0.151407 0.931490
vt 0.051692 0.021513
vt 0.051323 0.086948
vt 0.021094 0.086844
vt 0.021419 0.021525
vt 0.086573 0.021655
vt 0.086191 0.086974
vt 0.051540 0.157099
vt 0.021258 0.157074
vt 0.086406 0.157092
vt 0.051932 0.227027
vt 0.021610 0.227002
vt 0.082369 0.223667
vt 0.051892 0.247575
vt 0.021603 0.247522
vt 0.082192 0.247665
vt 0.051768 0.303759
vt 0.051656 0.359930
vt 0.021367 0.359888
vt 0.021492 0.303707
vt 0.082045 0.303829
vt 0.081940 0.360007
vt 0.051525 0.416107
vt 0.021254 0.416046
vt 0.081817 0.416201
vt 0.251603 0.021855
vt 0.251875 0.087106
vt 0.229095 0.087203
vt 0.229011 0.022525
vt 0.411027 0.021753
vt 0.410422 0.087212
vt 0.317578 0.087124
vt 0.317570 0.021655
vt 0.477039 0.022172
vt 0.476752 0.087344
vt 0.251573 0.156829
vt 0.228820 0.156506
vt 0.410477 0.157840
vt 0.317240 0.157337
vt 0.474482 0.089644
vt 0.474844 0.155283
vt 0.412755 0.155524
vt 0.412670 0.089559
vt 0.251102 0.180193
vt 0.228598 0.179596
vt 0.410538 0.181158
vt 0.317027 0.180669
vt 0.477105 0.157613
vt 0.477331 0.180917
vt 0.721862 0.720248
vt 0.721862 0.805977
vt 0.620158 0.805977
vt 0.620158 0.720248
vt 0.876871 0.720248
vt 0.876871 0.805977
vt 0.978576 0.720248
vt 0.978576 0.805977
vt 0.721862 0.899457
vt 0.620158 0.899457
vt 0.876871 0.899457
vt 0.978576 0.899457
vt 0.721862 0.985186
vt 0.620158 0.985186
vt 0.876871 0.985186
vt 0.978576 0.985186
vt 0.676050 0.020896
vt 0.677074 0.086383
vt 0.642270 0.086737
vt 0.641040 0.021256
vt 0.706275 0.020705
vt 0.707346 0.085995
vt 0.677585 0.156588
vt 0.642749 0.156820
vt 0.707834 0.156302
vt 0.677660 0.226514
vt 0.647186 0.223371
vt 0.707992 0.226240
vt 0.677852 0.247053
vt 0.647546 0.247367
vt 0.708147 0.246772
vt 0.678401 0.303234
vt 0.678935 0.359402
vt 0.648647 0.359710
vt 0.648123 0.303535
vt 0.708678 0.302948
vt 0.709218 0.359129
vt 0.679451 0.415576
vt 0.649181 0.415865
vt 0.709742 0.415321
vt 0.986648 0.477967
vt 0.927313 0.477826
vt 0.927361 0.457158
vt 0.986670 0.457299
vt 0.986285 0.622590
vt 0.926946 0.622435
vt 0.927169 0.537676
vt 0.986508 0.537823
vt 0.986110 0.682440
vt 0.926778 0.682284
vt 0.863745 0.477659
vt 0.863798 0.456986
vt 0.863373 0.622274
vt 0.863595 0.537512
vt 0.863212 0.682128
vt 0.800177 0.477492
vt 0.800229 0.456818
vt 0.799804 0.622114
vt 0.800025 0.537349
vt 0.799644 0.681971
vt 0.781497 0.477444
vt 0.781549 0.456770
vt 0.781127 0.622069
vt 0.781348 0.537302
vt 0.780967 0.681925
vt 0.736610 0.477333
vt 0.673042 0.477180
vt 0.678258 0.456521
vt 0.731492 0.456646
vt 0.736461 0.537189
vt 0.736241 0.621954
vt 0.672673 0.621788
vt 0.672892 0.537030
vt 0.736080 0.681810
vt 0.672511 0.681639
vt 0.628156 0.477078
vt 0.628205 0.456414
vt 0.627784 0.621669
vt 0.628003 0.536918
vt 0.627625 0.681511
vt 0.966198 0.242537
vt 0.987857 0.242520
vt 0.814608 0.242569
vt 0.903459 0.242569
vt 0.751870 0.242537
vt 0.507100 0.087515
vt 0.506978 0.022920
vt 0.507326 0.157007
vt 0.507434 0.181324
vt 0.543921 0.454992
vt 0.541388 0.228879
vt 0.578914 0.228007
vt 0.581800 0.454721
vt 0.278345 0.455168
vt 0.280733 0.229172
vt 0.433185 0.230258
vt 0.433992 0.455421
vt 0.168202 0.454386
vt 0.172894 0.226352
vt 0.221269 0.156445
vt 0.221293 0.180736
vt 0.221517 0.087234
vt 0.221666 0.022542
vt 0.169239 0.799995
vt 0.161581 0.781337
vt 0.278066 0.782021
vt 0.277991 0.800611
vt 0.131118 0.587994
vt 0.161007 0.587696
vt 0.161198 0.680576
vt 0.131273 0.680846
vt 0.131129 0.494845
vt 0.160869 0.486607
vt 0.433881 0.468685
vt 0.433724 0.487109
vt 0.278380 0.486825
vt 0.278356 0.468418
vt 0.543746 0.468452
vt 0.551077 0.487195
vt 0.579415 0.682636
vt 0.549490 0.682169
vt 0.550289 0.588835
vt 0.580181 0.589279
vt 0.578477 0.775991
vt 0.548468 0.783386
vt 0.431959 0.782864
vt 0.431888 0.801453
vt 0.180212 0.669232
vt 0.180284 0.654113
vt 0.277998 0.654219
vt 0.277981 0.669329
vt 0.410588 0.707655
vt 0.410572 0.687703
vt 0.519310 0.687636
vt 0.519404 0.707595
vt 0.291954 0.707734
vt 0.291942 0.687786
vt 0.183135 0.707827
vt 0.183205 0.687863
vt 0.282256 0.623682
vt 0.282258 0.638566
vt 0.186015 0.638568
vt 0.185962 0.623680
vt 0.429002 0.623665
vt 0.429004 0.638547
vt 0.525297 0.623637
vt 0.525246 0.638528
vt 0.414607 0.747332
vt 0.414554 0.727806
vt 0.520975 0.727535
vt 0.521104 0.747068
vt 0.298504 0.747635
vt 0.298454 0.728112
vt 0.192005 0.747933
vt 0.192036 0.728394
vt 0.426971 0.669503
vt 0.426988 0.654392
vt 0.524704 0.654515
vt 0.524739 0.669631
vt 0.051512 0.431999
vt 0.021327 0.431924
vt 0.081653 0.432024
vt 0.679621 0.431468
vt 0.649437 0.431741
vt 0.709760 0.431145
vt 0.780910 0.702600
vt 0.730854 0.702471
vt 0.613558 0.536882
vt 0.613714 0.477045
vt 0.613341 0.621631
vt 0.613144 0.702121
vt 0.613183 0.681469
vt 0.627567 0.702177
vt 0.131620 0.773804
vt 0.130259 0.467981
vt 0.168310 0.467858
vt 0.580754 0.495668
vt 0.578087 0.802200
vt 0.540666 0.801957
vt 0.730172 0.433523
vt 0.730201 0.404668
vt 0.730227 0.371363
vt 0.111683 0.878244
vt 0.111856 0.825127
vt 0.111553 0.931354
vt 0.499575 0.022879
vt 0.499541 0.087484
vt 0.499799 0.157122
vt 0.500106 0.180226
vt 0.986030 0.703095
vt 0.926717 0.702954
vt 0.863155 0.702801
vt 0.799588 0.702647
vt 0.677620 0.702326
vt 0.730211 0.242519
vt 0.130265 0.453943
vt 0.135446 0.225084
vt 0.131819 0.799982
vt 0.581778 0.468771
vt 0.613778 0.456399
vt 0.987918 0.435458
vt 0.966247 0.435551
vt 0.987989 0.437065
vt 0.966258 0.437171
vt 0.989825 0.404663
vt 0.989848 0.433525
vt 0.991443 0.404664
vt 0.991459 0.433583
vt 0.989793 0.371344
vt 0.991409 0.371334
vt 0.903479 0.435657
vt 0.814592 0.435657
vt 0.903481 0.437281
vt 0.814590 0.437281
vt 0.751825 0.435551
vt 0.751814 0.437171
vt 0.589520 0.826497
vt 0.589394 0.879634
vt 0.592493 0.826476
vt 0.592373 0.879643
vt 0.546069 0.822759
vt 0.585955 0.822908
vt 0.546078 0.819780
vt 0.586003 0.819937
vt 0.589204 0.932766
vt 0.592176 0.932805
vt 0.585617 0.936335
vt 0.545738 0.936251
vt 0.585648 0.939306
vt 0.545729 0.939229
vt 0.267159 0.821950
vt 0.430634 0.822425
vt 0.267168 0.818971
vt 0.430643 0.819447
vt 0.430304 0.935910
vt 0.266829 0.935434
vt 0.430296 0.938888
vt 0.266820 0.938413
vt 0.151724 0.821612
vt 0.151732 0.818633
vt 0.151396 0.935104
vt 0.151386 0.938083
vt 0.021398 0.019473
vt 0.051691 0.019451
vt 0.021339 0.017778
vt 0.051692 0.017753
vt 0.019035 0.086830
vt 0.019364 0.021497
vt 0.017337 0.086817
vt 0.017670 0.021433
vt 0.086618 0.019595
vt 0.086656 0.017897
vt 0.019200 0.157073
vt 0.017502 0.157072
vt 0.019551 0.227002
vt 0.017853 0.227003
vt 0.019544 0.247519
vt 0.017847 0.247517
vt 0.084413 0.227236
vt 0.084250 0.247676
vt 0.086088 0.229798
vt 0.085947 0.247684
vt 0.019308 0.359959
vt 0.019434 0.303630
vt 0.017610 0.360176
vt 0.017737 0.303409
vt 0.084103 0.303834
vt 0.083999 0.360013
vt 0.085801 0.303839
vt 0.085696 0.360019
vt 0.019193 0.416059
vt 0.017496 0.416069
vt 0.083877 0.416221
vt 0.085576 0.416239
vt 0.228828 0.020475
vt 0.251532 0.019795
vt 0.228635 0.018790
vt 0.251474 0.018098
vt 0.227020 0.087212
vt 0.226996 0.022590
vt 0.225307 0.087219
vt 0.225336 0.022613
vt 0.317555 0.019596
vt 0.411044 0.019693
vt 0.317543 0.017898
vt 0.411058 0.017996
vt 0.477108 0.020111
vt 0.477166 0.018414
vt 0.226751 0.156487
vt 0.225044 0.156473
vt 0.251037 0.182336
vt 0.228425 0.181723
vt 0.250978 0.184237
vt 0.228232 0.183607
vt 0.226594 0.179598
vt 0.224943 0.179789
vt 0.410543 0.183298
vt 0.317006 0.182810
vt 0.410546 0.185198
vt 0.316986 0.184711
vt 0.477384 0.183058
vt 0.477432 0.184958
vt 0.620158 0.716857
vt 0.721862 0.716857
vt 0.620158 0.714435
vt 0.721862 0.714435
vt 0.616767 0.805977
vt 0.616767 0.720248
vt 0.614345 0.805977
vt 0.614345 0.720248
vt 0.876871 0.716857
vt 0.876871 0.714435
vt 0.978576 0.716857
vt 0.978576 0.714435
vt 0.981966 0.720248
vt 0.981966 0.805977
vt 0.984388 0.720248
vt 0.984388 0.805977
vt 0.616767 0.899457
vt 0.614345 0.899457
vt 0.981966 0.899457
vt 0.984388 0.899457
vt 0.721862 0.988577
vt 0.620158 0.988577
vt 0.721862 0.990999
vt 0.620158 0.990999
vt 0.616767 0.985186
vt 0.614345 0.985186
vt 0.876871 0.988577
vt 0.876871 0.990999
vt 0.981966 0.985186
vt 0.984388 0.985186
vt 0.978576 0.988577
vt 0.978576 0.990999
vt 0.640980 0.019197
vt 0.676032 0.018835
vt 0.640930 0.017500
vt 0.676017 0.017136
vt 0.706279 0.018652
vt 0.706323 0.016960
vt 0.708330 0.020658
vt 0.709405 0.085962
vt 0.710025 0.020577
vt 0.711102 0.085933
vt 0.709892 0.156283
vt 0.711589 0.156267
vt 0.710051 0.226224
vt 0.711749 0.226211
vt 0.645487 0.247392
vt 0.645169 0.226953
vt 0.643790 0.247412
vt 0.643513 0.229523
vt 0.710206 0.246754
vt 0.711903 0.246739
vt 0.646588 0.359732
vt 0.646065 0.303556
vt 0.644891 0.359750
vt 0.644368 0.303573
vt 0.710735 0.302856
vt 0.711277 0.359184
vt 0.712431 0.302622
vt 0.712977 0.359389
vt 0.647121 0.415901
vt 0.645424 0.415931
vt 0.711803 0.415318
vt 0.713501 0.415316
vt 0.988514 0.457302
vt 0.988526 0.477966
vt 0.990048 0.457252
vt 0.990073 0.477963
vt 0.927373 0.455285
vt 0.986697 0.455438
vt 0.927385 0.453741
vt 0.986765 0.453903
vt 0.988385 0.537825
vt 0.988163 0.622595
vt 0.989931 0.537828
vt 0.989709 0.622600
vt 0.987986 0.682453
vt 0.989532 0.682466
vt 0.863803 0.455112
vt 0.863808 0.453567
vt 0.800233 0.454943
vt 0.800237 0.453397
vt 0.781553 0.454894
vt 0.781556 0.453349
vt 0.678723 0.454647
vt 0.731031 0.454770
vt 0.679056 0.453103
vt 0.730703 0.453224
vt 0.628201 0.454541
vt 0.628195 0.452997
vt 0.966210 0.240576
vt 0.987868 0.240572
vt 0.966217 0.238957
vt 0.987930 0.238961
vt 0.989807 0.242495
vt 0.991418 0.242425
vt 0.814604 0.240615
vt 0.903464 0.240615
vt 0.814602 0.238999
vt 0.903465 0.238999
vt 0.751858 0.240576
vt 0.751851 0.238957
vt 0.505028 0.087508
vt 0.504950 0.022971
vt 0.503320 0.087501
vt 0.503277 0.022982
vt 0.506859 0.020866
vt 0.506720 0.019175
vt 0.505263 0.157036
vt 0.503561 0.157061
vt 0.643124 0.224298
vt 0.507250 0.183415
vt 0.640141 0.225171
vt 0.507024 0.185117
vt 0.505429 0.180768
vt 0.503775 0.180400
vt 0.581876 0.458454
vt 0.543879 0.458555
vt 0.581903 0.461768
vt 0.543840 0.461720
vt 0.541347 0.225329
vt 0.578873 0.224476
vt 0.541308 0.222178
vt 0.578891 0.221335
vt 0.582313 0.227745
vt 0.585230 0.455389
vt 0.585111 0.227191
vt 0.588072 0.457617
vt 0.433962 0.458932
vt 0.278347 0.458676
vt 0.433936 0.462052
vt 0.278350 0.461792
vt 0.280780 0.225626
vt 0.433176 0.226711
vt 0.280823 0.222476
vt 0.433167 0.223561
vt 0.168226 0.457952
vt 0.168250 0.461120
vt 0.172973 0.222804
vt 0.173046 0.219655
vt 0.223338 0.156459
vt 0.223293 0.180166
vt 0.221488 0.182827
vt 0.086427 0.224567
vt 0.221725 0.184527
vt 0.089406 0.225421
vt 0.223594 0.087226
vt 0.221772 0.020489
vt 0.221900 0.018798
vt 0.223677 0.022597
vt 0.277978 0.804023
vt 0.169223 0.803410
vt 0.277968 0.806836
vt 0.169208 0.806225
vt 0.168446 0.777980
vt 0.278080 0.778608
vt 0.173388 0.775225
vt 0.278090 0.775792
vt 0.127861 0.680875
vt 0.127709 0.588025
vt 0.125048 0.680898
vt 0.124897 0.588052
vt 0.164412 0.587665
vt 0.164605 0.680539
vt 0.167222 0.587637
vt 0.167417 0.680509
vt 0.127730 0.494956
vt 0.124925 0.495055
vt 0.164265 0.493612
vt 0.167042 0.498600
vt 0.278352 0.464909
vt 0.433910 0.465172
vt 0.433698 0.490497
vt 0.278384 0.490208
vt 0.433678 0.493292
vt 0.278387 0.492999
vt 0.543797 0.464886
vt 0.544100 0.490586
vt 0.539129 0.493364
vt 0.583591 0.589330
vt 0.582826 0.682686
vt 0.586404 0.589372
vt 0.585639 0.682727
vt 0.546078 0.682113
vt 0.546888 0.588784
vt 0.543262 0.682068
vt 0.544080 0.588742
vt 0.581891 0.776054
vt 0.584705 0.776108
vt 0.545175 0.776448
vt 0.542474 0.771453
vt 0.431874 0.804864
vt 0.431863 0.807678
vt 0.431971 0.779453
vt 0.431982 0.776639
vt 0.277977 0.672621
vt 0.179272 0.672532
vt 0.277974 0.675335
vt 0.176491 0.675260
vt 0.176905 0.669100
vt 0.177026 0.654035
vt 0.174180 0.668939
vt 0.174328 0.653937
vt 0.180283 0.650824
vt 0.278002 0.650927
vt 0.180275 0.648111
vt 0.278005 0.648212
vt 0.520647 0.711955
vt 0.410590 0.712001
vt 0.524315 0.715560
vt 0.410592 0.715585
vt 0.410569 0.683356
vt 0.519314 0.683294
vt 0.410566 0.679771
vt 0.519330 0.679713
vt 0.523606 0.687542
vt 0.523775 0.707418
vt 0.527163 0.687417
vt 0.527378 0.707201
vt 0.291957 0.712080
vt 0.291959 0.715664
vt 0.291939 0.683439
vt 0.291936 0.679854
vt 0.181900 0.712189
vt 0.178239 0.715801
vt 0.178769 0.707661
vt 0.178903 0.687767
vt 0.175171 0.707455
vt 0.175340 0.687644
vt 0.183196 0.683521
vt 0.183175 0.679940
vt 0.185038 0.620428
vt 0.282256 0.620440
vt 0.182301 0.617740
vt 0.282256 0.617766
vt 0.282259 0.641809
vt 0.186011 0.641808
vt 0.282259 0.644482
vt 0.185999 0.644479
vt 0.182811 0.638636
vt 0.182701 0.623811
vt 0.180158 0.638727
vt 0.180013 0.623970
vt 0.429002 0.620423
vt 0.429001 0.617749
vt 0.429004 0.641790
vt 0.429005 0.644464
vt 0.526220 0.620385
vt 0.528955 0.617695
vt 0.528555 0.623762
vt 0.528455 0.638601
vt 0.531239 0.623917
vt 0.531112 0.638694
vt 0.525251 0.641768
vt 0.525263 0.644439
vt 0.522328 0.751333
vt 0.414619 0.751586
vt 0.525925 0.754855
vt 0.414627 0.755094
vt 0.414543 0.723551
vt 0.520970 0.723286
vt 0.414534 0.720043
vt 0.520979 0.719782
vt 0.525178 0.727435
vt 0.525381 0.746886
vt 0.528659 0.727307
vt 0.528907 0.746668
vt 0.298515 0.751888
vt 0.298524 0.755396
vt 0.298443 0.723857
vt 0.298433 0.720349
vt 0.190804 0.752204
vt 0.187228 0.755746
vt 0.187731 0.747778
vt 0.187825 0.728308
vt 0.184210 0.747583
vt 0.184338 0.728194
vt 0.192018 0.724144
vt 0.191991 0.720640
vt 0.525672 0.672934
vt 0.426967 0.672795
vt 0.528448 0.675667
vt 0.426964 0.675510
vt 0.426992 0.651100
vt 0.524713 0.651226
vt 0.426995 0.648385
vt 0.524727 0.648514
vt 0.527957 0.654450
vt 0.528049 0.669503
vt 0.530651 0.654362
vt 0.530779 0.669345
vt 0.051508 0.434062
vt 0.021308 0.433977
vt 0.051505 0.435760
vt 0.021250 0.435670
vt 0.019280 0.431956
vt 0.017588 0.432030
vt 0.083700 0.432069
vt 0.085388 0.432152
vt 0.081663 0.434078
vt 0.081715 0.435773
vt 0.679641 0.433530
vt 0.649441 0.433794
vt 0.679657 0.435229
vt 0.649403 0.435487
vt 0.647390 0.431796
vt 0.645699 0.431890
vt 0.711807 0.431167
vt 0.713496 0.431230
vt 0.709794 0.433199
vt 0.709865 0.434893
vt 0.780904 0.704476
vt 0.730383 0.704345
vt 0.780899 0.706021
vt 0.730047 0.705890
vt 0.611684 0.536876
vt 0.611839 0.477034
vt 0.610139 0.536870
vt 0.610294 0.477023
vt 0.611468 0.621626
vt 0.609923 0.621623
vt 0.627550 0.704051
vt 0.613113 0.703973
vt 0.627535 0.705596
vt 0.613040 0.705503
vt 0.611295 0.702116
vt 0.611307 0.681468
vt 0.609760 0.702164
vt 0.609761 0.681469
vt 0.128206 0.773845
vt 0.125393 0.773881
vt 0.164925 0.774450
vt 0.167665 0.769495
vt 0.126792 0.467445
vt 0.123843 0.465342
vt 0.130171 0.464281
vt 0.168276 0.464289
vt 0.130142 0.460977
vt 0.584152 0.495802
vt 0.586962 0.495921
vt 0.547634 0.494187
vt 0.544823 0.499160
vt 0.581479 0.802293
vt 0.584276 0.802444
vt 0.578091 0.805601
vt 0.540656 0.805371
vt 0.578169 0.808409
vt 0.540650 0.808185
vt 0.730155 0.435458
vt 0.730084 0.437065
vt 0.728225 0.433525
vt 0.728241 0.404663
vt 0.726614 0.433583
vt 0.726623 0.404664
vt 0.728273 0.371344
vt 0.726657 0.371333
vt 0.108069 0.878234
vt 0.108253 0.825095
vt 0.105090 0.878225
vt 0.105280 0.825057
vt 0.111839 0.821526
vt 0.111809 0.818554
vt 0.111515 0.934954
vt 0.111467 0.937924
vt 0.107950 0.931364
vt 0.104976 0.931386
vt 0.499762 0.020835
vt 0.499950 0.019155
vt 0.501605 0.022953
vt 0.501611 0.087494
vt 0.501860 0.157088
vt 0.502118 0.180218
vt 0.500270 0.182359
vt 0.500461 0.184249
vt 0.987879 0.703116
vt 0.989412 0.703189
vt 0.986030 0.704951
vt 0.926715 0.704827
vt 0.986083 0.706487
vt 0.926715 0.706372
vt 0.863149 0.704676
vt 0.863145 0.706221
vt 0.799582 0.704523
vt 0.799577 0.706068
vt 0.678074 0.704201
vt 0.678399 0.705747
vt 0.728263 0.242495
vt 0.726653 0.242425
vt 0.730201 0.240571
vt 0.730138 0.238960
vt 0.130176 0.457668
vt 0.126829 0.454595
vt 0.132049 0.224794
vt 0.123964 0.456832
vt 0.129254 0.224214
vt 0.135518 0.221554
vt 0.135527 0.218409
vt 0.131786 0.803382
vt 0.131687 0.806185
vt 0.128426 0.800047
vt 0.125621 0.800177
vt 0.581870 0.465073
vt 0.585242 0.468241
vt 0.588181 0.466120
vt 0.541621 0.779966
vt 0.536705 0.777168
vt 0.611924 0.456384
vt 0.610388 0.456319
vt 0.613768 0.454551
vt 0.613707 0.453018
vt 0.167834 0.490032
vt 0.172797 0.492835
vt 0.989729 0.435324
vt 0.989594 0.436883
vt 0.991290 0.435174
vt 0.990965 0.436543
vt 0.589297 0.823156
vt 0.592200 0.823488
vt 0.588989 0.820252
vt 0.591570 0.820901
vt 0.588960 0.936106
vt 0.588634 0.939009
vt 0.591865 0.935792
vt 0.591220 0.938375
vt 0.019504 0.019604
vt 0.019667 0.017957
vt 0.017856 0.019760
vt 0.018213 0.018307
vt 0.226917 0.020715
vt 0.226859 0.019080
vt 0.225314 0.021053
vt 0.225294 0.019605
vt 0.226528 0.181561
vt 0.224923 0.181406
vt 0.226481 0.183371
vt 0.224937 0.182958
vt 0.617009 0.717099
vt 0.617494 0.714677
vt 0.614587 0.717583
vt 0.615314 0.715404
vt 0.981725 0.717099
vt 0.984146 0.717583
vt 0.981240 0.714677
vt 0.983420 0.715404
vt 0.617009 0.988335
vt 0.614587 0.987850
vt 0.617494 0.990757
vt 0.615314 0.990030
vt 0.981725 0.988335
vt 0.981240 0.990757
vt 0.984146 0.987850
vt 0.983420 0.990030
vt 0.708174 0.018766
vt 0.709822 0.018907
vt 0.707995 0.017121
vt 0.709452 0.017457
vt 0.988420 0.455575
vt 0.989906 0.455725
vt 0.988291 0.454084
vt 0.989596 0.454410
vt 0.989674 0.240689
vt 0.991235 0.240824
vt 0.989526 0.239129
vt 0.990897 0.239454
vt 0.504922 0.021093
vt 0.504907 0.019453
vt 0.503298 0.021423
vt 0.503312 0.019976
vt 0.505368 0.182710
vt 0.503793 0.182019
vt 0.505313 0.184424
vt 0.503781 0.183573
vt 0.585322 0.458559
vt 0.585383 0.461824
vt 0.588074 0.459531
vt 0.587866 0.461860
vt 0.582011 0.224477
vt 0.584721 0.224367
vt 0.581625 0.221477
vt 0.584024 0.221819
vt 0.223357 0.182108
vt 0.223421 0.183822
vt 0.223699 0.020719
vt 0.223707 0.019077
vt 0.176347 0.672565
vt 0.173623 0.672251
vt 0.174608 0.675225
vt 0.172437 0.674678
vt 0.177257 0.650994
vt 0.177569 0.648353
vt 0.174619 0.651246
vt 0.175217 0.648904
vt 0.524509 0.711997
vt 0.526802 0.715512
vt 0.528107 0.711584
vt 0.529670 0.714790
vt 0.523309 0.683525
vt 0.526790 0.683864
vt 0.522902 0.680037
vt 0.526007 0.680771
vt 0.178040 0.712240
vt 0.174443 0.711833
vt 0.175753 0.715759
vt 0.172884 0.715042
vt 0.179200 0.683752
vt 0.179605 0.680265
vt 0.175718 0.684090
vt 0.176502 0.680998
vt 0.182156 0.620396
vt 0.180446 0.617774
vt 0.179472 0.620703
vt 0.178306 0.618312
vt 0.183031 0.641633
vt 0.180434 0.641379
vt 0.183334 0.644236
vt 0.181018 0.643687
vt 0.529100 0.620349
vt 0.531784 0.620655
vt 0.530810 0.617727
vt 0.532949 0.618263
vt 0.528232 0.641596
vt 0.527927 0.644198
vt 0.530829 0.641345
vt 0.530243 0.643652
vt 0.526108 0.751367
vt 0.528359 0.754803
vt 0.529629 0.750956
vt 0.531165 0.754091
vt 0.524881 0.723504
vt 0.528288 0.723829
vt 0.524476 0.720091
vt 0.527515 0.720804
vt 0.187027 0.752261
vt 0.183505 0.751870
vt 0.184795 0.755709
vt 0.181986 0.755013
vt 0.188108 0.724378
vt 0.188498 0.720964
vt 0.184700 0.724716
vt 0.185462 0.721688
vt 0.528598 0.672971
vt 0.530331 0.675634
vt 0.531324 0.672662
vt 0.532504 0.675092
vt 0.527737 0.651407
vt 0.530374 0.651669
vt 0.527434 0.648764
vt 0.529784 0.649325
vt 0.019417 0.433850
vt 0.017772 0.433698
vt 0.019582 0.435496
vt 0.018129 0.435149
vt 0.083553 0.433961
vt 0.083382 0.435605
vt 0.085199 0.433816
vt 0.084837 0.435265
vt 0.647550 0.433688
vt 0.645902 0.433555
vt 0.647733 0.435332
vt 0.646276 0.435002
vt 0.711682 0.433060
vt 0.711531 0.434707
vt 0.713326 0.432897
vt 0.712981 0.434350
vt 0.611388 0.703833
vt 0.609901 0.703679
vt 0.611509 0.705321
vt 0.610204 0.704988
vt 0.126689 0.464292
vt 0.126652 0.461033
vt 0.123890 0.463415
vt 0.124162 0.461070
vt 0.581224 0.805424
vt 0.580931 0.808147
vt 0.583952 0.805198
vt 0.583342 0.807595
vt 0.728344 0.435324
vt 0.726782 0.435174
vt 0.728478 0.436883
vt 0.727107 0.436543
vt 0.108496 0.821755
vt 0.108822 0.818852
vt 0.105591 0.822070
vt 0.106236 0.819486
vt 0.108173 0.934705
vt 0.105270 0.934374
vt 0.108481 0.937610
vt 0.105899 0.936961
vt 0.501684 0.021080
vt 0.501735 0.019445
vt 0.502179 0.182185
vt 0.502224 0.183998
vt 0.987745 0.704839
vt 0.987600 0.706328
vt 0.989232 0.704717
vt 0.988906 0.706021
vt 0.728395 0.240689
vt 0.728542 0.239128
vt 0.726833 0.240824
vt 0.727171 0.239454
vt 0.126722 0.457769
vt 0.123959 0.458741
vt 0.132379 0.221527
vt 0.132791 0.218529
vt 0.129669 0.221394
vt 0.130389 0.218851
vt 0.128655 0.803179
vt 0.125928 0.802932
vt 0.128927 0.805904
vt 0.126520 0.805334
vt 0.585344 0.465085
vt 0.588136 0.464199
vt 0.612046 0.454668
vt 0.612182 0.453182
vt 0.610557 0.454802
vt 0.610875 0.453498
vt 0.644590 0.225296
vt 0.641226 0.225787
vt 0.643193 0.228322
vt 0.642320 0.226968
vt 0.084976 0.225576
vt 0.086396 0.228594
vt 0.088332 0.226044
vt 0.087254 0.227233
vt 0.166312 0.776590
vt 0.171470 0.774733
vt 0.168146 0.771412
vt 0.169556 0.773325
vt 0.546254 0.492001
vt 0.541055 0.493847
vt 0.544360 0.497219
vt 0.542962 0.495279
vt 0.543770 0.778587
vt 0.541980 0.773378
vt 0.538626 0.776697
vt 0.540552 0.775293
vt 0.165666 0.491435
vt 0.167518 0.496674
vt 0.170864 0.493316
vt 0.168937 0.494740
vt 0.332667 0.010109
vt 0.363800 0.010109
vt 0.363800 0.049973
vt 0.332667 0.049973
vt 0.394963 0.010109
vt 0.394963 0.049973
vt 0.426140 0.010109
vt 0.426140 0.049973
vt 0.457331 0.010109
vt 0.457331 0.049973
vt 0.488510 0.010109
vt 0.488510 0.049973
vt 0.519665 0.010109
vt 0.519665 0.049973
vt 0.550790 0.010109
vt 0.550790 0.049973
vt 0.581795 0.010109
vt 0.581795 0.049973
vt 0.612307 0.010109
vt 0.612307 0.049973
vt 0.646103 0.010109
vt 0.646103 0.049973
vt 0.021572 0.010109
vt 0.051432 0.010109
vt 0.051432 0.049973
vt 0.021572 0.049973
vt 0.083132 0.010109
vt 0.083132 0.049973
vt 0.114797 0.010109
vt 0.114797 0.049973
vt 0.146258 0.010109
vt 0.146258 0.049973
vt 0.177508 0.010109
vt 0.177508 0.049973
vt 0.208600 0.010109
vt 0.208600 0.049973
vt 0.239575 0.010109
vt 0.239575 0.049973
vt 0.270542 0.010109
vt 0.270542 0.049973
vt 0.301574 0.010109
vt 0.301574 0.049973
vt 0.363800 0.082332
vt 0.332667 0.082332
vt 0.394963 0.082332
vt 0.426140 0.082332
vt 0.457331 0.082332
vt 0.488510 0.082332
vt 0.519665 0.082332
vt 0.550790 0.082332
vt 0.581795 0.082332
vt 0.612307 0.082332
vt 0.646103 0.082332
vt 0.051432 0.082332
vt 0.021572 0.082332
vt 0.083132 0.082332
vt 0.114797 0.082332
vt 0.146258 0.082332
vt 0.177508 0.082332
vt 0.208600 0.082332
vt 0.239575 0.082332
vt 0.270542 0.082332
vt 0.301574 0.082332
vt 0.269307 0.098827
vt 0.289833 0.095576
vt 0.289833 0.161998
vt 0.310358 0.098827
vt 0.328874 0.108261
vt 0.343569 0.122956
vt 0.353003 0.141472
vt 0.356254 0.161998
vt 0.353003 0.182523
vt 0.343569 0.201039
vt 0.328874 0.215734
vt 0.310358 0.225168
vt 0.289833 0.228419
vt 0.269307 0.225168
vt 0.250791 0.215734
vt 0.236096 0.201039
vt 0.226662 0.182523
vt 0.223411 0.161998
vt 0.226662 0.141472
vt 0.236096 0.122956
vt 0.250791 0.108261
vt 0.132465 0.160596
vt 0.163754 0.165551
vt 0.132465 0.261848
vt 0.191980 0.179933
vt 0.214380 0.202334
vt 0.228762 0.230560
vt 0.233717 0.261848
vt 0.228762 0.293137
vt 0.214380 0.321363
vt 0.191980 0.343763
vt 0.163754 0.358145
vt 0.132465 0.363101
vt 0.101176 0.358145
vt 0.072950 0.343763
vt 0.050550 0.321363
vt 0.036168 0.293137
vt 0.031212 0.261848
vt 0.036168 0.230559
vt 0.050550 0.202333
vt 0.072950 0.179933
vt 0.101176 0.165551
vt 0.297642 0.407375
vt 0.269313 0.407375
vt 0.269313 0.379452
vt 0.297642 0.379452
vt 0.240986 0.407375
vt 0.240986 0.379452
vt 0.212676 0.407375
vt 0.212676 0.379452
vt 0.184393 0.407375
vt 0.184393 0.379452
vt 0.156139 0.407375
vt 0.156139 0.379452
vt 0.127911 0.407375
vt 0.127911 0.379452
vt 0.099701 0.407375
vt 0.099701 0.379452
vt 0.071513 0.407375
vt 0.071513 0.379452
vt 0.043481 0.407375
vt 0.043481 0.379452
vt 0.015080 0.407375
vt 0.015080 0.379452
vt 0.579390 0.407375
vt 0.551305 0.407375
vt 0.551305 0.379452
vt 0.579390 0.379452
vt 0.523161 0.407375
vt 0.523161 0.379452
vt 0.495063 0.407375
vt 0.495063 0.379452
vt 0.466968 0.407375
vt 0.466968 0.379452
vt 0.438853 0.407375
vt 0.438853 0.379452
vt 0.410701 0.407375
vt 0.410701 0.379452
vt 0.382502 0.407375
vt 0.382502 0.379452
vt 0.354256 0.407375
vt 0.354256 0.379452
vt 0.325969 0.407375
vt 0.325969 0.379452
vt 0.269313 0.368548
vt 0.297642 0.368548
vt 0.240986 0.368548
vt 0.212676 0.368549
vt 0.184393 0.368549
vt 0.156139 0.368549
vt 0.127911 0.368549
vt 0.099701 0.368549
vt 0.071513 0.368549
vt 0.043481 0.368549
vt 0.015080 0.368549
vt 0.551305 0.368548
vt 0.579390 0.368548
vt 0.523161 0.368548
vt 0.495063 0.368548
vt 0.466968 0.368548
vt 0.438853 0.368548
vt 0.410701 0.368548
vt 0.382502 0.368548
vt 0.354256 0.368548
vt 0.325969 0.368548
vt 0.470872 0.671671
vt 0.467400 0.649749
vt 0.538341 0.649749
vt 0.470872 0.627827
vt 0.480949 0.608051
vt 0.496643 0.592357
vt 0.516419 0.582281
vt 0.538341 0.578809
vt 0.560262 0.582281
vt 0.580038 0.592357
vt 0.595733 0.608051
vt 0.605809 0.627827
vt 0.609281 0.649749
vt 0.605809 0.671671
vt 0.595733 0.691447
vt 0.580038 0.707141
vt 0.560262 0.717218
vt 0.538341 0.720690
vt 0.516419 0.717218
vt 0.496643 0.707141
vt 0.480949 0.691447
vt 0.402452 0.868333
vt 0.408470 0.830337
vt 0.525408 0.868333
vt 0.425934 0.796061
vt 0.453136 0.768859
vt 0.487412 0.751395
vt 0.525408 0.745377
vt 0.563403 0.751395
vt 0.597679 0.768859
vt 0.624881 0.796061
vt 0.642346 0.830337
vt 0.648363 0.868333
vt 0.642346 0.906328
vt 0.624881 0.940604
vt 0.597679 0.967806
vt 0.563403 0.985271
vt 0.525407 0.991289
vt 0.487412 0.985271
vt 0.453136 0.967806
vt 0.425934 0.940604
vt 0.408470 0.906328
vt 0.831783 0.886263
vt 0.831783 0.906754
vt 0.815630 0.906754
vt 0.815630 0.886263
vt 0.847960 0.886263
vt 0.847960 0.906754
vt 0.864155 0.886263
vt 0.864155 0.906754
vt 0.880361 0.886263
vt 0.880361 0.906754
vt 0.896563 0.886263
vt 0.896563 0.906754
vt 0.912730 0.886263
vt 0.912730 0.906754
vt 0.928819 0.886263
vt 0.928819 0.906754
vt 0.944755 0.886263
vt 0.944755 0.906754
vt 0.960376 0.886263
vt 0.960376 0.906754
vt 0.977673 0.886263
vt 0.977673 0.906754
vt 0.670750 0.886263
vt 0.670750 0.906754
vt 0.655357 0.906754
vt 0.655357 0.886263
vt 0.687029 0.886263
vt 0.687029 0.906754
vt 0.703233 0.886263
vt 0.703233 0.906754
vt 0.719316 0.886263
vt 0.719316 0.906754
vt 0.735327 0.886263
vt 0.735327 0.906754
vt 0.751324 0.886263
vt 0.751324 0.906754
vt 0.767341 0.886263
vt 0.767341 0.906754
vt 0.783395 0.886263
vt 0.783395 0.906754
vt 0.799490 0.886263
vt 0.799490 0.906754
vt 0.831783 0.923393
vt 0.815630 0.923393
vt 0.847960 0.923393
vt 0.864155 0.923393
vt 0.880361 0.923393
vt 0.896563 0.923393
vt 0.912730 0.923393
vt 0.928819 0.923393
vt 0.944755 0.923393
vt 0.960376 0.923393
vt 0.977673 0.923393
vt 0.670750 0.923393
vt 0.655357 0.923393
vt 0.687029 0.923393
vt 0.703233 0.923393
vt 0.719316 0.923393
vt 0.735327 0.923393
vt 0.751324 0.923393
vt 0.767341 0.923393
vt 0.783395 0.923393
vt 0.799490 0.923393
vt 0.831783 0.789730
vt 0.831783 0.810221
vt 0.815630 0.810221
vt 0.815630 0.789730
vt 0.847960 0.789730
vt 0.847960 0.810221
vt 0.864155 0.789730
vt 0.864155 0.810221
vt 0.880361 0.789730
vt 0.880361 0.810221
vt 0.896562 0.789730
vt 0.896562 0.810221
vt 0.912730 0.789730
vt 0.912730 0.810221
vt 0.928819 0.789730
vt 0.928819 0.810221
vt 0.944754 0.789730
vt 0.944754 0.810221
vt 0.960375 0.789730
vt 0.960375 0.810221
vt 0.977673 0.789730
vt 0.977673 0.810221
vt 0.670750 0.789730
vt 0.670750 0.810221
vt 0.655357 0.810221
vt 0.655357 0.789730
vt 0.687030 0.789730
vt 0.687030 0.810221
vt 0.703233 0.789730
vt 0.703233 0.810221
vt 0.719316 0.789730
vt 0.719316 0.810221
vt 0.735327 0.789730
vt 0.735327 0.810221
vt 0.751324 0.789730
vt 0.751324 0.810221
vt 0.767341 0.789730
vt 0.767341 0.810221
vt 0.783395 0.789730
vt 0.783395 0.810221
vt 0.799489 0.789730
vt 0.799489 0.810221
vt 0.831783 0.826860
vt 0.815630 0.826860
vt 0.847960 0.826860
vt 0.864155 0.826860
vt 0.880361 0.826860
vt 0.896562 0.826860
vt 0.912730 0.826860
vt 0.928819 0.826860
vt 0.944754 0.826860
vt 0.960375 0.826860
vt 0.977673 0.826860
vt 0.670750 0.826860
vt 0.655357 0.826860
vt 0.687030 0.826860
vt 0.703233 0.826860
vt 0.719316 0.826860
vt 0.735327 0.826860
vt 0.751324 0.826860
vt 0.767341 0.826860
vt 0.783395 0.826860
vt 0.799489 0.826860
vt 0.831783 0.695479
vt 0.831783 0.715971
vt 0.815630 0.715971
vt 0.815630 0.695479
vt 0.847961 0.695479
vt 0.847961 0.715971
vt 0.864157 0.695479
vt 0.864157 0.715971
vt 0.880362 0.695479
vt 0.880362 0.715971
vt 0.896562 0.695479
vt 0.896562 0.715971
vt 0.912730 0.695479
vt 0.912730 0.715971
vt 0.928819 0.695479
vt 0.928819 0.715971
vt 0.944755 0.695479
vt 0.944755 0.715971
vt 0.960376 0.695479
vt 0.960376 0.715971
vt 0.977673 0.695479
vt 0.977673 0.715971
vt 0.670750 0.695479
vt 0.670750 0.715971
vt 0.655357 0.715971
vt 0.655357 0.695479
vt 0.687029 0.695479
vt 0.687029 0.715971
vt 0.703233 0.695479
vt 0.703233 0.715971
vt 0.719316 0.695479
vt 0.719316 0.715971
vt 0.735327 0.695479
vt 0.735327 0.715971
vt 0.751324 0.695479
vt 0.751324 0.715971
vt 0.767341 0.695479
vt 0.767341 0.715971
vt 0.783395 0.695479
vt 0.783395 0.715971
vt 0.799489 0.695479
vt 0.799489 0.715971
vt 0.831783 0.732610
vt 0.815630 0.732610
vt 0.847961 0.732610
vt 0.864157 0.732610
vt 0.880362 0.732610
vt 0.896562 0.732610
vt 0.912730 0.732610
vt 0.928819 0.732610
vt 0.944755 0.732610
vt 0.960376 0.732610
vt 0.977673 0.732610
vt 0.670750 0.732610
vt 0.655357 0.732610
vt 0.687029 0.732610
vt 0.703233 0.732610
vt 0.719316 0.732610
vt 0.735327 0.732610
vt 0.751324 0.732610
vt 0.767341 0.732610
vt 0.783395 0.732610
vt 0.799489 0.732610
vt 0.831804 0.598969
vt 0.831804 0.619465
vt 0.815650 0.619465
vt 0.815650 0.598969
vt 0.847980 0.598969
vt 0.847980 0.619465
vt 0.864175 0.598969
vt 0.864175 0.619465
vt 0.880382 0.598969
vt 0.880382 0.619465
vt 0.896583 0.598969
vt 0.896583 0.619465
vt 0.912750 0.598969
vt 0.912750 0.619465
vt 0.928839 0.598969
vt 0.928839 0.619465
vt 0.944775 0.598969
vt 0.944775 0.619465
vt 0.960395 0.598969
vt 0.960395 0.619465
vt 0.977693 0.598969
vt 0.977693 0.619465
vt 0.670769 0.598969
vt 0.670769 0.619465
vt 0.655380 0.619465
vt 0.655380 0.598969
vt 0.687103 0.598969
vt 0.687103 0.619465
vt 0.703319 0.598969
vt 0.703319 0.619465
vt 0.719353 0.598969
vt 0.719353 0.619465
vt 0.735350 0.598969
vt 0.735350 0.619465
vt 0.751343 0.598969
vt 0.751343 0.619465
vt 0.767360 0.598969
vt 0.767360 0.619465
vt 0.783415 0.598969
vt 0.783415 0.619465
vt 0.799510 0.598969
vt 0.799510 0.619465
vt 0.831804 0.636105
vt 0.815650 0.636105
vt 0.847980 0.636105
vt 0.864175 0.636105
vt 0.880382 0.636105
vt 0.896583 0.636105
vt 0.912750 0.636105
vt 0.928839 0.636105
vt 0.944775 0.636105
vt 0.960395 0.636105
vt 0.977693 0.636105
vt 0.670769 0.636105
vt 0.655380 0.636105
vt 0.687103 0.636105
vt 0.703319 0.636105
vt 0.719353 0.636105
vt 0.735350 0.636105
vt 0.751343 0.636105
vt 0.767360 0.636105
vt 0.783415 0.636105
vt 0.799510 0.636105
vt 0.831620 0.933217
vt 0.831620 0.953709
vt 0.815466 0.953709
vt 0.815466 0.933217
vt 0.847796 0.933217
vt 0.847796 0.953709
vt 0.863991 0.933217
vt 0.863991 0.953709
vt 0.880198 0.933217
vt 0.880198 0.953709
vt 0.896399 0.933217
vt 0.896399 0.953709
vt 0.912566 0.933217
vt 0.912566 0.953709
vt 0.928655 0.933217
vt 0.928655 0.953709
vt 0.944591 0.933217
vt 0.944591 0.953709
vt 0.960211 0.933217
vt 0.960211 0.953709
vt 0.977509 0.933217
vt 0.977509 0.953709
vt 0.670586 0.933217
vt 0.670586 0.953709
vt 0.655194 0.953709
vt 0.655194 0.933217
vt 0.686866 0.933217
vt 0.686866 0.953709
vt 0.703070 0.933217
vt 0.703070 0.953709
vt 0.719153 0.933217
vt 0.719153 0.953709
vt 0.735164 0.933217
vt 0.735164 0.953709
vt 0.751161 0.933217
vt 0.751161 0.953709
vt 0.767177 0.933217
vt 0.767177 0.953709
vt 0.783232 0.933217
vt 0.783232 0.953709
vt 0.799326 0.933217
vt 0.799326 0.953709
vt 0.831620 0.970348
vt 0.815466 0.970348
vt 0.847796 0.970348
vt 0.863991 0.970348
vt 0.880198 0.970348
vt 0.896399 0.970348
vt 0.912566 0.970348
vt 0.928655 0.970348
vt 0.944591 0.970348
vt 0.960211 0.970348
vt 0.977509 0.970348
vt 0.670586 0.970348
vt 0.655194 0.970348
vt 0.686866 0.970348
vt 0.703070 0.970348
vt 0.719153 0.970348
vt 0.735164 0.970348
vt 0.751161 0.970348
vt 0.767177 0.970348
vt 0.783232 0.970348
vt 0.799326 0.970348
vt 0.831620 0.836684
vt 0.831620 0.857176
vt 0.815466 0.857176
vt 0.815466 0.836684
vt 0.847796 0.836684
vt 0.847796 0.857176
vt 0.863991 0.836684
vt 0.863991 0.857176
vt 0.880198 0.836684
vt 0.880198 0.857176
vt 0.896399 0.836684
vt 0.896399 0.857176
vt 0.912566 0.836684
vt 0.912566 0.857176
vt 0.928655 0.836684
vt 0.928655 0.857176
vt 0.944590 0.836684
vt 0.944590 0.857176
vt 0.960211 0.836684
vt 0.960211 0.857176
vt 0.977509 0.836684
vt 0.977509 0.857176
vt 0.670586 0.836684
vt 0.670586 0.857176
vt 0.655194 0.857176
vt 0.655194 0.836684
vt 0.686866 0.836684
vt 0.686866 0.857176
vt 0.703070 0.836684
vt 0.703070 0.857176
vt 0.719153 0.836684
vt 0.719153 0.857176
vt 0.735164 0.836684
vt 0.735164 0.857176
vt 0.751161 0.836684
vt 0.751161 0.857176
vt 0.767177 0.836684
vt 0.767177 0.857176
vt 0.783231 0.836684
vt 0.783231 0.857176
vt 0.799326 0.836684
vt 0.799326 0.857176
vt 0.831620 0.873815
vt 0.815466 0.873815
vt 0.847796 0.873815
vt 0.863991 0.873815
vt 0.880198 0.873815
vt 0.896399 0.873815
vt 0.912566 0.873815
vt 0.928655 0.873815
vt 0.944590 0.873815
vt 0.960211 0.873815
vt 0.977509 0.873815
vt 0.670586 0.873815
vt 0.655194 0.873815
vt 0.686866 0.873815
vt 0.703070 0.873815
vt 0.719153 0.873815
vt 0.735164 0.873815
vt 0.751161 0.873815
vt 0.767177 0.873815
vt 0.783231 0.873815
vt 0.799326 0.873815
vt 0.831619 0.742434
vt 0.831619 0.762925
vt 0.815466 0.762925
vt 0.815466 0.742434
vt 0.847796 0.742434
vt 0.847796 0.762925
vt 0.863991 0.742434
vt 0.863991 0.762925
vt 0.880197 0.742434
vt 0.880197 0.762925
vt 0.896398 0.742434
vt 0.896398 0.762925
vt 0.912565 0.742434
vt 0.912565 0.762925
vt 0.928654 0.742434
vt 0.928654 0.762925
vt 0.944590 0.742434
vt 0.944590 0.762925
vt 0.960211 0.742434
vt 0.960211 0.762925
vt 0.977509 0.742434
vt 0.977509 0.762925
vt 0.670586 0.742434
vt 0.670586 0.762925
vt 0.655194 0.762925
vt 0.655194 0.742434
vt 0.686866 0.742434
vt 0.686866 0.762925
vt 0.703070 0.742434
vt 0.703070 0.762925
vt 0.719153 0.742434
vt 0.719153 0.762925
vt 0.735164 0.742434
vt 0.735164 0.762925
vt 0.751160 0.742434
vt 0.751160 0.762925
vt 0.767177 0.742434
vt 0.767177 0.762925
vt 0.783231 0.742434
vt 0.783231 0.762925
vt 0.799326 0.742434
vt 0.799326 0.762925
vt 0.831619 0.779564
vt 0.815466 0.779564
vt 0.847796 0.779564
vt 0.863991 0.779564
vt 0.880197 0.779564
vt 0.896398 0.779564
vt 0.912565 0.779564
vt 0.928654 0.779564
vt 0.944590 0.779564
vt 0.960211 0.779564
vt 0.977509 0.779564
vt 0.670586 0.779564
vt 0.655194 0.779564
vt 0.686866 0.779564
vt 0.703070 0.779564
vt 0.719153 0.779564
vt 0.735164 0.779564
vt 0.751160 0.779564
vt 0.767177 0.779564
vt 0.783231 0.779564
vt 0.799326 0.779564
vt 0.831640 0.645923
vt 0.831640 0.666419
vt 0.815486 0.666419
vt 0.815486 0.645923
vt 0.847817 0.645923
vt 0.847817 0.666419
vt 0.864012 0.645923
vt 0.864012 0.666419
vt 0.880218 0.645923
vt 0.880218 0.666419
vt 0.896419 0.645923
vt 0.896419 0.666419
vt 0.912586 0.645923
vt 0.912586 0.666419
vt 0.928675 0.645923
vt 0.928675 0.666419
vt 0.944611 0.645923
vt 0.944611 0.666419
vt 0.960232 0.645923
vt 0.960232 0.666419
vt 0.977530 0.645923
vt 0.977530 0.666419
vt 0.670606 0.645923
vt 0.670606 0.666419
vt 0.655217 0.666419
vt 0.655217 0.645923
vt 0.686939 0.645923
vt 0.686939 0.666419
vt 0.703155 0.645923
vt 0.703155 0.666419
vt 0.719190 0.645923
vt 0.719190 0.666419
vt 0.735186 0.645923
vt 0.735186 0.666419
vt 0.751180 0.645923
vt 0.751180 0.666419
vt 0.767197 0.645923
vt 0.767197 0.666419
vt 0.783252 0.645923
vt 0.783252 0.666419
vt 0.799346 0.645923
vt 0.799346 0.666419
vt 0.831640 0.683058
vt 0.815486 0.683058
vt 0.847817 0.683058
vt 0.864012 0.683058
vt 0.880218 0.683058
vt 0.896419 0.683058
vt 0.912586 0.683058
vt 0.928675 0.683058
vt 0.944611 0.683058
vt 0.960232 0.683058
vt 0.977530 0.683058
vt 0.670606 0.683058
vt 0.655217 0.683058
vt 0.686939 0.683058
vt 0.703155 0.683058
vt 0.719190 0.683058
vt 0.735186 0.683058
vt 0.751180 0.683058
vt 0.767197 0.683058
vt 0.783252 0.683058
vt 0.799346 0.683058
vt 0.796943 0.077614
vt 0.807009 0.076020
vt 0.807009 0.108594
vt 0.817075 0.077614
vt 0.826155 0.082241
vt 0.833362 0.089447
vt 0.837988 0.098528
vt 0.839583 0.108594
vt 0.837988 0.118659
vt 0.833362 0.127740
vt 0.826155 0.134946
vt 0.817075 0.139573
vt 0.807009 0.141167
vt 0.796943 0.139573
vt 0.787863 0.134946
vt 0.780656 0.127740
vt 0.776030 0.118659
vt 0.774435 0.108594
vt 0.776030 0.098528
vt 0.780656 0.089447
vt 0.787863 0.082241
vt 0.768593 0.463949
vt 0.785196 0.466578
vt 0.768593 0.517678
vt 0.800175 0.474210
vt 0.812061 0.486097
vt 0.819693 0.501075
vt 0.822322 0.517678
vt 0.819693 0.534281
vt 0.812061 0.549259
vt 0.800175 0.561146
vt 0.785196 0.568778
vt 0.768593 0.571407
vt 0.751990 0.568778
vt 0.737012 0.561146
vt 0.725125 0.549259
vt 0.717493 0.534281
vt 0.714864 0.517678
vt 0.717494 0.501075
vt 0.725125 0.486097
vt 0.737012 0.474210
vt 0.751990 0.466578
vt 0.759185 0.018054
vt 0.769251 0.016460
vt 0.769251 0.049033
vt 0.779317 0.018054
vt 0.788397 0.022681
vt 0.795604 0.029887
vt 0.800230 0.038967
vt 0.801825 0.049033
vt 0.800230 0.059099
vt 0.795604 0.068180
vt 0.788397 0.075386
vt 0.779317 0.080013
vt 0.769251 0.081607
vt 0.759185 0.080013
vt 0.750105 0.075386
vt 0.742898 0.068180
vt 0.738272 0.059099
vt 0.736677 0.049033
vt 0.738272 0.038967
vt 0.742898 0.029887
vt 0.750105 0.022681
vt 0.694958 0.373162
vt 0.711561 0.375792
vt 0.694958 0.426892
vt 0.726539 0.383424
vt 0.738426 0.395310
vt 0.746057 0.410288
vt 0.748687 0.426892
vt 0.746057 0.443495
vt 0.738426 0.458473
vt 0.726539 0.470360
vt 0.711561 0.477991
vt 0.694958 0.480621
vt 0.678354 0.477991
vt 0.663377 0.470360
vt 0.651490 0.458473
vt 0.643858 0.443495
vt 0.641228 0.426892
vt 0.643858 0.410288
vt 0.651490 0.395310
vt 0.663377 0.383424
vt 0.678355 0.375792
vt 0.950976 0.078238
vt 0.961042 0.076644
vt 0.961042 0.109217
vt 0.971108 0.078238
vt 0.980188 0.082865
vt 0.987394 0.090071
vt 0.992021 0.099151
vt 0.993615 0.109217
vt 0.992021 0.119283
vt 0.987395 0.128364
vt 0.980188 0.135570
vt 0.971108 0.140197
vt 0.961042 0.141791
vt 0.950976 0.140197
vt 0.941895 0.135570
vt 0.934689 0.128364
vt 0.930062 0.119283
vt 0.928468 0.109217
vt 0.930062 0.099152
vt 0.934689 0.090071
vt 0.941895 0.082865
vt 0.697670 0.248554
vt 0.714273 0.251184
vt 0.697670 0.302284
vt 0.729252 0.258816
vt 0.741138 0.270703
vt 0.748770 0.285680
vt 0.751399 0.302284
vt 0.748770 0.318887
vt 0.741138 0.333865
vt 0.729252 0.345752
vt 0.714273 0.353383
vt 0.697670 0.356013
vt 0.681067 0.353383
vt 0.666089 0.345752
vt 0.654202 0.333865
vt 0.646570 0.318887
vt 0.643941 0.302284
vt 0.646571 0.285680
vt 0.654202 0.270703
vt 0.666089 0.258816
vt 0.681067 0.251184
vt 0.913218 0.014325
vt 0.923284 0.012731
vt 0.923284 0.045305
vt 0.933349 0.014325
vt 0.942430 0.018952
vt 0.949636 0.026158
vt 0.954263 0.035239
vt 0.955857 0.045305
vt 0.954263 0.055370
vt 0.949637 0.064451
vt 0.942430 0.071657
vt 0.933349 0.076284
vt 0.923284 0.077878
vt 0.913218 0.076284
vt 0.904137 0.071657
vt 0.896931 0.064451
vt 0.892304 0.055371
vt 0.890710 0.045305
vt 0.892304 0.035239
vt 0.896931 0.026158
vt 0.904137 0.018952
vt 0.774178 0.153453
vt 0.790781 0.156083
vt 0.774178 0.207183
vt 0.805759 0.163715
vt 0.817646 0.175601
vt 0.825277 0.190579
vt 0.827907 0.207183
vt 0.825277 0.223786
vt 0.817646 0.238764
vt 0.805759 0.250650
vt 0.790781 0.258282
vt 0.774178 0.260912
vt 0.757574 0.258282
vt 0.742597 0.250650
vt 0.730710 0.238764
vt 0.723078 0.223786
vt 0.720448 0.207183
vt 0.723078 0.190579
vt 0.730710 0.175601
vt 0.742597 0.163715
vt 0.757575 0.156083
vt 0.719157 0.077614
vt 0.729223 0.076020
vt 0.729223 0.108594
vt 0.739289 0.077614
vt 0.748370 0.082241
vt 0.755576 0.089447
vt 0.760203 0.098528
vt 0.761797 0.108594
vt 0.760203 0.118659
vt 0.755576 0.127740
vt 0.748370 0.134946
vt 0.739289 0.139573
vt 0.729223 0.141167
vt 0.719157 0.139573
vt 0.710077 0.134946
vt 0.702871 0.127740
vt 0.698244 0.118659
vt 0.696649 0.108594
vt 0.698244 0.098528
vt 0.702871 0.089447
vt 0.710077 0.082241
vt 0.913178 0.463949
vt 0.929781 0.466578
vt 0.913178 0.517678
vt 0.944759 0.474210
vt 0.956646 0.486097
vt 0.964277 0.501075
vt 0.966907 0.517678
vt 0.964277 0.534281
vt 0.956646 0.549259
vt 0.944759 0.561146
vt 0.929781 0.568778
vt 0.913178 0.571407
vt 0.896574 0.568778
vt 0.881596 0.561146
vt 0.869710 0.549259
vt 0.862078 0.534281
vt 0.859448 0.517678
vt 0.862078 0.501075
vt 0.869710 0.486097
vt 0.881596 0.474210
vt 0.896575 0.466578
vt 0.681399 0.018054
vt 0.691465 0.016460
vt 0.691465 0.049033
vt 0.701531 0.018054
vt 0.710612 0.022681
vt 0.717818 0.029887
vt 0.722445 0.038967
vt 0.724039 0.049033
vt 0.722445 0.059099
vt 0.717818 0.068180
vt 0.710612 0.075386
vt 0.701531 0.080013
vt 0.691465 0.081607
vt 0.681399 0.080013
vt 0.672319 0.075386
vt 0.665113 0.068180
vt 0.660486 0.059099
vt 0.658891 0.049033
vt 0.660486 0.038967
vt 0.665113 0.029887
vt 0.672319 0.022681
vt 0.839542 0.373162
vt 0.856146 0.375792
vt 0.839542 0.426892
vt 0.871124 0.383424
vt 0.883010 0.395310
vt 0.890642 0.410288
vt 0.893272 0.426892
vt 0.890642 0.443495
vt 0.883010 0.458473
vt 0.871124 0.470360
vt 0.856146 0.477991
vt 0.839542 0.480621
vt 0.822939 0.477991
vt 0.807961 0.470360
vt 0.796074 0.458473
vt 0.788443 0.443495
vt 0.785813 0.426892
vt 0.788443 0.410288
vt 0.796075 0.395310
vt 0.807961 0.383424
vt 0.822939 0.375792
vt 0.873190 0.078238
vt 0.883256 0.076644
vt 0.883256 0.109217
vt 0.893322 0.078238
vt 0.902402 0.082865
vt 0.909609 0.090071
vt 0.914236 0.099151
vt 0.915830 0.109217
vt 0.914236 0.119283
vt 0.909609 0.128364
vt 0.902402 0.135570
vt 0.893322 0.140197
vt 0.883256 0.141791
vt 0.873190 0.140197
vt 0.864110 0.135570
vt 0.856903 0.128364
vt 0.852277 0.119283
vt 0.850682 0.109217
vt 0.852277 0.099152
vt 0.856903 0.090071
vt 0.864110 0.082865
vt 0.842255 0.248554
vt 0.858858 0.251184
vt 0.842255 0.302284
vt 0.873836 0.258816
vt 0.885723 0.270703
vt 0.893354 0.285680
vt 0.895984 0.302284
vt 0.893354 0.318887
vt 0.885723 0.333865
vt 0.873836 0.345752
vt 0.858858 0.353383
vt 0.842255 0.356013
vt 0.825651 0.353383
vt 0.810674 0.345752
vt 0.798787 0.333865
vt 0.791155 0.318887
vt 0.788525 0.302284
vt 0.791155 0.285680
vt 0.798787 0.270703
vt 0.810674 0.258816
vt 0.825652 0.251184
vt 0.835432 0.014325
vt 0.845498 0.012731
vt 0.845498 0.045305
vt 0.855564 0.014325
vt 0.864644 0.018952
vt 0.871851 0.026158
vt 0.876477 0.035239
vt 0.878072 0.045305
vt 0.876477 0.055370
vt 0.871851 0.064451
vt 0.864644 0.071657
vt 0.855564 0.076284
vt 0.845498 0.077878
vt 0.835432 0.076284
vt 0.826352 0.071657
vt 0.819145 0.064451
vt 0.814519 0.055371
vt 0.812924 0.045305
vt 0.814519 0.035239
vt 0.819145 0.026158
vt 0.826352 0.018952
vt 0.918763 0.153453
vt 0.935366 0.156083
vt 0.918763 0.207183
vt 0.950344 0.163715
vt 0.962230 0.175601
vt 0.969862 0.190579
vt 0.972492 0.207183
vt 0.969862 0.223786
vt 0.962230 0.238764
vt 0.950344 0.250650
vt 0.935366 0.258282
vt 0.918763 0.260912
vt 0.902159 0.258282
vt 0.887181 0.250650
vt 0.875294 0.238764
vt 0.867663 0.223786
vt 0.865033 0.207183
vt 0.867663 0.190579
vt 0.875295 0.175601
vt 0.887181 0.163715
vt 0.902159 0.156083
vt 0.149872 0.876156
vt 0.149872 0.835959
vt 0.203468 0.835959
vt 0.203468 0.876156
vt 0.058522 0.897410
vt 0.121822 0.897410
vt 0.121822 0.944885
vt 0.058522 0.944885
vt 0.032131 0.961141
vt 0.005802 0.961141
vt 0.005802 0.882153
vt 0.032131 0.882153
vt 0.143569 0.849579
vt 0.143569 0.875877
vt 0.038377 0.875877
vt 0.038377 0.849579
vt 0.175239 0.960040
vt 0.149236 0.960040
vt 0.149236 0.882031
vt 0.175239 0.882031
vt 0.035942 0.994603
vt 0.035942 0.967613
vt 0.143902 0.967613
vt 0.143902 0.994603
vt 0.037599 0.881718
vt 0.037599 0.960577
vt 0.142744 0.881718
vt 0.142744 0.960577
vt 0.342140 0.876282
vt 0.342140 0.836085
vt 0.395736 0.836085
vt 0.395736 0.876282
vt 0.250790 0.897536
vt 0.314089 0.897536
vt 0.314089 0.945011
vt 0.250790 0.945011
vt 0.224399 0.961267
vt 0.198070 0.961267
vt 0.198070 0.882279
vt 0.224399 0.882279
vt 0.335836 0.849705
vt 0.335836 0.876002
vt 0.230645 0.876002
vt 0.230645 0.849705
vt 0.367507 0.960166
vt 0.341504 0.960166
vt 0.341504 0.882157
vt 0.367507 0.882157
vt 0.228210 0.994729
vt 0.228210 0.967739
vt 0.336170 0.967739
vt 0.336170 0.994729
vt 0.229867 0.881844
vt 0.229867 0.960703
vt 0.335012 0.881844
vt 0.335012 0.960703
vt 0.149872 0.711962
vt 0.149872 0.671765
vt 0.203468 0.671765
vt 0.203468 0.711962
vt 0.058522 0.733215
vt 0.121822 0.733215
vt 0.121822 0.780690
vt 0.058522 0.780690
vt 0.032131 0.796946
vt 0.005802 0.796946
vt 0.005802 0.717959
vt 0.032131 0.717959
vt 0.143569 0.685384
vt 0.143569 0.711682
vt 0.038377 0.711682
vt 0.038377 0.685384
vt 0.175239 0.795846
vt 0.149236 0.795846
vt 0.149236 0.717836
vt 0.175239 0.717836
vt 0.035942 0.830409
vt 0.035942 0.803419
vt 0.143902 0.803419
vt 0.143902 0.830409
vt 0.037599 0.717523
vt 0.037599 0.796382
vt 0.142744 0.717523
vt 0.142744 0.796382
vt 0.342140 0.710809
vt 0.342140 0.670612
vt 0.395736 0.670612
vt 0.395736 0.710809
vt 0.250790 0.732062
vt 0.314089 0.732062
vt 0.314089 0.779537
vt 0.250790 0.779537
vt 0.224399 0.795793
vt 0.198070 0.795793
vt 0.198070 0.716806
vt 0.224399 0.716806
vt 0.335836 0.684231
vt 0.335836 0.710529
vt 0.230645 0.710529
vt 0.230645 0.684231
vt 0.367507 0.794693
vt 0.341504 0.794693
vt 0.341504 0.716683
vt 0.367507 0.716683
vt 0.228210 0.829255
vt 0.228210 0.802266
vt 0.336170 0.802266
vt 0.336170 0.829255
vt 0.229867 0.716370
vt 0.229867 0.795229
vt 0.335012 0.716370
vt 0.335012 0.795229
vt 0.149872 0.555863
vt 0.149872 0.515666
vt 0.203468 0.515666
vt 0.203468 0.555863
vt 0.058522 0.577117
vt 0.121822 0.577117
vt 0.121822 0.624592
vt 0.058522 0.624592
vt 0.032131 0.640848
vt 0.005802 0.640848
vt 0.005802 0.561860
vt 0.032131 0.561860
vt 0.143569 0.529286
vt 0.143569 0.555584
vt 0.038377 0.555584
vt 0.038377 0.529286
vt 0.175239 0.639747
vt 0.149236 0.639747
vt 0.149236 0.561738
vt 0.175239 0.561738
vt 0.035942 0.674310
vt 0.035942 0.647320
vt 0.143902 0.647320
vt 0.143902 0.674310
vt 0.037599 0.561425
vt 0.037599 0.640284
vt 0.142744 0.561425
vt 0.142744 0.640284
vt 0.340705 0.554581
vt 0.340705 0.514384
vt 0.394302 0.514384
vt 0.394302 0.554581
vt 0.249355 0.575835
vt 0.312655 0.575835
vt 0.312655 0.623310
vt 0.249355 0.623310
vt 0.222965 0.639566
vt 0.196635 0.639566
vt 0.196635 0.560578
vt 0.222965 0.560578
vt 0.334402 0.528004
vt 0.334402 0.554302
vt 0.229210 0.554302
vt 0.229210 0.528004
vt 0.366073 0.638465
vt 0.340069 0.638465
vt 0.340069 0.560456
vt 0.366073 0.560456
vt 0.226775 0.673028
vt 0.226775 0.646038
vt 0.334735 0.646038
vt 0.334735 0.673028
vt 0.228432 0.560143
vt 0.228432 0.639002
vt 0.333577 0.560143
vt 0.333577 0.639002
vt 0.321064 0.489785
vt 0.290836 0.489785
vt 0.290836 0.459351
vt 0.321063 0.459351
vt 0.260669 0.489785
vt 0.260668 0.459351
vt 0.230599 0.489785
vt 0.230599 0.459351
vt 0.200638 0.489785
vt 0.200638 0.459351
vt 0.170788 0.489785
vt 0.170788 0.459351
vt 0.141051 0.489785
vt 0.141051 0.459351
vt 0.111402 0.489785
vt 0.111402 0.459351
vt 0.081851 0.489785
vt 0.081851 0.459351
vt 0.052645 0.489785
vt 0.052644 0.459351
vt 0.021761 0.489785
vt 0.021761 0.459351
vt 0.620233 0.489785
vt 0.592249 0.489785
vt 0.592249 0.459351
vt 0.620233 0.459351
vt 0.562917 0.489785
vt 0.562917 0.459351
vt 0.533169 0.489785
vt 0.533169 0.459351
vt 0.503106 0.489785
vt 0.503106 0.459351
vt 0.472836 0.489785
vt 0.472836 0.459351
vt 0.442456 0.489785
vt 0.442456 0.459351
vt 0.412038 0.489785
vt 0.412038 0.459351
vt 0.381633 0.489785
vt 0.381633 0.459351
vt 0.351272 0.489785
vt 0.351272 0.459351
vt 0.290836 0.447678
vt 0.321063 0.447678
vt 0.260668 0.447678
vt 0.230599 0.447678
vt 0.200638 0.447678
vt 0.170788 0.447678
vt 0.141051 0.447678
vt 0.111402 0.447678
vt 0.081851 0.447678
vt 0.052644 0.447678
vt 0.021761 0.447678
vt 0.592249 0.447678
vt 0.620233 0.447678
vt 0.562917 0.447678
vt 0.533169 0.447678
vt 0.503106 0.447678
vt 0.472836 0.447678
vt 0.442456 0.447678
vt 0.412038 0.447678
vt 0.381633 0.447678
vt 0.351272 0.447678
vt 0.428521 0.195595
vt 0.414788 0.197785
vt 0.414788 0.153039
vt 0.401055 0.195595
vt 0.388666 0.189239
vt 0.378835 0.179340
vt 0.372522 0.166866
vt 0.370347 0.153039
vt 0.372522 0.139212
vt 0.378835 0.126738
vt 0.388666 0.116839
vt 0.401055 0.110483
vt 0.414788 0.108293
vt 0.428521 0.110483
vt 0.440909 0.116839
vt 0.450740 0.126738
vt 0.457053 0.139212
vt 0.459228 0.153039
vt 0.457053 0.166866
vt 0.450740 0.179340
vt 0.440909 0.189239
vt 0.572993 0.284295
vt 0.542893 0.279491
vt 0.572993 0.186155
vt 0.515740 0.265552
vt 0.494191 0.243840
vt 0.480355 0.216482
vt 0.475588 0.186154
vt 0.480355 0.155828
vt 0.494191 0.128469
vt 0.515740 0.106757
vt 0.542893 0.092817
vt 0.572993 0.088014
vt 0.603092 0.092817
vt 0.630246 0.106757
vt 0.651795 0.128469
vt 0.665630 0.155828
vt 0.670397 0.186155
vt 0.665630 0.216482
vt 0.651794 0.243840
vt 0.630245 0.265552
vt 0.603092 0.279492
vt 0.290836 0.437820
vt 0.321063 0.437820
vt 0.260668 0.437820
vt 0.230599 0.437820
vt 0.200638 0.437820
vt 0.170788 0.437820
vt 0.141051 0.437820
vt 0.111402 0.437820
vt 0.081851 0.437820
vt 0.052644 0.437820
vt 0.021761 0.437820
vt 0.592249 0.437820
vt 0.620233 0.437820
vt 0.562917 0.437820
vt 0.533169 0.437820
vt 0.503106 0.437820
vt 0.472836 0.437820
vt 0.442456 0.437820
vt 0.412038 0.437820
vt 0.381633 0.437820
vt 0.351272 0.437820
vt 0.318677 0.430315
vt 0.288924 0.430336
vt 0.288893 0.415494
vt 0.318677 0.415470
vt 0.259158 0.430400
vt 0.259099 0.415560
vt 0.229362 0.430492
vt 0.229284 0.415652
vt 0.199522 0.430594
vt 0.199434 0.415753
vt 0.169619 0.430698
vt 0.169528 0.415856
vt 0.139631 0.430799
vt 0.139543 0.415957
vt 0.109529 0.430897
vt 0.109450 0.416055
vt 0.079280 0.430991
vt 0.079216 0.416146
vt 0.048853 0.431075
vt 0.048808 0.416221
vt 0.018222 0.431118
vt 0.018199 0.416273
vt 0.619135 0.430936
vt 0.588506 0.430899
vt 0.588541 0.416061
vt 0.619152 0.416091
vt 0.558080 0.430851
vt 0.558130 0.416005
vt 0.527831 0.430794
vt 0.527895 0.415947
vt 0.497729 0.430732
vt 0.497802 0.415886
vt 0.467740 0.430663
vt 0.467818 0.415816
vt 0.437836 0.430584
vt 0.437915 0.415735
vt 0.407993 0.430495
vt 0.408066 0.415644
vt 0.378196 0.430408
vt 0.378253 0.415557
vt 0.348429 0.430342
vt 0.348460 0.415493
vt 0.747344 0.050398
vt 0.881934 0.050398
vt 0.881934 0.063857
vt 0.747344 0.063857
vt 0.882371 0.210479
vt 0.882371 0.223938
vt 0.747781 0.223938
vt 0.747781 0.210479
vt 0.727733 0.069684
vt 0.741192 0.069684
vt 0.741192 0.204274
vt 0.727733 0.204274
vt 0.767618 0.114008
vt 0.770900 0.114008
vt 0.770900 0.160328
vt 0.767618 0.160328
vt 0.893309 0.071161
vt 0.906768 0.071161
vt 0.906768 0.205750
vt 0.893309 0.205750
vt 0.912653 0.006156
vt 0.994316 0.006156
vt 0.994316 0.087818
vt 0.912653 0.087818
vt 0.748576 0.069873
vt 0.883166 0.069873
vt 0.773920 0.110128
vt 0.764598 0.110128
vt 0.883166 0.204463
vt 0.773920 0.164208
vt 0.748576 0.204463
vt 0.764598 0.164208
vt 0.771817 0.112645
vt 0.766701 0.112645
vt 0.771817 0.161692
vt 0.766701 0.161692
vt 0.119222 0.648535
vt 0.119222 0.655836
vt 0.110316 0.655836
vt 0.110316 0.648535
vt 0.101496 0.655836
vt 0.101496 0.648535
vt 0.092581 0.655836
vt 0.092581 0.648535
vt 0.083273 0.655836
vt 0.083273 0.648535
vt 0.073701 0.655836
vt 0.073701 0.648535
vt 0.064003 0.655836
vt 0.064003 0.648535
vt 0.054212 0.655836
vt 0.054212 0.648535
vt 0.044376 0.655836
vt 0.044376 0.648535
vt 0.034692 0.655836
vt 0.034692 0.648535
vt 0.025404 0.655836
vt 0.025404 0.648535
vt 0.016382 0.655836
vt 0.016382 0.648535
vt 0.007468 0.655836
vt 0.007468 0.648535
vt 0.119222 0.662610
vt 0.110316 0.662610
vt 0.101496 0.662610
vt 0.092581 0.662610
vt 0.083273 0.662610
vt 0.073701 0.662610
vt 0.064003 0.662610
vt 0.054212 0.662610
vt 0.044376 0.662610
vt 0.034692 0.662610
vt 0.025404 0.662610
vt 0.016382 0.662610
vt 0.007468 0.662610
vt 0.119222 0.669403
vt 0.110316 0.669403
vt 0.101496 0.669403
vt 0.092581 0.669403
vt 0.083273 0.669403
vt 0.073701 0.669403
vt 0.064003 0.669403
vt 0.054212 0.669403
vt 0.044376 0.669403
vt 0.034692 0.669403
vt 0.025404 0.669403
vt 0.016382 0.669403
vt 0.007468 0.669403
vt 0.119222 0.676254
vt 0.110316 0.676254
vt 0.101496 0.676254
vt 0.092581 0.676254
vt 0.083273 0.676254
vt 0.073701 0.676254
vt 0.064003 0.676254
vt 0.054212 0.676254
vt 0.044376 0.676254
vt 0.034692 0.676254
vt 0.025404 0.676254
vt 0.016382 0.676254
vt 0.007468 0.676254
vt 0.119222 0.683182
vt 0.110316 0.683182
vt 0.101496 0.683182
vt 0.092581 0.683182
vt 0.083273 0.683182
vt 0.073701 0.683182
vt 0.064003 0.683182
vt 0.054212 0.683182
vt 0.044376 0.683182
vt 0.034692 0.683182
vt 0.025404 0.683182
vt 0.016382 0.683182
vt 0.007468 0.683182
vt 0.119222 0.690190
vt 0.110316 0.690190
vt 0.101496 0.690190
vt 0.092581 0.690190
vt 0.083273 0.690190
vt 0.073701 0.690190
vt 0.064003 0.690190
vt 0.054212 0.690190
vt 0.044376 0.690190
vt 0.034692 0.690190
vt 0.025404 0.690190
vt 0.016382 0.690190
vt 0.007468 0.690190
vt 0.119222 0.697262
vt 0.110316 0.697262
vt 0.101496 0.697262
vt 0.092581 0.697262
vt 0.083273 0.697262
vt 0.073701 0.697262
vt 0.064003 0.697262
vt 0.054212 0.697262
vt 0.044376 0.697262
vt 0.034692 0.697262
vt 0.025404 0.697262
vt 0.016382 0.697262
vt 0.007468 0.697262
vt 0.119222 0.704359
vt 0.110316 0.704359
vt 0.101496 0.704359
vt 0.092581 0.704359
vt 0.083273 0.704359
vt 0.073701 0.704359
vt 0.064003 0.704359
vt 0.054212 0.704359
vt 0.044376 0.704359
vt 0.034692 0.704359
vt 0.025404 0.704359
vt 0.016382 0.704359
vt 0.007468 0.704359
vt 0.119222 0.711454
vt 0.110316 0.711454
vt 0.101496 0.711454
vt 0.092581 0.711454
vt 0.083273 0.711454
vt 0.073701 0.711454
vt 0.064003 0.711454
vt 0.054212 0.711454
vt 0.044376 0.711454
vt 0.034692 0.711454
vt 0.025404 0.711454
vt 0.016382 0.711454
vt 0.007468 0.711454
vt 0.119222 0.718535
vt 0.110316 0.718535
vt 0.101496 0.718535
vt 0.092581 0.718535
vt 0.083273 0.718535
vt 0.073701 0.718535
vt 0.064003 0.718535
vt 0.054212 0.718535
vt 0.044376 0.718535
vt 0.034692 0.718535
vt 0.025404 0.718535
vt 0.016382 0.718535
vt 0.007468 0.718535
vt 0.119222 0.725583
vt 0.110316 0.725583
vt 0.101496 0.725583
vt 0.092581 0.725583
vt 0.083273 0.725583
vt 0.073701 0.725583
vt 0.064003 0.725583
vt 0.054212 0.725583
vt 0.044376 0.725583
vt 0.034692 0.725583
vt 0.025404 0.725583
vt 0.016382 0.725583
vt 0.007468 0.725583
vt 0.119222 0.732577
vt 0.110316 0.732577
vt 0.101496 0.732577
vt 0.092581 0.732577
vt 0.083273 0.732577
vt 0.073701 0.732577
vt 0.064003 0.732577
vt 0.054212 0.732577
vt 0.044376 0.732577
vt 0.034692 0.732577
vt 0.025404 0.732577
vt 0.016382 0.732577
vt 0.007468 0.732577
vt 0.119222 0.739492
vt 0.110316 0.739492
vt 0.101496 0.739492
vt 0.092581 0.739492
vt 0.083273 0.739492
vt 0.073701 0.739492
vt 0.064003 0.739492
vt 0.054212 0.739492
vt 0.044376 0.739492
vt 0.034692 0.739492
vt 0.025404 0.739492
vt 0.016382 0.739492
vt 0.007468 0.739492
vt 0.119222 0.746284
vt 0.110316 0.746284
vt 0.101496 0.746284
vt 0.092581 0.746284
vt 0.083273 0.746284
vt 0.073701 0.746284
vt 0.064003 0.746284
vt 0.054212 0.746284
vt 0.044376 0.746284
vt 0.034692 0.746284
vt 0.025404 0.746284
vt 0.016382 0.746284
vt 0.007468 0.746284
vt 0.119222 0.752889
vt 0.110316 0.752889
vt 0.101496 0.752889
vt 0.092581 0.752889
vt 0.083273 0.752889
vt 0.073701 0.752889
vt 0.064003 0.752889
vt 0.054212 0.752889
vt 0.044376 0.752889
vt 0.034692 0.752889
vt 0.025404 0.752889
vt 0.016382 0.752889
vt 0.007468 0.752889
vt 0.119222 0.759266
vt 0.110316 0.759266
vt 0.101496 0.759266
vt 0.092581 0.759266
vt 0.083273 0.759266
vt 0.073701 0.759266
vt 0.064003 0.759266
vt 0.054212 0.759266
vt 0.044376 0.759266
vt 0.034692 0.759266
vt 0.025404 0.759266
vt 0.016382 0.759266
vt 0.007468 0.759266
vt 0.119222 0.765401
vt 0.110316 0.765401
vt 0.101496 0.765401
vt 0.092581 0.765401
vt 0.083273 0.765401
vt 0.073701 0.765401
vt 0.064003 0.765401
vt 0.054212 0.765401
vt 0.044376 0.765401
vt 0.034692 0.765401
vt 0.025404 0.765401
vt 0.016382 0.765401
vt 0.007468 0.765401
vt 0.119222 0.771305
vt 0.110316 0.771305
vt 0.101496 0.771305
vt 0.092581 0.771305
vt 0.083273 0.771305
vt 0.073701 0.771305
vt 0.064003 0.771305
vt 0.054212 0.771305
vt 0.044376 0.771305
vt 0.034692 0.771305
vt 0.025404 0.771305
vt 0.016382 0.771305
vt 0.007468 0.771305
vt 0.119222 0.777036
vt 0.110316 0.777036
vt 0.101496 0.777036
vt 0.092581 0.777036
vt 0.083273 0.777036
vt 0.073701 0.777036
vt 0.064003 0.777036
vt 0.054212 0.777036
vt 0.044376 0.777036
vt 0.034692 0.777036
vt 0.025404 0.777036
vt 0.016382 0.777036
vt 0.007468 0.777036
vt 0.119222 0.783177
vt 0.110316 0.783177
vt 0.101496 0.783177
vt 0.092581 0.783177
vt 0.083273 0.783177
vt 0.073701 0.783177
vt 0.064003 0.783177
vt 0.054212 0.783177
vt 0.044376 0.783177
vt 0.034692 0.783177
vt 0.025404 0.783177
vt 0.016382 0.783177
vt 0.007468 0.783177
vt 0.119222 0.789794
vt 0.110316 0.789794
vt 0.101496 0.789794
vt 0.092581 0.789794
vt 0.083273 0.789794
vt 0.073701 0.789794
vt 0.064003 0.789794
vt 0.054212 0.789794
vt 0.044376 0.789794
vt 0.034692 0.789794
vt 0.025404 0.789794
vt 0.016382 0.789794
vt 0.007468 0.789794
vt 0.110316 0.596265
vt 0.119222 0.596265
vt 0.101496 0.596265
vt 0.092581 0.596265
vt 0.083273 0.596265
vt 0.073701 0.596265
vt 0.064003 0.596265
vt 0.054212 0.596265
vt 0.044376 0.596265
vt 0.034692 0.596265
vt 0.025404 0.596265
vt 0.016382 0.596265
vt 0.007468 0.596265
vt 0.007159 0.794680
vt 0.016361 0.794680
vt 0.016361 0.802175
vt 0.007159 0.802175
vt 0.025418 0.794680
vt 0.025418 0.802175
vt 0.034282 0.794680
vt 0.034282 0.802175
vt 0.043076 0.794680
vt 0.043076 0.802175
vt 0.052227 0.794680
vt 0.052227 0.802175
vt 0.061846 0.794680
vt 0.061846 0.802175
vt 0.071570 0.794680
vt 0.071570 0.802175
vt 0.081289 0.794680
vt 0.081289 0.802175
vt 0.091017 0.794680
vt 0.091017 0.802175
vt 0.100637 0.794680
vt 0.100637 0.802175
vt 0.110125 0.794680
vt 0.110125 0.802175
vt 0.119542 0.794680
vt 0.119542 0.802175
vt 0.015982 0.813861
vt 0.006801 0.813861
vt 0.006801 0.806213
vt 0.015982 0.806213
vt 0.119309 0.813861
vt 0.110159 0.813861
vt 0.110159 0.806213
vt 0.119309 0.806213
vt 0.100579 0.813861
vt 0.100579 0.806213
vt 0.090926 0.813861
vt 0.090926 0.806213
vt 0.081809 0.813861
vt 0.081809 0.806213
vt 0.072657 0.813861
vt 0.072657 0.806213
vt 0.063524 0.813861
vt 0.063524 0.806213
vt 0.053806 0.813861
vt 0.053806 0.806213
vt 0.043924 0.813861
vt 0.043924 0.806213
vt 0.034572 0.813861
vt 0.034572 0.806213
vt 0.025272 0.813861
vt 0.025272 0.806213
vt 0.037465 0.543833
vt 0.024931 0.543835
vt 0.024169 0.541001
vt 0.038224 0.540998
vt 0.014077 0.550104
vt 0.011999 0.548029
vt 0.007813 0.560960
vt 0.004976 0.560200
vt 0.007818 0.573494
vt 0.004982 0.574253
vt 0.014089 0.584346
vt 0.012013 0.586421
vt 0.024946 0.590611
vt 0.024187 0.593445
vt 0.037480 0.590609
vt 0.038242 0.593443
vt 0.048334 0.584340
vt 0.050412 0.586415
vt 0.054598 0.573484
vt 0.057435 0.574243
vt 0.054593 0.560950
vt 0.057430 0.560191
vt 0.048322 0.550098
vt 0.050398 0.548023
vt 0.031687 0.567690
vt 0.031687 0.547981
vt 0.041543 0.550622
vt 0.021831 0.550622
vt 0.014616 0.557836
vt 0.011975 0.567690
vt 0.014616 0.577545
vt 0.021831 0.584759
vt 0.031687 0.587400
vt 0.041543 0.584759
vt 0.048758 0.577545
vt 0.051399 0.567690
vt 0.048758 0.557836
vt 0.097771 0.540188
vt 0.085293 0.540190
vt 0.084327 0.536583
vt 0.098739 0.536580
vt 0.074488 0.546429
vt 0.071846 0.543789
vt 0.068251 0.557234
vt 0.064641 0.556268
vt 0.068253 0.569709
vt 0.064643 0.570677
vt 0.074493 0.580512
vt 0.071850 0.583154
vt 0.085300 0.586748
vt 0.084332 0.590356
vt 0.097777 0.586746
vt 0.098744 0.590353
vt 0.108582 0.580507
vt 0.111225 0.583147
vt 0.114820 0.569703
vt 0.118429 0.570668
vt 0.114818 0.557227
vt 0.118428 0.556260
vt 0.108578 0.546424
vt 0.111221 0.543783
vt 0.091863 0.563680
vt 0.081712 0.546102
vt 0.091863 0.543382
vt 0.074281 0.553531
vt 0.071561 0.563680
vt 0.074281 0.573829
vt 0.081712 0.581259
vt 0.091863 0.583979
vt 0.102014 0.581259
vt 0.109445 0.573829
vt 0.112165 0.563680
vt 0.109445 0.553531
vt 0.102014 0.546102
vt 0.004412 0.947176
vt 0.004412 0.941088
vt 0.012014 0.941088
vt 0.012014 0.947176
vt 0.019744 0.941088
vt 0.019744 0.947176
vt 0.027725 0.941088
vt 0.027725 0.947176
vt 0.035978 0.941088
vt 0.035978 0.947176
vt 0.044434 0.941088
vt 0.044434 0.947176
vt 0.052951 0.941088
vt 0.052951 0.947176
vt 0.061394 0.941088
vt 0.061394 0.947176
vt 0.069641 0.941088
vt 0.069641 0.947176
vt 0.077610 0.941088
vt 0.077610 0.947176
vt 0.085327 0.941088
vt 0.085327 0.947176
vt 0.092927 0.941088
vt 0.092927 0.947176
vt 0.100516 0.941088
vt 0.100516 0.947176
vt 0.004412 0.935247
vt 0.012014 0.935247
vt 0.019744 0.935247
vt 0.027725 0.935247
vt 0.035978 0.935247
vt 0.044434 0.935247
vt 0.052951 0.935247
vt 0.061394 0.935247
vt 0.069641 0.935247
vt 0.077610 0.935247
vt 0.085327 0.935247
vt 0.092927 0.935247
vt 0.100516 0.935247
vt 0.004412 0.929598
vt 0.012014 0.929598
vt 0.019744 0.929598
vt 0.027725 0.929598
vt 0.035978 0.929598
vt 0.044434 0.929598
vt 0.052951 0.929598
vt 0.061394 0.929598
vt 0.069641 0.929598
vt 0.077610 0.929598
vt 0.085327 0.929598
vt 0.092927 0.929598
vt 0.100516 0.929598
vt 0.004412 0.923812
vt 0.012014 0.923812
vt 0.019744 0.923812
vt 0.027725 0.923812
vt 0.035978 0.923812
vt 0.044434 0.923812
vt 0.052951 0.923812
vt 0.061394 0.923812
vt 0.069641 0.923812
vt 0.077610 0.923812
vt 0.085327 0.923812
vt 0.092927 0.923812
vt 0.100516 0.923812
vt 0.004412 0.917879
vt 0.012014 0.917879
vt 0.019744 0.917879
vt 0.027725 0.917879
vt 0.035978 0.917879
vt 0.044434 0.917879
vt 0.052951 0.917879
vt 0.061394 0.917879
vt 0.069641 0.917879
vt 0.077610 0.917879
vt 0.085327 0.917879
vt 0.092927 0.917879
vt 0.100516 0.917879
vt 0.004412 0.911815
vt 0.012014 0.911815
vt 0.019744 0.911815
vt 0.027725 0.911815
vt 0.035978 0.911815
vt 0.044434 0.911815
vt 0.052951 0.911815
vt 0.061394 0.911815
vt 0.069641 0.911815
vt 0.077610 0.911815
vt 0.085327 0.911815
vt 0.092927 0.911815
vt 0.100516 0.911815
vt 0.004412 0.905640
vt 0.012014 0.905640
vt 0.019744 0.905640
vt 0.027725 0.905640
vt 0.035978 0.905640
vt 0.044434 0.905640
vt 0.052951 0.905640
vt 0.061394 0.905640
vt 0.069641 0.905640
vt 0.077610 0.905640
vt 0.085327 0.905640
vt 0.092927 0.905640
vt 0.100516 0.905640
vt 0.004412 0.899384
vt 0.012014 0.899384
vt 0.019744 0.899384
vt 0.027725 0.899384
vt 0.035978 0.899384
vt 0.044434 0.899384
vt 0.052951 0.899384
vt 0.061394 0.899384
vt 0.069641 0.899384
vt 0.077610 0.899384
vt 0.085327 0.899384
vt 0.092927 0.899384
vt 0.100516 0.899384
vt 0.004412 0.893086
vt 0.012014 0.893086
vt 0.019744 0.893086
vt 0.027725 0.893086
vt 0.035978 0.893086
vt 0.044434 0.893086
vt 0.052951 0.893086
vt 0.061394 0.893086
vt 0.069641 0.893086
vt 0.077610 0.893086
vt 0.085327 0.893086
vt 0.092927 0.893086
vt 0.100516 0.893086
vt 0.004412 0.886768
vt 0.012014 0.886768
vt 0.019744 0.886768
vt 0.027725 0.886768
vt 0.035978 0.886768
vt 0.044434 0.886768
vt 0.052951 0.886768
vt 0.061394 0.886768
vt 0.069641 0.886768
vt 0.077610 0.886768
vt 0.085327 0.886768
vt 0.092927 0.886768
vt 0.100516 0.886768
vt 0.004412 0.880436
vt 0.012014 0.880436
vt 0.019744 0.880436
vt 0.027725 0.880436
vt 0.035978 0.880436
vt 0.044434 0.880436
vt 0.052951 0.880436
vt 0.061394 0.880436
vt 0.069641 0.880436
vt 0.077610 0.880436
vt 0.085327 0.880436
vt 0.092927 0.880436
vt 0.100516 0.880436
vt 0.004412 0.874095
vt 0.012014 0.874095
vt 0.019744 0.874095
vt 0.027725 0.874095
vt 0.035978 0.874095
vt 0.044434 0.874095
vt 0.052951 0.874095
vt 0.061394 0.874095
vt 0.069641 0.874095
vt 0.077610 0.874095
vt 0.085327 0.874095
vt 0.092927 0.874095
vt 0.100516 0.874095
vt 0.004412 0.867752
vt 0.012014 0.867752
vt 0.019744 0.867752
vt 0.027725 0.867752
vt 0.035978 0.867752
vt 0.044434 0.867752
vt 0.052951 0.867752
vt 0.061394 0.867752
vt 0.069641 0.867752
vt 0.077610 0.867752
vt 0.085327 0.867752
vt 0.092927 0.867752
vt 0.100516 0.867752
vt 0.004412 0.861414
vt 0.012014 0.861414
vt 0.019744 0.861414
vt 0.027725 0.861414
vt 0.035978 0.861414
vt 0.044434 0.861414
vt 0.052951 0.861414
vt 0.061394 0.861414
vt 0.069641 0.861414
vt 0.077610 0.861414
vt 0.085327 0.861414
vt 0.092927 0.861414
vt 0.100516 0.861414
vt 0.004412 0.855107
vt 0.012014 0.855107
vt 0.019744 0.855107
vt 0.027725 0.855107
vt 0.035978 0.855107
vt 0.044434 0.855107
vt 0.052951 0.855107
vt 0.061394 0.855107
vt 0.069641 0.855107
vt 0.077610 0.855107
vt 0.085327 0.855107
vt 0.092927 0.855107
vt 0.100516 0.855107
vt 0.004412 0.848875
vt 0.012014 0.848875
vt 0.019744 0.848875
vt 0.027725 0.848875
vt 0.035978 0.848875
vt 0.044434 0.848875
vt 0.052951 0.848875
vt 0.061394 0.848875
vt 0.069641 0.848875
vt 0.077610 0.848875
vt 0.085327 0.848875
vt 0.092927 0.848875
vt 0.100516 0.848875
vt 0.004412 0.842753
vt 0.012014 0.842753
vt 0.019744 0.842753
vt 0.027725 0.842753
vt 0.035978 0.842753
vt 0.044434 0.842753
vt 0.052951 0.842753
vt 0.061394 0.842753
vt 0.069641 0.842753
vt 0.077610 0.842753
vt 0.085327 0.842753
vt 0.092927 0.842753
vt 0.100516 0.842753
vt 0.004412 0.836767
vt 0.012014 0.836767
vt 0.019744 0.836767
vt 0.027725 0.836767
vt 0.035978 0.836767
vt 0.044434 0.836767
vt 0.052951 0.836767
vt 0.061394 0.836767
vt 0.069641 0.836767
vt 0.077610 0.836767
vt 0.085327 0.836767
vt 0.092927 0.836767
vt 0.100516 0.836767
vt 0.004412 0.830937
vt 0.012014 0.830937
vt 0.019744 0.830937
vt 0.027725 0.830937
vt 0.035978 0.830937
vt 0.044434 0.830937
vt 0.052951 0.830937
vt 0.061394 0.830937
vt 0.069641 0.830937
vt 0.077610 0.830937
vt 0.085327 0.830937
vt 0.092927 0.830937
vt 0.100516 0.830937
vt 0.004412 0.825258
vt 0.012014 0.825258
vt 0.019744 0.825258
vt 0.027725 0.825258
vt 0.035978 0.825258
vt 0.044434 0.825258
vt 0.052951 0.825258
vt 0.061394 0.825258
vt 0.069641 0.825258
vt 0.077610 0.825258
vt 0.085327 0.825258
vt 0.092927 0.825258
vt 0.100516 0.825258
vt 0.004412 0.819319
vt 0.012014 0.819319
vt 0.019744 0.819319
vt 0.027725 0.819319
vt 0.035978 0.819319
vt 0.044434 0.819319
vt 0.052951 0.819319
vt 0.061394 0.819319
vt 0.069641 0.819319
vt 0.077610 0.819319
vt 0.085327 0.819319
vt 0.092927 0.819319
vt 0.100516 0.819319
vt 0.039544 0.973948
vt 0.038049 0.979533
vt 0.028384 0.973948
vt 0.033964 0.983621
vt 0.028384 0.985117
vt 0.022803 0.983621
vt 0.018718 0.979533
vt 0.017223 0.973948
vt 0.018718 0.968364
vt 0.022803 0.964276
vt 0.028384 0.962779
vt 0.033964 0.964276
vt 0.038049 0.968364
vt 0.058076 0.980655
vt 0.056313 0.974072
vt 0.069470 0.974072
vt 0.058076 0.967489
vt 0.062891 0.962670
vt 0.069470 0.960906
vt 0.076048 0.962670
vt 0.080864 0.967489
vt 0.082627 0.974072
vt 0.080864 0.980655
vt 0.076048 0.985474
vt 0.069470 0.987238
vt 0.062891 0.985474
vt 0.113064 0.959704
vt 0.104740 0.959704
vt 0.104740 0.952683
vt 0.113064 0.952683
vt 0.204627 0.959704
vt 0.196302 0.959704
vt 0.196302 0.952683
vt 0.204627 0.952683
vt 0.187978 0.959704
vt 0.187978 0.952683
vt 0.179654 0.959704
vt 0.179654 0.952683
vt 0.171331 0.959704
vt 0.171331 0.952683
vt 0.163008 0.959704
vt 0.163008 0.952683
vt 0.154683 0.959704
vt 0.154683 0.952683
vt 0.146359 0.959704
vt 0.146359 0.952683
vt 0.138035 0.959704
vt 0.138035 0.952683
vt 0.129711 0.959704
vt 0.129711 0.952683
vt 0.121388 0.959704
vt 0.121388 0.952683
vt 0.104854 0.942782
vt 0.113153 0.942782
vt 0.113153 0.951016
vt 0.104854 0.951016
vt 0.121452 0.942782
vt 0.121452 0.951016
vt 0.129749 0.942782
vt 0.129749 0.951016
vt 0.138047 0.942782
vt 0.138047 0.951016
vt 0.146346 0.942782
vt 0.146346 0.951016
vt 0.154646 0.942782
vt 0.154646 0.951016
vt 0.162945 0.942782
vt 0.162945 0.951016
vt 0.171243 0.942782
vt 0.171243 0.951016
vt 0.179541 0.942782
vt 0.179541 0.951016
vt 0.187839 0.942782
vt 0.187839 0.951016
vt 0.196138 0.942782
vt 0.196138 0.951016
vt 0.204437 0.942782
vt 0.204437 0.951016
vt 0.083657 0.982494
vt 0.085901 0.974107
vt 0.088785 0.974107
vt 0.086154 0.983937
vt 0.083657 0.965719
vt 0.086154 0.964277
vt 0.077521 0.959576
vt 0.078963 0.957078
vt 0.069135 0.957327
vt 0.069135 0.954442
vt 0.060750 0.959576
vt 0.059308 0.957078
vt 0.054614 0.965719
vt 0.052117 0.964277
vt 0.052369 0.974107
vt 0.049486 0.974107
vt 0.054614 0.982494
vt 0.052117 0.983937
vt 0.060750 0.988637
vt 0.059308 0.991136
vt 0.069135 0.990887
vt 0.069135 0.993772
vt 0.077521 0.988637
vt 0.078963 0.991135
vt 0.056116 0.981787
vt 0.054050 0.974072
vt 0.061760 0.987435
vt 0.069470 0.989503
vt 0.077180 0.987435
vt 0.082824 0.981787
vt 0.084890 0.974072
vt 0.082824 0.966357
vt 0.077180 0.960709
vt 0.069470 0.958642
vt 0.061760 0.960709
vt 0.056116 0.966357
vt 0.012748 0.973696
vt 0.014825 0.981454
vt 0.011241 0.983525
vt 0.008609 0.973696
vt 0.020501 0.987133
vt 0.018433 0.990720
vt 0.028257 0.989212
vt 0.028257 0.993353
vt 0.036014 0.987133
vt 0.038082 0.990720
vt 0.041690 0.981454
vt 0.045274 0.983525
vt 0.043767 0.973696
vt 0.047906 0.973696
vt 0.041690 0.965939
vt 0.045274 0.963868
vt 0.036014 0.960259
vt 0.038082 0.956672
vt 0.028257 0.958181
vt 0.028257 0.954039
vt 0.020501 0.960259
vt 0.018433 0.956672
vt 0.014825 0.965939
vt 0.011241 0.963868
vt 0.042524 0.973948
vt 0.040630 0.981023
vt 0.040630 0.966873
vt 0.035454 0.961694
vt 0.028384 0.959798
vt 0.021313 0.961694
vt 0.016137 0.966873
vt 0.014243 0.973948
vt 0.016137 0.981023
vt 0.021313 0.986203
vt 0.028384 0.988099
vt 0.035454 0.986203

# vertex normals
vn -0.070889 -0.997484 -0.000000
vn 0.000000 -1.000000 -0.000000
vn 0.000000 -0.997484 0.070889
vn -0.073083 -0.994644 0.073083
vn -0.000000 -0.997484 0.070889
vn -0.070889 -0.997484 -0.000000
vn -0.070889 -0.997484 -0.000000
vn -0.070889 -0.997484 0.000000
vn 0.000000 0.997484 0.070890
vn 0.000000 1.000000 0.000000
vn -0.070887 0.997484 0.000000
vn -0.073084 0.994644 0.073084
vn 0.073084 0.994644 0.073084
vn 0.070887 0.997484 0.000000
vn -0.070884 0.997485 0.000000
vn 0.070884 0.997485 0.000000
vn -0.070887 0.997484 -0.000000
vn 0.070887 0.997484 -0.000000
vn -0.000000 -0.070888 0.997484
vn 0.000000 -0.000000 1.000000
vn -0.070888 -0.000000 0.997484
vn -0.073084 -0.073084 0.994644
vn 0.000000 -0.070888 0.997484
vn -0.070888 -0.000000 0.997484
vn 0.028554 0.021244 0.999366
vn 0.070888 0.000000 0.997484
vn -0.070888 -0.000000 0.997484
vn -0.070888 -0.000000 0.997484
vn 0.070888 -0.000000 0.997484
vn 0.070888 -0.000000 0.997484
vn -0.070888 0.000000 0.997484
vn 0.070888 0.000000 0.997484
vn 0.997484 -0.070890 -0.000000
vn 1.000000 0.000000 -0.000000
vn 0.997484 -0.000000 0.070888
vn 0.994644 -0.073084 0.073083
vn 0.997484 -0.070888 -0.000000
vn 1.000000 0.000000 -0.000000
vn 1.000000 -0.000000 0.000000
vn 0.997484 -0.070888 0.000000
vn 0.997484 -0.070890 0.000000
vn 1.000000 -0.000000 0.000000
vn 1.000000 0.000000 -0.000000
vn 0.997484 0.000000 0.070888
vn 1.000000 -0.000000 0.000000
vn 1.000000 0.000000 -0.000000
vn 0.997866 0.065298 -0.000000
vn 0.995202 0.066535 0.071741
vn 0.997866 0.065297 -0.000000
vn 0.997866 0.065297 0.000000
vn 0.997866 0.065298 0.000000
vn 0.997484 0.070890 0.000000
vn 1.000000 0.000000 0.000000
vn 0.997484 -0.000000 -0.070889
vn 0.994644 0.073083 -0.073083
vn 0.997484 0.070890 -0.000000
vn 0.994644 0.073083 0.073083
vn 0.997484 -0.000000 0.070889
vn 0.997484 0.000000 -0.070889
vn 0.997484 0.000000 0.070889
vn 0.997484 -0.070889 -0.000000
vn 0.994644 -0.073084 -0.073084
vn 0.997484 -0.070889 0.000000
vn 0.994644 -0.073084 0.073083
vn -0.000000 -0.070888 -0.997484
vn 0.000000 0.000000 -1.000000
vn 0.000000 -0.070888 -0.997484
vn -0.073084 -0.073084 -0.994644
vn -0.070888 -0.000000 -0.997484
vn -0.070888 0.000000 -0.997484
vn 0.028553 0.021245 -0.999366
vn -0.070888 0.000000 -0.997484
vn 0.070888 -0.000000 -0.997484
vn 0.070888 0.000000 -0.997484
vn 0.070888 -0.000000 -0.997484
vn -0.070888 -0.000000 -0.997484
vn -0.070888 -0.000000 -0.997484
vn 0.070888 0.000000 -0.997484
vn -0.070888 0.000000 -0.997484
vn -0.997484 -0.070889 0.000000
vn -1.000000 0.000000 0.000000
vn -0.997484 0.000000 -0.070889
vn -0.994645 -0.073083 -0.073083
vn -0.997484 -0.070889 -0.000000
vn -0.997484 -0.070889 -0.000000
vn -0.997484 0.000000 -0.070889
vn -0.997484 0.000000 -0.070890
vn -0.997484 -0.000000 -0.070889
vn 0.070889 -0.997484 -0.000000
vn 0.073084 -0.994644 0.073083
vn 0.070889 -0.997484 -0.000000
vn 0.070889 -0.997484 0.000000
vn 0.070889 -0.997484 0.000000
vn 0.070889 -0.000000 -0.997484
vn 0.073084 -0.073084 -0.994644
vn 0.070889 0.000000 -0.997484
vn 0.091558 0.068121 -0.993467
vn 0.349277 0.937019 -0.000000
vn 0.349278 0.937019 0.000000
vn 0.349700 0.934111 -0.071742
vn 0.345860 0.935205 -0.075982
vn 0.349278 0.937019 0.000000
vn 0.349277 0.937019 0.000000
vn 0.349277 0.937019 -0.000000
vn 0.349278 0.937019 -0.000000
vn 0.349277 0.937020 0.000000
vn 0.349278 0.937019 -0.000000
vn 0.070889 0.000000 0.997484
vn 0.091559 0.068123 0.993467
vn 0.070889 -0.000000 0.997484
vn 0.073084 -0.073084 0.994644
vn 0.997484 0.070888 0.000000
vn 0.999709 -0.017054 -0.017054
vn 0.997484 -0.070890 -0.000000
vn 0.997484 -0.000000 0.070889
vn 0.997484 -0.000000 -0.070889
vn 0.997484 -0.000000 -0.070889
vn 0.997484 -0.000000 0.070890
vn 0.997484 0.000000 0.070889
vn 0.999709 0.017054 -0.017054
vn 0.997866 0.065297 0.000000
vn 0.997484 0.070890 0.000000
vn 0.997484 0.070890 -0.000000
vn 0.997866 0.065297 0.000000
vn 0.997866 0.065297 0.000000
vn 0.999709 0.017054 0.017053
vn 0.997484 0.000000 -0.070890
vn 0.997484 -0.000000 0.070889
vn 0.997484 -0.000000 0.070889
vn 0.997484 -0.000000 -0.070889
vn 0.997484 -0.000000 -0.070889
vn 0.999709 -0.017054 0.017054
vn 0.997484 -0.070890 0.000000
vn 0.076771 -0.994720 -0.068106
vn 0.073082 -0.994645 -0.073082
vn 0.070885 -0.997484 0.000000
vn 0.070885 -0.997484 -0.000000
vn 0.070890 -0.000000 -0.997484
vn 0.070890 0.000000 -0.997484
vn 0.073084 -0.073085 -0.994644
vn 0.076777 -0.068112 -0.994719
vn 0.070890 0.000000 -0.997484
vn 0.070890 -0.000000 -0.997484
vn 0.076777 0.068111 -0.994719
vn 0.073084 0.073083 -0.994644
vn 0.070890 0.997484 -0.000000
vn 0.070890 0.997484 0.000000
vn 0.073085 0.994644 -0.073085
vn 0.076777 0.994719 -0.068111
vn 0.070890 0.997484 0.000000
vn 0.070890 0.997484 -0.000000
vn 0.076777 0.994719 0.068111
vn 0.073084 0.994644 0.073084
vn 0.070890 0.000000 0.997484
vn 0.070890 -0.000000 0.997484
vn 0.073084 0.073083 0.994644
vn 0.076777 0.068111 0.994719
vn 0.070890 -0.000000 0.997484
vn 0.070890 0.000000 0.997484
vn 0.076777 -0.068113 0.994719
vn 0.073084 -0.073085 0.994644
vn 0.070885 -0.997484 0.000000
vn 0.070885 -0.997484 -0.000000
vn 0.073082 -0.994645 0.073082
vn 0.076771 -0.994720 0.068106
vn 0.000000 0.070888 0.997484
vn -0.073084 0.073084 0.994644
vn 0.073084 0.073083 0.994644
vn -0.000000 0.070888 -0.997484
vn 0.073083 0.073083 -0.994645
vn -0.073084 0.073083 -0.994644
vn -0.997484 -0.000000 0.070890
vn -0.997484 0.070888 0.000000
vn -0.994644 0.073083 0.073083
vn -0.997484 0.070888 0.000000
vn -0.997484 -0.000000 0.070889
vn 0.997484 -0.000000 0.070889
vn 0.995146 0.062546 0.075981
vn 0.997866 0.065297 -0.000000
vn 0.997484 0.000000 -0.070889
vn 0.994644 0.073083 -0.073083
vn -0.073083 -0.994644 -0.073083
vn 0.000000 -0.997484 -0.070889
vn -0.000000 -0.997484 -0.070889
vn -0.000000 0.997484 -0.070890
vn -0.073084 0.994644 -0.073084
vn 0.073084 0.994644 -0.073084
vn 0.994644 -0.073084 -0.073083
vn 0.997484 -0.000000 -0.070888
vn 0.997484 0.000000 -0.070888
vn 0.995202 0.066534 -0.071741
vn -0.994644 -0.073083 0.073083
vn -0.997484 0.000000 0.070889
vn -0.997484 -0.000000 0.070890
vn 0.073084 -0.994644 -0.073083
vn 0.345859 0.935205 0.075982
vn 0.349699 0.934111 0.071741
vn 0.994645 0.073082 0.073083
vn 0.995146 0.062545 -0.075982
vn -0.994645 0.073082 -0.073083
vn -0.331593 -0.940405 0.075390
vn -0.334579 -0.942368 -0.000000
vn -0.705059 -0.705059 0.076050
vn -0.707107 -0.707107 -0.000000
vn 0.000000 -0.942368 0.334579
vn -0.075390 -0.940405 0.331593
vn -0.000000 -0.707107 0.707107
vn -0.076049 -0.705058 0.705060
vn -0.000000 -0.942368 0.334579
vn 0.000000 -0.707107 0.707107
vn -0.334579 -0.942368 -0.000000
vn -0.707107 -0.707107 -0.000000
vn -0.334579 -0.942368 0.000000
vn -0.707107 -0.707107 0.000000
vn -0.075393 0.940406 0.331590
vn 0.000000 0.942369 0.334574
vn -0.076054 0.705062 0.705056
vn 0.000000 0.707110 0.707104
vn -0.334574 0.942369 0.000000
vn -0.331589 0.940407 0.075393
vn -0.707105 0.707109 0.000000
vn -0.705054 0.705064 0.076053
vn 0.075388 0.940408 0.331586
vn 0.076046 0.705063 0.705056
vn 0.331586 0.940408 0.075388
vn 0.334574 0.942369 0.000000
vn 0.705053 0.705065 0.076045
vn 0.707105 0.707109 0.000000
vn -0.334574 0.942369 0.000000
vn -0.707106 0.707107 0.000000
vn -0.707106 0.707107 0.000000
vn 0.334574 0.942369 0.000000
vn 0.707106 0.707107 0.000000
vn 0.707106 0.707107 0.000000
vn -0.334574 0.942369 -0.000000
vn -0.707105 0.707109 -0.000000
vn 0.334574 0.942369 -0.000000
vn 0.707105 0.707109 -0.000000
vn -0.075391 -0.331592 0.940406
vn -0.000000 -0.334578 0.942368
vn -0.334578 -0.000000 0.942368
vn -0.331592 -0.075391 0.940406
vn -0.707107 -0.000000 0.707107
vn -0.705058 -0.076050 0.705060
vn 0.000000 -0.334578 0.942368
vn -0.334578 -0.000000 0.942368
vn -0.707107 -0.000000 0.707106
vn -0.334578 -0.000000 0.942368
vn 0.289229 0.030926 0.956760
vn 0.334578 0.000000 0.942368
vn 0.659339 0.051234 0.750098
vn 0.707107 0.000000 0.707106
vn -0.334578 -0.000000 0.942368
vn -0.334578 -0.000000 0.942368
vn -0.707107 0.000000 0.707106
vn -0.707107 -0.000000 0.707106
vn 0.334578 -0.000000 0.942368
vn 0.334578 -0.000000 0.942368
vn 0.707107 -0.000000 0.707106
vn 0.707107 -0.000000 0.707106
vn -0.334578 0.000000 0.942368
vn -0.707107 0.000000 0.707107
vn 0.334578 0.000000 0.942368
vn 0.707107 0.000000 0.707107
vn 0.940405 -0.331594 0.075389
vn 0.942368 -0.334579 -0.000000
vn 0.705058 -0.705060 0.076048
vn 0.707107 -0.707107 0.000000
vn 0.942367 -0.000000 0.334581
vn 0.940405 -0.075389 0.331594
vn 0.707105 -0.000000 0.707109
vn 0.705056 -0.076048 0.705062
vn 0.942368 -0.334578 0.000000
vn 0.942368 -0.334578 -0.000000
vn 0.707107 -0.707107 0.000000
vn 0.707107 -0.707107 -0.000000
vn 0.942368 -0.334579 0.000000
vn 0.707107 -0.707107 -0.000000
vn 0.942367 0.000000 0.334581
vn 0.707105 0.000000 0.707109
vn 0.957316 0.289042 -0.000000
vn 0.955743 0.285682 0.070294
vn 0.802294 0.596930 -0.000000
vn 0.800432 0.595546 0.068079
vn 0.942513 0.067568 0.327266
vn 0.714751 0.067946 0.696071
vn 0.957316 0.289042 -0.000000
vn 0.957316 0.289042 0.000000
vn 0.802294 0.596929 -0.000000
vn 0.802294 0.596929 0.000000
vn 0.957317 0.289042 0.000000
vn 0.802294 0.596930 0.000000
vn 0.940406 0.331592 -0.075390
vn 0.942368 0.334577 0.000000
vn 0.705058 0.705060 -0.076049
vn 0.707107 0.707106 0.000000
vn 0.942368 -0.000000 -0.334579
vn 0.940405 0.075390 -0.331593
vn 0.707105 -0.000000 -0.707108
vn 0.705058 0.076049 -0.705060
vn 0.942368 0.334577 -0.000000
vn 0.707107 0.707106 -0.000000
vn 0.940406 0.331592 0.075390
vn 0.705058 0.705060 0.076049
vn 0.940405 0.075390 0.331593
vn 0.942368 -0.000000 0.334579
vn 0.705058 0.076049 0.705060
vn 0.707105 -0.000000 0.707108
vn 0.942368 0.000000 -0.334579
vn 0.707105 0.000000 -0.707108
vn 0.942368 0.000000 0.334579
vn 0.707105 0.000000 0.707108
vn 0.942366 -0.334583 -0.000000
vn 0.940404 -0.331596 -0.075392
vn 0.707109 -0.707105 -0.000000
vn 0.705063 -0.705055 -0.076053
vn 0.940405 -0.075393 -0.331594
vn 0.705058 -0.076052 -0.705060
vn 0.942366 -0.334583 0.000000
vn 0.707109 -0.707105 0.000000
vn 0.940405 -0.075392 0.331594
vn 0.705058 -0.076053 0.705060
vn 0.940404 -0.331595 0.075390
vn 0.705062 -0.705056 0.076051
vn 0.000000 -0.334578 -0.942368
vn -0.000000 -0.334578 -0.942368
vn 0.000000 -0.707107 -0.707107
vn -0.000000 -0.707107 -0.707107
vn -0.075391 -0.331592 -0.940406
vn -0.076049 -0.705058 -0.705060
vn -0.331592 -0.075391 -0.940406
vn -0.334578 -0.000000 -0.942368
vn -0.705058 -0.076049 -0.705060
vn -0.707107 -0.000000 -0.707107
vn -0.334578 0.000000 -0.942368
vn -0.707107 0.000000 -0.707106
vn -0.334578 0.000000 -0.942368
vn 0.334578 -0.000000 -0.942368
vn 0.289228 0.030927 -0.956760
vn 0.707107 0.000000 -0.707107
vn 0.659339 0.051234 -0.750098
vn 0.334578 0.000000 -0.942368
vn 0.334578 -0.000000 -0.942368
vn 0.707107 0.000000 -0.707106
vn 0.707107 -0.000000 -0.707106
vn -0.334578 -0.000000 -0.942368
vn -0.334578 -0.000000 -0.942368
vn -0.707107 -0.000000 -0.707106
vn -0.707107 0.000000 -0.707106
vn 0.334578 0.000000 -0.942368
vn 0.707107 0.000000 -0.707107
vn -0.334578 0.000000 -0.942368
vn -0.707107 0.000000 -0.707107
vn -0.940405 -0.331593 -0.075390
vn -0.942368 -0.334579 0.000000
vn -0.705059 -0.705059 -0.076050
vn -0.942368 0.000000 -0.334579
vn -0.940405 -0.075390 -0.331593
vn -0.942368 -0.334579 -0.000000
vn -0.942368 -0.334579 -0.000000
vn -0.942368 -0.334579 -0.000000
vn -0.942368 0.000000 -0.334579
vn -0.942368 0.000000 -0.334579
vn -0.942368 0.000000 -0.334579
vn -0.942368 -0.000000 -0.334579
vn 0.334578 -0.942368 0.000000
vn 0.331593 -0.940405 0.075390
vn 0.075391 -0.940405 0.331593
vn 0.076050 -0.705058 0.705060
vn 0.334579 -0.942368 -0.000000
vn 0.334579 -0.942368 0.000000
vn 0.334579 -0.942368 -0.000000
vn 0.334578 -0.000000 -0.942368
vn 0.331592 -0.075390 -0.940406
vn 0.707105 -0.000000 -0.707109
vn 0.705057 -0.076048 -0.705061
vn 0.075391 -0.331592 -0.940406
vn 0.076050 -0.705058 -0.705060
vn 0.334578 0.000000 -0.942368
vn 0.707105 0.000000 -0.707109
vn 0.112732 0.268142 -0.956761
vn 0.164945 0.311582 -0.935794
vn 0.238534 0.616807 -0.750101
vn 0.270465 0.665084 -0.696069
vn 0.345838 0.068455 -0.935794
vn 0.714751 0.067944 -0.696071
vn 0.550134 0.830756 -0.084836
vn 0.551934 0.833888 -0.000000
vn 0.799277 0.594685 -0.086642
vn 0.802293 0.596930 -0.000000
vn 0.551935 0.833887 0.000000
vn 0.548265 0.833345 -0.070295
vn 0.800431 0.595546 -0.068080
vn 0.335551 0.883348 -0.327265
vn 0.324490 0.875300 -0.358549
vn 0.551934 0.833888 0.000000
vn 0.551934 0.833888 0.000000
vn 0.802293 0.596931 0.000000
vn 0.802293 0.596931 0.000000
vn 0.551936 0.833887 0.000000
vn 0.551935 0.833887 -0.000000
vn 0.551934 0.833888 0.000000
vn 0.802293 0.596930 0.000000
vn 0.551935 0.833887 -0.000000
vn 0.334578 0.000000 0.942368
vn 0.345838 0.068457 0.935793
vn 0.164947 0.311582 0.935793
vn 0.112733 0.268140 0.956761
vn 0.270464 0.665082 0.696071
vn 0.238534 0.616806 0.750101
vn 0.334578 -0.000000 0.942368
vn 0.075391 -0.331592 0.940406
vn 0.331592 -0.075391 0.940406
vn 0.942368 0.334578 0.000000
vn 0.973951 -0.220258 -0.053913
vn 0.942367 -0.334581 -0.000000
vn 0.772535 -0.629528 -0.082967
vn 0.707111 -0.707102 -0.000000
vn 0.942368 -0.000000 0.334579
vn 0.942368 -0.000000 0.334579
vn 0.942368 0.000000 -0.334579
vn 0.942368 -0.000000 -0.334579
vn 0.707105 0.000000 -0.707108
vn 0.707105 -0.000000 -0.707108
vn 0.942368 0.000000 0.334579
vn 0.973952 0.053913 -0.220254
vn 0.772534 0.082969 -0.629529
vn 0.957317 0.289041 0.000000
vn 0.957317 0.289041 0.000000
vn 0.942368 0.334577 0.000000
vn 0.942368 0.334577 -0.000000
vn 0.707107 0.707106 0.000000
vn 0.707107 0.707106 -0.000000
vn 0.957317 0.289041 0.000000
vn 0.973952 0.220253 0.053913
vn 0.772536 0.629527 0.082971
vn 0.942368 -0.000000 -0.334579
vn 0.942368 0.000000 -0.334579
vn 0.942368 -0.000000 0.334579
vn 0.942368 0.000000 0.334579
vn 0.707105 -0.000000 0.707108
vn 0.707105 0.000000 0.707108
vn 0.942368 -0.000000 -0.334579
vn 0.973951 -0.053913 0.220256
vn 0.772536 -0.082971 0.629527
vn 0.942368 0.334578 0.000000
vn 0.942367 -0.334581 0.000000
vn 0.707111 -0.707102 0.000000
vn 0.334582 -0.942366 -0.000000
vn 0.362331 -0.929282 -0.071776
vn 0.088717 -0.938346 -0.334119
vn 0.075393 -0.940403 -0.331598
vn 0.092459 -0.704072 -0.704084
vn 0.076051 -0.705053 -0.705065
vn 0.331598 -0.940404 -0.075393
vn 0.334582 -0.942366 0.000000
vn 0.362329 -0.071781 -0.929282
vn 0.334578 -0.000000 -0.942368
vn 0.772534 -0.082970 -0.629529
vn 0.334578 0.000000 -0.942368
vn 0.331593 -0.075392 -0.940405
vn 0.075390 -0.331593 -0.940405
vn 0.088723 -0.334116 -0.938347
vn 0.334578 0.000000 -0.942368
vn 0.334578 -0.000000 -0.942368
vn 0.362328 0.071780 -0.929282
vn 0.088722 0.334113 -0.938348
vn 0.075389 0.331592 -0.940406
vn 0.092461 0.704078 -0.704078
vn 0.076049 0.705060 -0.705058
vn 0.331593 0.075389 -0.940406
vn 0.362328 0.929282 -0.071781
vn 0.334578 0.942368 -0.000000
vn 0.772536 0.629527 -0.082971
vn 0.334578 0.942368 0.000000
vn 0.331592 0.940406 -0.075391
vn 0.075391 0.940406 -0.331592
vn 0.088722 0.938348 -0.334113
vn 0.334578 0.942368 0.000000
vn 0.334578 0.942368 -0.000000
vn 0.362328 0.929282 0.071781
vn 0.088722 0.938348 0.334113
vn 0.075391 0.940406 0.331592
vn 0.092462 0.704078 0.704077
vn 0.076049 0.705059 0.705059
vn 0.331592 0.940406 0.075391
vn 0.362328 0.071780 0.929282
vn 0.334578 0.000000 0.942368
vn 0.772534 0.082970 0.629529
vn 0.334578 -0.000000 0.942368
vn 0.331593 0.075389 0.940406
vn 0.075389 0.331592 0.940406
vn 0.088723 0.334113 0.938348
vn 0.334578 -0.000000 0.942368
vn 0.334578 0.000000 0.942368
vn 0.362329 -0.071783 0.929282
vn 0.088719 -0.334116 0.938347
vn 0.075392 -0.331593 0.940405
vn 0.092456 -0.704070 0.704086
vn 0.076053 -0.705051 0.705066
vn 0.331593 -0.075393 0.940405
vn 0.362331 -0.929282 0.071776
vn 0.334582 -0.942366 0.000000
vn 0.772535 -0.629528 0.082967
vn 0.334582 -0.942366 -0.000000
vn 0.331598 -0.940404 0.075393
vn 0.075393 -0.940403 0.331598
vn 0.088717 -0.938346 0.334119
vn 0.000000 0.334577 0.942368
vn -0.075394 0.331593 0.940405
vn -0.331592 0.075392 0.940406
vn -0.705058 0.076050 0.705060
vn 0.331591 0.075390 0.940406
vn 0.705058 0.076047 0.705060
vn 0.075390 0.331590 0.940406
vn -0.000000 0.334577 -0.942368
vn 0.075388 0.331591 -0.940407
vn 0.000000 0.707110 -0.707104
vn 0.076045 0.705064 -0.705054
vn 0.331591 0.075389 -0.940406
vn 0.705059 0.076047 -0.705059
vn -0.331591 0.075390 -0.940406
vn -0.705058 0.076047 -0.705060
vn -0.075390 0.331590 -0.940406
vn -0.076046 0.705063 -0.705056
vn -0.942368 -0.000000 0.334579
vn -0.942368 -0.000000 0.334579
vn -0.942368 0.334578 0.000000
vn -0.942368 0.334578 0.000000
vn -0.942368 -0.000000 0.334579
vn -0.940405 0.075390 0.331593
vn -0.940405 0.331594 0.075392
vn 0.942368 -0.000000 0.334579
vn 0.973952 -0.053913 -0.220253
vn 0.931627 0.059289 0.358548
vn 0.953800 0.288217 0.084837
vn 0.957317 0.289041 -0.000000
vn 0.799277 0.594684 0.086642
vn 0.942368 0.000000 -0.334579
vn 0.973952 0.053913 0.220253
vn 0.940406 0.075389 -0.331593
vn 0.940406 0.331592 -0.075390
vn 0.942368 0.334578 0.000000
vn 0.705054 0.705064 -0.076047
vn -0.331593 -0.940405 -0.075390
vn -0.075390 -0.940405 -0.331593
vn 0.000000 -0.942368 -0.334579
vn -0.000000 -0.942368 -0.334579
vn -0.000000 0.942369 -0.334574
vn -0.075388 0.940408 -0.331586
vn -0.331586 0.940408 -0.075388
vn -0.705053 0.705065 -0.076045
vn 0.331586 0.940408 -0.075389
vn 0.075389 0.940408 -0.331587
vn 0.940405 -0.331594 -0.075389
vn 0.705058 -0.705060 -0.076049
vn 0.940405 -0.075389 -0.331594
vn 0.942367 -0.000000 -0.334581
vn 0.942367 0.000000 -0.334581
vn 0.942514 0.067566 -0.327266
vn 0.955743 0.285682 -0.070294
vn -0.940405 -0.331593 0.075391
vn -0.940405 -0.075390 0.331593
vn -0.942368 0.000000 0.334579
vn -0.942368 -0.000000 0.334579
vn 0.075390 -0.940405 -0.331593
vn 0.331593 -0.940405 -0.075390
vn 0.550134 0.830756 0.084836
vn 0.324489 0.875300 0.358549
vn 0.335549 0.883348 0.327265
vn 0.548265 0.833345 0.070294
vn 0.940406 0.331592 0.075388
vn 0.940406 0.075388 0.331592
vn 0.953800 0.288217 -0.084837
vn 0.931627 0.059289 -0.358548
vn 0.973951 -0.220257 0.053913
vn -0.940406 0.331592 -0.075388
vn -0.940406 0.075388 -0.331592
vn 0.973951 0.220255 -0.053912
vn -0.315371 -0.895032 0.315371
vn -0.677962 -0.677961 0.284140
vn -0.284139 -0.677959 0.677965
vn -0.577350 -0.577349 0.577351
vn -0.315371 0.895032 0.315371
vn -0.284142 0.677960 0.677963
vn -0.677960 0.677963 0.284142
vn -0.577348 0.577349 0.577353
vn 0.315361 0.895039 0.315360
vn 0.677956 0.677971 0.284132
vn 0.284132 0.677966 0.677961
vn 0.577345 0.577354 0.577351
vn -0.315369 -0.315369 0.895034
vn -0.677960 -0.284139 0.677964
vn 0.895033 -0.315370 0.315370
vn 0.677962 -0.677963 0.284138
vn 0.677959 -0.284138 0.677966
vn 0.577349 -0.577350 0.577352
vn 0.914842 0.273764 0.296847
vn 0.715792 0.249862 0.652081
vn 0.774740 0.576429 0.259821
vn 0.673866 0.501374 0.542705
vn 0.895032 0.315371 -0.315372
vn 0.677959 0.677965 -0.284140
vn 0.677961 0.284139 -0.677963
vn 0.577349 0.577350 -0.577351
vn 0.895032 0.315371 0.315371
vn 0.677962 0.284139 0.677962
vn 0.677960 0.677964 0.284140
vn 0.577350 0.577349 0.577351
vn 0.895032 -0.315369 -0.315372
vn 0.677962 -0.284142 -0.677960
vn 0.677964 -0.677958 -0.284143
vn 0.577354 -0.577348 -0.577349
vn 0.895031 -0.315374 0.315371
vn 0.677962 -0.677960 0.284143
vn 0.677960 -0.284143 0.677963
vn 0.577350 -0.577347 0.577353
vn -0.315369 -0.315369 -0.895033
vn -0.677959 -0.284139 -0.677965
vn -0.284139 -0.677960 -0.677964
vn -0.577349 -0.577350 -0.577351
vn -0.895032 -0.315371 -0.315371
vn -0.677961 -0.677962 -0.284140
vn 0.315371 -0.895032 0.315370
vn 0.284139 -0.677960 0.677964
vn 0.315369 -0.315369 -0.895034
vn 0.284139 -0.677960 -0.677964
vn 0.677960 -0.284138 -0.677965
vn 0.577350 -0.577350 -0.577351
vn 0.386988 0.287929 -0.875978
vn 0.715793 0.249861 -0.652081
vn 0.445009 0.613809 -0.652078
vn 0.673865 0.501378 -0.542702
vn 0.500284 0.755238 -0.423476
vn 0.715898 0.532650 -0.451413
vn 0.331723 0.493064 -0.804269
vn 0.456479 0.339636 -0.822359
vn 0.525099 0.797593 -0.296846
vn 0.774739 0.576432 -0.259819
vn 0.386989 0.287929 0.875977
vn 0.445009 0.613805 0.652081
vn 0.315368 -0.315368 0.895034
vn 0.456365 -0.827156 -0.327938
vn 0.496457 -0.613809 -0.613815
vn 0.857757 -0.454672 -0.239847
vn 0.862986 -0.357250 -0.357251
vn 0.315376 -0.895029 -0.315375
vn 0.284143 -0.677959 -0.677963
vn 0.456364 -0.327940 -0.827156
vn 0.857756 -0.239850 -0.454672
vn 0.315371 -0.315373 -0.895031
vn 0.456362 0.327933 -0.827160
vn 0.496457 0.613813 -0.613811
vn 0.857755 0.239848 -0.454675
vn 0.862983 0.357254 -0.357252
vn 0.315370 0.315370 -0.895033
vn 0.284139 0.677965 -0.677960
vn 0.456361 0.827160 -0.327934
vn 0.857754 0.454678 -0.239847
vn 0.315369 0.895033 -0.315369
vn 0.456360 0.827160 0.327935
vn 0.496457 0.613814 0.613811
vn 0.857753 0.454677 0.239850
vn 0.862983 0.357255 0.357253
vn 0.315369 0.895033 0.315370
vn 0.284139 0.677964 0.677960
vn 0.456363 0.327935 0.827159
vn 0.857755 0.239850 0.454675
vn 0.315370 0.315370 0.895033
vn 0.456363 -0.327934 0.827159
vn 0.496459 -0.613804 0.613819
vn 0.857757 -0.239848 0.454671
vn 0.862987 -0.357247 0.357251
vn 0.315371 -0.315368 0.895033
vn 0.284144 -0.677957 0.677965
vn 0.456365 -0.827156 0.327938
vn 0.857757 -0.454672 0.239847
vn 0.315376 -0.895029 0.315375
vn -0.315369 0.315368 0.895033
vn -0.677958 0.284142 0.677965
vn 0.315366 0.315365 0.895036
vn 0.677959 0.284133 0.677967
vn 0.315367 0.315370 -0.895034
vn 0.677963 0.284135 -0.677963
vn 0.284132 0.677969 -0.677958
vn 0.577350 0.577356 -0.577345
vn -0.315366 0.315365 -0.895036
vn -0.284132 0.677966 -0.677961
vn -0.677959 0.284133 -0.677967
vn -0.577345 0.577354 -0.577351
vn -0.895032 0.315370 0.315373
vn 0.867142 0.262167 0.423476
vn 0.715899 0.532649 0.451413
vn 0.567591 0.176050 0.804268
vn 0.456480 0.339635 0.822359
vn 0.895034 0.315368 -0.315368
vn 0.677958 0.677969 -0.284133
vn -0.315371 -0.895032 -0.315370
vn -0.315361 0.895039 -0.315360
vn -0.677956 0.677971 -0.284132
vn 0.315361 0.895040 -0.315360
vn 0.895033 -0.315370 -0.315369
vn 0.677962 -0.677963 -0.284138
vn 0.914842 0.273763 -0.296848
vn -0.895032 -0.315371 0.315370
vn 0.315370 -0.895032 -0.315371
vn 0.500285 0.755238 0.423474
vn 0.331724 0.493062 0.804269
vn 0.525098 0.797593 0.296847
vn 0.895033 0.315371 0.315369
vn 0.867144 0.262166 -0.423474
vn 0.567589 0.176051 -0.804269
vn -0.895033 0.315371 -0.315369
vn 0.209394 0.155797 -0.965340
vn 0.209397 0.155793 0.965340
vn 0.980285 -0.139716 -0.139714
vn 0.980286 0.139714 0.139714
vn 0.980285 -0.139715 0.139715
vn 0.980286 0.139715 -0.139714
vn 0.665240 -0.746629 -0.000000
vn 0.665240 -0.746629 -0.000000
vn 0.665240 -0.746629 -0.000000
vn 0.642683 0.000000 -0.766132
vn 0.642683 0.000000 -0.766132
vn 0.642683 0.000000 -0.766132
vn 0.642683 0.000000 -0.766132
vn 0.665243 0.746627 -0.000000
vn 0.665243 0.746627 -0.000000
vn 0.642686 -0.000000 0.766130
vn 0.642686 -0.000000 0.766130
vn 0.642686 -0.000000 0.766130
vn 0.956105 -0.293025 -0.000000
vn 0.909310 -0.278684 -0.309017
vn 0.773505 -0.237062 -0.587785
vn 0.561984 -0.172236 -0.809017
vn 0.295453 -0.090550 -0.951056
vn -0.000000 0.000000 -1.000000
vn -0.295453 0.090550 -0.951056
vn -0.561984 0.172236 -0.809017
vn -0.773505 0.237062 -0.587785
vn -0.909310 0.278684 -0.309017
vn -0.956105 0.293025 0.000000
vn -0.909309 0.278683 0.309017
vn -0.773505 0.237062 0.587786
vn -0.561984 0.172236 0.809017
vn -0.295452 0.090549 0.951057
vn 0.000001 -0.000000 1.000000
vn 0.295454 -0.090550 0.951056
vn 0.561985 -0.172236 0.809016
vn 0.773506 -0.237063 0.587784
vn 0.909310 -0.278684 0.309016
vn 0.863970 0.503543 -0.000000
vn 0.832220 0.513274 -0.209667
vn 0.832220 0.513274 -0.209667
vn 0.863970 0.503543 -0.000000
vn 0.740077 0.541514 -0.398809
vn 0.596561 0.585498 -0.548914
vn 0.596561 0.585498 -0.548914
vn 0.415721 0.640922 -0.645287
vn 0.415721 0.640922 -0.645287
vn 0.215258 0.702359 -0.678495
vn 0.215258 0.702359 -0.678495
vn 0.014795 0.763797 -0.645287
vn 0.014795 0.763797 -0.645287
vn -0.166046 0.819221 -0.548914
vn -0.166046 0.819220 -0.548914
vn -0.309561 0.863205 -0.398809
vn -0.309561 0.863205 -0.398809
vn -0.401704 0.891445 -0.209666
vn -0.401704 0.891445 -0.209666
vn -0.433454 0.901176 0.000000
vn -0.433454 0.901175 0.000000
vn -0.401704 0.891445 0.209667
vn -0.401704 0.891445 0.209667
vn -0.309561 0.863205 0.398810
vn -0.309561 0.863205 0.398810
vn -0.166045 0.819220 0.548914
vn -0.166045 0.819220 0.548914
vn 0.014795 0.763797 0.645287
vn 0.014795 0.763797 0.645287
vn 0.215258 0.702359 0.678495
vn 0.215258 0.702359 0.678495
vn 0.415721 0.640922 0.645287
vn 0.415722 0.640922 0.645287
vn 0.596562 0.585498 0.548913
vn 0.740077 0.541514 0.398809
vn 0.740077 0.541514 0.398809
vn 0.832220 0.513274 0.209666
vn 0.832220 0.513274 0.209666
vn -0.293025 -0.956105 -0.000000
vn 0.293025 0.956105 -0.000000
vn 0.293025 0.956105 -0.000000
vn 0.293025 0.956105 -0.000000
vn 0.293025 0.956105 -0.000000
vn 0.293025 0.956105 -0.000000
vn 0.293025 0.956105 -0.000000
vn 0.293025 0.956105 -0.000000
vn 0.293025 0.956105 -0.000000
vn 0.293025 0.956105 -0.000000
vn 0.293025 0.956105 -0.000000
vn 0.293025 0.956105 -0.000000
vn 0.293025 0.956105 0.000000
vn 0.293025 0.956105 0.000000
vn 0.293025 0.956105 0.000000
vn 0.293025 0.956105 0.000000
vn 0.293025 0.956105 0.000000
vn 0.293025 0.956105 0.000000
vn 0.293025 0.956105 0.000000
vn 0.293025 0.956105 0.000000
vn 0.293025 0.956105 0.000000
vn 0.293025 0.956105 0.000000
vn 0.956105 -0.293025 -0.000000
vn 0.909310 -0.278683 -0.309017
vn 0.773505 -0.237062 -0.587785
vn 0.561984 -0.172236 -0.809017
vn 0.295453 -0.090550 -0.951056
vn -0.295453 0.090550 -0.951056
vn -0.561984 0.172236 -0.809017
vn -0.773505 0.237062 -0.587785
vn -0.909310 0.278684 -0.309017
vn -0.956105 0.293025 0.000000
vn -0.909309 0.278683 0.309017
vn -0.773505 0.237062 0.587786
vn -0.561984 0.172236 0.809017
vn -0.295452 0.090549 0.951057
vn 0.000001 -0.000000 1.000000
vn 0.295454 -0.090550 0.951056
vn 0.561985 -0.172236 0.809016
vn 0.773506 -0.237063 0.587784
vn 0.909310 -0.278684 0.309016
vn 0.921989 0.387215 -0.000000
vn 0.886048 0.398230 -0.237342
vn 0.886048 0.398230 -0.237342
vn 0.921989 0.387215 -0.000000
vn 0.781743 0.430198 -0.451451
vn 0.781743 0.430198 -0.451451
vn 0.619283 0.479988 -0.621369
vn 0.619283 0.479988 -0.621369
vn 0.414573 0.542727 -0.730464
vn 0.414573 0.542727 -0.730464
vn 0.187648 0.612274 -0.768055
vn 0.187648 0.612274 -0.768055
vn -0.039275 0.681821 -0.730463
vn -0.039275 0.681821 -0.730463
vn -0.243986 0.744561 -0.621369
vn -0.243986 0.744561 -0.621369
vn -0.406445 0.794352 -0.451451
vn -0.406445 0.794352 -0.451451
vn -0.510751 0.826319 -0.237342
vn -0.510751 0.826319 -0.237342
vn -0.546692 0.837334 0.000000
vn -0.546692 0.837334 0.000000
vn -0.510750 0.826319 0.237342
vn -0.510750 0.826319 0.237342
vn -0.406444 0.794352 0.451451
vn -0.406444 0.794352 0.451451
vn -0.243985 0.744561 0.621369
vn -0.039275 0.681821 0.730464
vn -0.039275 0.681821 0.730464
vn 0.187649 0.612273 0.768056
vn 0.187649 0.612273 0.768056
vn 0.414573 0.542726 0.730464
vn 0.414573 0.542726 0.730464
vn 0.619284 0.479988 0.621369
vn 0.781743 0.430197 0.451450
vn 0.781743 0.430197 0.451450
vn 0.886048 0.398230 0.237341
vn 0.886048 0.398230 0.237341
vn -0.293025 -0.956105 -0.000000
vn 0.293025 0.956105 -0.000000
vn 0.293025 0.956105 -0.000000
vn 0.293025 0.956105 -0.000000
vn 0.293025 0.956105 -0.000000
vn 0.293025 0.956105 -0.000000
vn 0.293025 0.956105 -0.000000
vn 0.293025 0.956105 -0.000000
vn 0.293025 0.956105 -0.000000
vn 0.293025 0.956105 -0.000000
vn 0.293025 0.956105 -0.000000
vn 0.293025 0.956105 -0.000000
vn 0.293025 0.956105 0.000000
vn 0.293025 0.956105 0.000000
vn 0.293025 0.956105 0.000000
vn 0.293025 0.956105 0.000000
vn 0.293025 0.956105 0.000000
vn 0.293025 0.956105 0.000000
vn 0.293025 0.956105 0.000000
vn 0.293025 0.956105 0.000000
vn 0.293025 0.956105 0.000000
vn 0.956105 -0.293025 -0.000000
vn 0.773505 -0.237062 -0.587785
vn 0.561984 -0.172236 -0.809017
vn -0.295453 0.090550 -0.951056
vn -0.773505 0.237062 -0.587785
vn -0.956105 0.293025 0.000000
vn -0.773505 0.237062 0.587786
vn -0.561984 0.172236 0.809017
vn -0.295452 0.090549 0.951057
vn 0.000001 -0.000000 1.000000
vn 0.561985 -0.172236 0.809016
vn 0.909310 -0.278684 0.309016
vn 0.832220 0.513274 -0.209666
vn 0.832220 0.513274 -0.209666
vn 0.863970 0.503543 -0.000000
vn 0.863970 0.503543 -0.000000
vn 0.740077 0.541514 -0.398809
vn 0.596561 0.585498 -0.548914
vn 0.415721 0.640922 -0.645287
vn 0.215258 0.702359 -0.678495
vn 0.215258 0.702359 -0.678495
vn 0.014795 0.763797 -0.645287
vn 0.014795 0.763797 -0.645287
vn -0.166046 0.819221 -0.548914
vn -0.166046 0.819220 -0.548914
vn -0.309561 0.863205 -0.398809
vn -0.309561 0.863205 -0.398809
vn -0.401704 0.891445 -0.209666
vn -0.401704 0.891445 -0.209666
vn -0.433454 0.901175 0.000000
vn -0.433454 0.901175 0.000000
vn -0.401704 0.891445 0.209667
vn -0.166045 0.819220 0.548914
vn -0.166045 0.819220 0.548914
vn 0.014795 0.763797 0.645287
vn 0.014795 0.763797 0.645287
vn 0.215258 0.702359 0.678495
vn 0.215258 0.702359 0.678495
vn 0.596562 0.585498 0.548913
vn 0.740077 0.541514 0.398809
vn 0.740077 0.541514 0.398809
vn 0.832220 0.513274 0.209666
vn 0.832220 0.513274 0.209666
vn 0.909310 -0.278683 -0.309017
vn 0.956105 -0.293025 -0.000000
vn 0.773505 -0.237062 -0.587785
vn 0.561984 -0.172236 -0.809017
vn 0.295453 -0.090550 -0.951056
vn -0.000000 0.000000 -1.000000
vn -0.295453 0.090550 -0.951056
vn -0.561984 0.172236 -0.809017
vn -0.909309 0.278683 0.309017
vn -0.561984 0.172236 0.809017
vn 0.000001 -0.000000 1.000000
vn 0.295454 -0.090550 0.951056
vn 0.561985 -0.172236 0.809016
vn 0.773506 -0.237063 0.587784
vn 0.909310 -0.278684 0.309016
vn 0.832220 0.513274 -0.209667
vn 0.832220 0.513274 -0.209667
vn 0.863970 0.503543 -0.000000
vn 0.863970 0.503543 -0.000000
vn 0.740077 0.541514 -0.398809
vn 0.596561 0.585498 -0.548914
vn 0.596561 0.585498 -0.548914
vn 0.215258 0.702359 -0.678495
vn 0.014795 0.763797 -0.645287
vn 0.014795 0.763797 -0.645287
vn -0.166046 0.819221 -0.548914
vn -0.166046 0.819221 -0.548914
vn -0.309561 0.863205 -0.398809
vn -0.401704 0.891445 -0.209666
vn -0.433454 0.901175 0.000000
vn -0.433454 0.901175 0.000000
vn -0.401704 0.891445 0.209667
vn -0.309561 0.863205 0.398810
vn -0.309561 0.863205 0.398809
vn -0.166045 0.819220 0.548914
vn -0.166045 0.819220 0.548914
vn 0.014795 0.763797 0.645287
vn 0.215258 0.702359 0.678495
vn 0.415721 0.640922 0.645287
vn 0.596562 0.585498 0.548913
vn 0.740077 0.541514 0.398809
vn 0.832220 0.513274 0.209666
vn 0.832220 0.513274 0.209666
vn 0.909310 -0.278683 -0.309017
vn 0.956105 -0.293025 -0.000000
vn 0.773505 -0.237062 -0.587785
vn 0.561984 -0.172236 -0.809017
vn 0.295452 -0.090550 -0.951057
vn -0.000000 0.000000 -1.000000
vn -0.295453 0.090550 -0.951056
vn -0.561984 0.172236 -0.809017
vn -0.773505 0.237062 -0.587786
vn -0.956105 0.293025 0.000001
vn -0.773505 0.237062 0.587786
vn 0.000001 -0.000000 1.000000
vn 0.295453 -0.090550 0.951056
vn 0.773506 -0.237063 0.587784
vn 0.909310 -0.278684 0.309016
vn 0.832220 0.513274 -0.209666
vn 0.832220 0.513274 -0.209666
vn 0.863970 0.503543 -0.000000
vn 0.863970 0.503543 -0.000000
vn 0.740077 0.541514 -0.398809
vn 0.596561 0.585498 -0.548914
vn 0.596561 0.585498 -0.548914
vn 0.215258 0.702359 -0.678495
vn 0.215258 0.702359 -0.678495
vn 0.014795 0.763797 -0.645287
vn 0.014795 0.763797 -0.645287
vn -0.166046 0.819220 -0.548914
vn -0.166046 0.819220 -0.548914
vn -0.309561 0.863205 -0.398809
vn -0.309561 0.863205 -0.398809
vn -0.401704 0.891445 -0.209666
vn -0.401704 0.891445 -0.209666
vn -0.433455 0.901175 0.000000
vn -0.433455 0.901175 0.000000
vn -0.401704 0.891445 0.209667
vn -0.401704 0.891445 0.209667
vn -0.309561 0.863205 0.398810
vn -0.309561 0.863205 0.398810
vn -0.166045 0.819220 0.548914
vn -0.166045 0.819220 0.548914
vn 0.014795 0.763797 0.645287
vn 0.014795 0.763797 0.645287
vn 0.215258 0.702359 0.678495
vn 0.415721 0.640922 0.645287
vn 0.415722 0.640922 0.645287
vn 0.596562 0.585498 0.548913
vn 0.596562 0.585498 0.548913
vn 0.740077 0.541514 0.398809
vn 0.832220 0.513274 0.209666
vn 0.832220 0.513274 0.209666
vn 0.956105 -0.293025 0.000000
vn 0.773505 -0.237062 -0.587786
vn 0.561984 -0.172236 -0.809017
vn 0.295453 -0.090550 -0.951056
vn -0.000000 0.000000 -1.000000
vn -0.295453 0.090550 -0.951056
vn -0.561984 0.172236 -0.809017
vn -0.773505 0.237062 -0.587785
vn -0.909310 0.278684 -0.309017
vn -0.956105 0.293025 0.000000
vn -0.909309 0.278683 0.309018
vn -0.773505 0.237062 0.587786
vn -0.561984 0.172236 0.809017
vn -0.295451 0.090549 0.951057
vn 0.000001 -0.000000 1.000000
vn 0.295453 -0.090550 0.951056
vn 0.773506 -0.237063 0.587783
vn 0.832220 0.513274 -0.209667
vn 0.832220 0.513274 -0.209667
vn 0.863970 0.503543 -0.000000
vn 0.863970 0.503543 -0.000000
vn 0.740077 0.541514 -0.398809
vn 0.740077 0.541514 -0.398809
vn 0.596561 0.585498 -0.548914
vn 0.415721 0.640922 -0.645287
vn 0.415721 0.640922 -0.645287
vn 0.215258 0.702359 -0.678495
vn 0.215258 0.702359 -0.678495
vn 0.014795 0.763797 -0.645287
vn 0.014794 0.763797 -0.645287
vn -0.166046 0.819220 -0.548914
vn -0.166046 0.819220 -0.548914
vn -0.309561 0.863205 -0.398809
vn -0.309561 0.863205 -0.398809
vn -0.401704 0.891445 -0.209666
vn -0.401704 0.891445 -0.209666
vn -0.433454 0.901176 0.000000
vn -0.433454 0.901176 -0.000000
vn -0.401703 0.891445 0.209667
vn -0.401703 0.891445 0.209667
vn -0.166045 0.819221 0.548914
vn -0.166046 0.819221 0.548914
vn 0.014795 0.763797 0.645287
vn 0.014795 0.763797 0.645287
vn 0.215258 0.702359 0.678495
vn 0.215258 0.702359 0.678495
vn 0.415722 0.640922 0.645287
vn 0.415721 0.640922 0.645287
vn 0.596562 0.585498 0.548913
vn 0.596562 0.585498 0.548913
vn 0.740078 0.541514 0.398808
vn 0.832220 0.513273 0.209666
vn 0.832220 0.513273 0.209666
vn 0.909310 -0.278683 -0.309017
vn 0.956105 -0.293025 -0.000000
vn 0.773505 -0.237062 -0.587786
vn 0.295452 -0.090550 -0.951057
vn -0.000001 0.000000 -1.000000
vn -0.295453 0.090550 -0.951056
vn -0.773505 0.237062 -0.587785
vn -0.909310 0.278683 -0.309017
vn -0.956105 0.293025 0.000000
vn -0.909310 0.278683 0.309017
vn -0.773505 0.237062 0.587786
vn -0.561983 0.172236 0.809018
vn -0.295452 0.090549 0.951057
vn 0.000001 -0.000000 1.000000
vn 0.295453 -0.090550 0.951056
vn 0.909310 -0.278684 0.309016
vn 0.832220 0.513274 -0.209666
vn 0.863970 0.503543 -0.000000
vn 0.863970 0.503543 -0.000000
vn 0.740077 0.541514 -0.398809
vn 0.740077 0.541514 -0.398809
vn 0.596561 0.585498 -0.548914
vn 0.415721 0.640922 -0.645287
vn 0.415721 0.640922 -0.645287
vn 0.215257 0.702359 -0.678495
vn 0.215257 0.702359 -0.678495
vn 0.014794 0.763797 -0.645287
vn 0.014795 0.763797 -0.645287
vn -0.166046 0.819220 -0.548914
vn -0.166046 0.819220 -0.548914
vn -0.309561 0.863205 -0.398809
vn -0.309561 0.863205 -0.398809
vn -0.401704 0.891445 -0.209666
vn -0.401704 0.891445 -0.209666
vn -0.433454 0.901175 0.000000
vn -0.433454 0.901175 0.000000
vn -0.309561 0.863205 0.398809
vn -0.309561 0.863205 0.398809
vn -0.166045 0.819221 0.548914
vn -0.166045 0.819221 0.548914
vn 0.014795 0.763797 0.645287
vn 0.215258 0.702359 0.678495
vn 0.415721 0.640922 0.645287
vn 0.415721 0.640922 0.645287
vn 0.596562 0.585498 0.548913
vn 0.740077 0.541514 0.398809
vn 0.832220 0.513274 0.209666
vn 0.832220 0.513274 0.209666
vn 0.773505 -0.237062 -0.587785
vn 0.561984 -0.172236 -0.809017
vn 0.295452 -0.090550 -0.951057
vn -0.295452 0.090550 -0.951057
vn -0.561984 0.172236 -0.809017
vn -0.561983 0.172236 0.809018
vn -0.295452 0.090550 0.951057
vn 0.000001 -0.000000 1.000000
vn 0.295454 -0.090550 0.951056
vn 0.832220 0.513274 -0.209667
vn 0.832220 0.513274 -0.209666
vn 0.863970 0.503543 -0.000000
vn 0.863970 0.503543 -0.000000
vn 0.415721 0.640922 -0.645287
vn 0.215258 0.702359 -0.678495
vn 0.215257 0.702359 -0.678495
vn 0.014795 0.763797 -0.645287
vn -0.166046 0.819220 -0.548914
vn -0.309561 0.863205 -0.398809
vn -0.309561 0.863205 -0.398809
vn -0.401704 0.891445 -0.209666
vn -0.433454 0.901175 0.000000
vn -0.433454 0.901175 0.000000
vn -0.401704 0.891445 0.209667
vn -0.309561 0.863205 0.398809
vn -0.309561 0.863205 0.398809
vn -0.166045 0.819220 0.548914
vn 0.014795 0.763797 0.645287
vn 0.014795 0.763797 0.645287
vn 0.215258 0.702359 0.678495
vn 0.215258 0.702359 0.678495
vn 0.740077 0.541514 0.398809
vn 0.740077 0.541514 0.398809
vn 0.832220 0.513274 0.209666
vn 0.909310 -0.278683 -0.309017
vn 0.956105 -0.293025 -0.000000
vn 0.773505 -0.237062 -0.587786
vn 0.295452 -0.090550 -0.951057
vn -0.000000 0.000000 -1.000000
vn -0.773505 0.237062 -0.587786
vn -0.909310 0.278683 -0.309017
vn -0.956105 0.293025 0.000001
vn -0.909310 0.278683 0.309017
vn 0.000001 -0.000000 1.000000
vn 0.773506 -0.237063 0.587784
vn 0.909310 -0.278684 0.309016
vn 0.832220 0.513274 -0.209666
vn 0.832220 0.513274 -0.209666
vn 0.863970 0.503543 -0.000000
vn 0.863970 0.503543 -0.000000
vn 0.740077 0.541514 -0.398809
vn 0.596561 0.585498 -0.548914
vn 0.596561 0.585498 -0.548914
vn 0.415721 0.640922 -0.645287
vn 0.415721 0.640922 -0.645287
vn 0.215258 0.702359 -0.678495
vn 0.215258 0.702359 -0.678495
vn 0.014794 0.763797 -0.645287
vn 0.014795 0.763797 -0.645287
vn -0.166046 0.819220 -0.548914
vn -0.166046 0.819220 -0.548914
vn -0.309562 0.863205 -0.398810
vn -0.401704 0.891445 -0.209666
vn -0.433455 0.901175 0.000000
vn -0.433455 0.901175 0.000000
vn -0.401704 0.891445 0.209667
vn -0.401704 0.891445 0.209667
vn -0.309561 0.863205 0.398810
vn -0.309561 0.863205 0.398810
vn -0.166045 0.819220 0.548914
vn -0.166045 0.819220 0.548914
vn 0.014795 0.763797 0.645287
vn 0.014795 0.763797 0.645287
vn 0.215258 0.702359 0.678495
vn 0.215258 0.702359 0.678495
vn 0.415722 0.640922 0.645287
vn 0.596562 0.585498 0.548913
vn 0.740077 0.541514 0.398809
vn 0.832220 0.513274 0.209666
vn 0.956105 -0.293025 0.000000
vn 0.773505 -0.237062 -0.587786
vn 0.561984 -0.172236 -0.809017
vn 0.295452 -0.090550 -0.951057
vn -0.000001 0.000000 -1.000000
vn -0.561984 0.172236 -0.809017
vn -0.773505 0.237062 -0.587785
vn -0.956105 0.293025 0.000000
vn -0.909309 0.278683 0.309018
vn -0.773505 0.237062 0.587786
vn -0.561984 0.172236 0.809017
vn -0.295451 0.090549 0.951057
vn 0.000000 -0.000000 1.000000
vn 0.295453 -0.090550 0.951056
vn 0.909310 -0.278684 0.309016
vn 0.832220 0.513274 -0.209667
vn 0.832219 0.513274 -0.209666
vn 0.863970 0.503543 -0.000000
vn 0.863970 0.503543 -0.000000
vn 0.740077 0.541514 -0.398809
vn 0.740077 0.541514 -0.398809
vn 0.596561 0.585498 -0.548914
vn 0.415721 0.640922 -0.645287
vn 0.415721 0.640922 -0.645287
vn 0.215257 0.702359 -0.678495
vn 0.215257 0.702359 -0.678495
vn 0.014794 0.763797 -0.645287
vn 0.014794 0.763797 -0.645287
vn -0.166046 0.819220 -0.548914
vn -0.166046 0.819220 -0.548914
vn -0.309561 0.863205 -0.398809
vn -0.309561 0.863205 -0.398809
vn -0.401704 0.891445 -0.209666
vn -0.401704 0.891445 -0.209666
vn -0.433454 0.901176 0.000000
vn -0.433454 0.901176 0.000000
vn -0.401703 0.891445 0.209667
vn -0.401703 0.891445 0.209667
vn -0.309561 0.863205 0.398809
vn -0.309561 0.863205 0.398809
vn -0.166045 0.819221 0.548914
vn -0.166045 0.819221 0.548914
vn 0.014795 0.763797 0.645287
vn 0.014795 0.763797 0.645287
vn 0.215258 0.702359 0.678495
vn 0.215258 0.702359 0.678495
vn 0.415722 0.640922 0.645287
vn 0.415721 0.640922 0.645287
vn 0.596562 0.585498 0.548913
vn 0.596562 0.585498 0.548913
vn 0.740078 0.541514 0.398808
vn 0.832220 0.513273 0.209666
vn 0.832220 0.513273 0.209666
vn -0.293025 -0.956105 -0.000000
vn 0.293025 0.956105 -0.000000
vn 0.293025 0.956105 -0.000000
vn 0.293025 0.956105 -0.000000
vn 0.293025 0.956105 -0.000000
vn 0.293025 0.956105 -0.000000
vn 0.293025 0.956105 -0.000000
vn 0.293025 0.956105 -0.000000
vn 0.293025 0.956105 -0.000000
vn 0.293025 0.956105 -0.000000
vn 0.293025 0.956105 -0.000000
vn 0.293025 0.956105 -0.000000
vn 0.293025 0.956105 0.000000
vn 0.293025 0.956105 0.000000
vn 0.293025 0.956105 0.000000
vn 0.293025 0.956105 0.000000
vn 0.293025 0.956105 0.000000
vn 0.293025 0.956105 0.000000
vn 0.293025 0.956105 0.000000
vn 0.293025 0.956105 0.000000
vn 0.293025 0.956105 0.000000
vn 0.293025 0.956105 0.000000
vn 0.293025 0.956105 -0.000000
vn 0.293025 0.956105 -0.000000
vn 0.293025 0.956105 -0.000000
vn 0.293025 0.956105 -0.000000
vn 0.293025 0.956105 -0.000000
vn 0.293025 0.956105 -0.000000
vn 0.293025 0.956105 -0.000000
vn 0.293025 0.956105 -0.000000
vn 0.293025 0.956105 0.000000
vn 0.293025 0.956105 0.000000
vn 0.293025 0.956105 0.000000
vn 0.293025 0.956105 0.000000
vn 0.293025 0.956105 0.000000
vn 0.293025 0.956105 0.000000
vn 0.293025 0.956105 -0.000000
vn 0.293025 0.956105 -0.000000
vn 0.293025 0.956105 -0.000000
vn 0.293025 0.956105 -0.000000
vn 0.293025 0.956105 -0.000000
vn 0.293025 0.956105 -0.000000
vn 0.293025 0.956105 -0.000000
vn 0.293025 0.956105 -0.000000
vn 0.293025 0.956105 -0.000000
vn 0.293025 0.956105 0.000000
vn 0.293025 0.956105 0.000000
vn 0.293025 0.956105 0.000000
vn 0.293025 0.956105 0.000000
vn 0.293025 0.956105 0.000000
vn 0.293025 0.956105 0.000000
vn 0.293025 0.956105 0.000000
vn 0.293025 0.956105 0.000000
vn 0.293025 0.956105 -0.000000
vn 0.293025 0.956105 -0.000000
vn 0.293025 0.956105 -0.000000
vn 0.293025 0.956105 -0.000000
vn 0.293025 0.956105 -0.000000
vn 0.293025 0.956105 -0.000000
vn 0.293025 0.956105 -0.000000
vn 0.293025 0.956105 0.000000
vn 0.293025 0.956105 0.000000
vn 0.293025 0.956105 0.000000
vn 0.293025 0.956105 0.000000
vn 0.293025 0.956105 0.000000
vn 0.293025 0.956105 0.000000
vn 0.293025 0.956105 0.000000
vn 0.293025 0.956105 0.000000
vn 0.293025 0.956105 -0.000000
vn 0.293025 0.956105 -0.000000
vn 0.293025 0.956105 -0.000000
vn 0.293025 0.956105 -0.000000
vn 0.293025 0.956105 0.000000
vn 0.293025 0.956105 0.000000
vn 0.293025 0.956105 0.000000
vn 0.293025 0.956105 -0.000000
vn 0.293025 0.956105 -0.000000
vn 0.293025 0.956105 0.000000
vn 0.293025 0.956105 -0.000000
vn 0.293025 0.956105 -0.000000
vn 0.293025 0.956105 0.000000
vn 0.293025 0.956105 0.000000
vn 0.293025 0.956105 0.000000
vn 0.293025 0.956105 0.000000
vn 0.293025 0.956105 0.000000
vn 0.293025 0.956105 -0.000000
vn 0.293025 0.956105 -0.000000
vn 0.293025 0.956105 0.000000
vn 0.293025 0.956105 -0.000000
vn 0.293025 0.956105 -0.000000
vn 0.293025 0.956105 0.000000
vn 0.293025 0.956105 0.000000
vn 0.293025 0.956105 0.000000
vn 0.293025 0.956105 -0.000000
vn 0.293025 0.956105 -0.000000
vn 0.293025 0.956105 0.000000
vn 0.293025 0.956105 -0.000000
vn 0.293025 0.956105 -0.000000
vn 0.293025 0.956105 -0.000000
vn 0.293025 0.956105 0.000000
vn 0.293025 0.956105 0.000000
vn 0.293025 0.956105 0.000000
vn -0.287648 -0.957736 -0.000000
vn 0.287648 0.957736 0.000000
vn 0.000000 -0.000000 1.000000
vn 0.957736 -0.287648 -0.000000
vn 0.000000 0.000000 -1.000000
vn -0.957736 0.287648 0.000000
vn 0.257018 0.855752 0.449032
vn 0.257018 0.855752 0.449032
vn 0.772086 0.635518 0.000000
vn 0.772086 0.635518 0.000000
vn 0.257018 0.855752 -0.449032
vn 0.257018 0.855752 -0.449032
vn -0.294160 0.955756 0.000000
vn 0.257018 0.855752 0.449032
vn 0.772086 0.635518 0.000000
vn 0.257018 0.855752 -0.449032
vn -0.294160 0.955756 0.000000
vn -0.294160 0.955756 0.000000
vn 0.257018 0.855752 -0.449032
vn 0.257018 0.855753 -0.449031
vn 0.257018 0.855752 -0.449031
vn 0.772086 0.635518 0.000000
vn 0.257018 0.855753 -0.449031
vn 0.257018 0.855752 -0.449031
vn -0.294160 0.955756 0.000000
vn 0.959237 -0.282601 -0.000000
vn 0.911581 -0.268561 -0.311280
vn 0.952912 0.082698 -0.291752
vn 0.997562 0.069792 -0.000000
vn 0.773866 -0.227989 -0.590891
vn 0.823841 0.120076 -0.553957
vn 0.560846 -0.165231 -0.811265
vn 0.624078 0.178134 -0.760786
vn 0.294262 -0.086693 -0.951785
vn 0.373976 0.251177 -0.892778
vn -0.000000 0.000000 -1.000000
vn 0.097890 0.332271 -0.938090
vn -0.294262 0.086693 -0.951785
vn -0.178063 0.413813 -0.892778
vn -0.560846 0.165231 -0.811265
vn -0.427818 0.488033 -0.760786
vn -0.773866 0.227989 -0.590891
vn -0.627150 0.547553 -0.553957
vn -0.911581 0.268561 -0.311280
vn -0.755871 0.586123 -0.291751
vn -0.959237 0.282601 0.000000
vn -0.800386 0.599485 0.000000
vn -0.911581 0.268561 0.311281
vn -0.755871 0.586123 0.291752
vn -0.773866 0.227989 0.590891
vn -0.627150 0.547553 0.553957
vn -0.560845 0.165231 0.811265
vn -0.427818 0.488033 0.760786
vn -0.294261 0.086692 0.951785
vn -0.178062 0.413813 0.892778
vn 0.000001 -0.000000 1.000000
vn 0.097891 0.332270 0.938091
vn 0.294263 -0.086693 0.951784
vn 0.373976 0.251176 0.892778
vn 0.560847 -0.165231 0.811264
vn 0.624079 0.178133 0.760785
vn 0.773867 -0.227989 0.590890
vn 0.823841 0.120076 0.553956
vn 0.911581 -0.268561 0.311279
vn 0.952913 0.082698 0.291751
vn 0.539997 0.836616 -0.092067
vn 0.553246 0.833018 -0.000000
vn 0.501166 0.847181 -0.176399
vn 0.439542 0.864005 -0.245558
vn 0.359874 0.885858 -0.292824
vn 0.268879 0.910962 -0.312813
vn 0.174996 0.937024 -0.302262
vn 0.087763 0.961386 -0.260833
vn 0.016781 0.981314 -0.191679
vn -0.029624 0.994393 -0.101513
vn -0.045767 0.998952 0.000000
vn -0.029624 0.994393 0.101513
vn 0.016782 0.981314 0.191679
vn 0.087763 0.961386 0.260833
vn 0.174996 0.937024 0.302262
vn 0.268880 0.910962 0.312813
vn 0.359875 0.885858 0.292824
vn 0.439542 0.864005 0.245558
vn 0.501166 0.847181 0.176399
vn 0.539997 0.836616 0.092066
vn -0.282601 -0.959237 -0.000000
vn 0.285264 0.958449 0.000000
vn 0.285264 0.958449 -0.000000
vn 0.285264 0.958449 -0.000000
vn 0.285264 0.958449 -0.000000
vn 0.285264 0.958449 -0.000000
vn 0.285264 0.958449 -0.000000
vn 0.285264 0.958449 -0.000000
vn 0.285264 0.958449 -0.000000
vn 0.285264 0.958449 -0.000000
vn 0.285264 0.958449 -0.000000
vn 0.285264 0.958449 -0.000000
vn 0.285264 0.958449 -0.000000
vn 0.285264 0.958449 0.000000
vn 0.285264 0.958449 0.000000
vn 0.285264 0.958449 0.000000
vn 0.285264 0.958449 0.000000
vn 0.285264 0.958449 0.000000
vn 0.285264 0.958449 0.000000
vn 0.285264 0.958449 0.000000
vn 0.285264 0.958449 0.000000
vn 0.285264 0.958449 0.000000
vn 0.261672 0.965129 0.007344
vn 0.259395 0.965771 0.000000
vn 0.267633 0.963448 0.011885
vn 0.275005 0.961369 0.011887
vn 0.280971 0.959688 0.007348
vn 0.283250 0.959046 0.000000
vn 0.280971 0.959688 -0.007347
vn 0.275005 0.961369 -0.011886
vn 0.267634 0.963447 -0.011884
vn 0.261672 0.965129 -0.007344
vn 0.259396 0.965771 0.000000
vn 0.261672 0.965129 0.007344
vn 0.267634 0.963447 0.011884
vn 0.275005 0.961369 0.011886
vn 0.280971 0.959688 0.007347
vn 0.283250 0.959046 -0.000000
vn 0.280971 0.959688 -0.007348
vn 0.275005 0.961369 -0.011887
vn 0.267633 0.963448 -0.011884
vn 0.261672 0.965129 -0.007344
vn -0.951975 0.306175 0.000000
vn -0.904735 0.290981 0.311103
vn -0.904677 0.290963 0.311288
vn -0.951975 0.306175 0.000000
vn -0.768192 0.247066 0.590626
vn -0.767985 0.246999 0.590923
vn -0.556905 0.179112 0.811034
vn -0.556516 0.178986 0.811328
vn -0.292382 0.094035 0.951667
vn -0.291847 0.093864 0.951848
vn -0.000295 0.000095 1.000000
vn 0.000295 -0.000095 1.000000
vn 0.291848 -0.093863 0.951848
vn 0.292382 -0.094035 0.951667
vn 0.556516 -0.178985 0.811328
vn 0.556905 -0.179111 0.811034
vn 0.767986 -0.246997 0.590923
vn 0.768193 -0.247064 0.590626
vn 0.904678 -0.290960 0.311287
vn 0.904735 -0.290979 0.311103
vn 0.951976 -0.306172 -0.000000
vn 0.951976 -0.306172 -0.000000
vn 0.904678 -0.290960 -0.311288
vn 0.904735 -0.290978 -0.311104
vn 0.767986 -0.246997 -0.590923
vn 0.768192 -0.247063 -0.590627
vn 0.556516 -0.178985 -0.811328
vn 0.556905 -0.179110 -0.811034
vn 0.291847 -0.093863 -0.951848
vn 0.292381 -0.094035 -0.951667
vn -0.000296 0.000095 -1.000000
vn 0.000294 -0.000094 -1.000000
vn -0.292383 0.094036 -0.951667
vn -0.291849 0.093864 -0.951848
vn -0.556906 0.179112 -0.811033
vn -0.556517 0.178987 -0.811327
vn -0.768193 0.247066 -0.590625
vn -0.767986 0.246999 -0.590922
vn -0.904735 0.290981 -0.311102
vn -0.904678 0.290962 -0.311286
vn 0.711313 0.702876 0.000000
vn 0.711313 0.702876 0.000000
vn 0.562653 -0.000000 0.826693
vn 0.711313 -0.702876 -0.000000
vn 0.711313 -0.702876 -0.000000
vn 0.711313 -0.702876 -0.000000
vn 0.562652 0.000000 -0.826694
vn 0.000000 -0.018704 -0.999825
vn 0.000000 -0.074924 -0.997189
vn 0.502921 -0.064759 -0.861903
vn 0.501285 -0.016204 -0.865130
vn 0.868828 -0.037096 -0.493723
vn 0.867331 -0.009365 -0.497643
vn 0.999981 0.000462 0.006152
vn 0.999995 -0.000000 0.003094
vn 0.863486 0.037789 0.502956
vn 0.864653 0.009394 0.502281
vn 0.497572 0.064990 0.864985
vn 0.498610 0.016291 0.866674
vn 0.000000 0.074923 0.997189
vn 0.000000 0.018820 0.999823
vn -0.497572 0.064990 0.864985
vn -0.498610 0.016291 0.866674
vn -0.863486 0.037789 0.502956
vn -0.864653 0.009394 0.502281
vn -0.999981 0.000462 0.006152
vn -0.999995 0.000000 0.003094
vn -0.868828 -0.037096 -0.493722
vn -0.867331 -0.009365 -0.497643
vn -0.502921 -0.064759 -0.861903
vn -0.501285 -0.016204 -0.865130
vn 0.000000 -0.149269 -0.988797
vn 0.502912 -0.129018 -0.854654
vn 0.868820 -0.073906 -0.489581
vn 0.999981 0.000918 0.006083
vn 0.863492 0.075282 0.498712
vn 0.497578 0.129472 0.857702
vn 0.000000 0.149261 0.988798
vn -0.497578 0.129473 0.857702
vn -0.863492 0.075283 0.498712
vn -0.999981 0.000918 0.006083
vn -0.868820 -0.073906 -0.489581
vn -0.502912 -0.129018 -0.854654
vn -0.000000 -0.222618 -0.974906
vn 0.502907 -0.192417 -0.842651
vn 0.868815 -0.110225 -0.482712
vn 0.999981 0.001367 0.005988
vn 0.863496 0.112274 0.491700
vn 0.497582 0.193094 0.845652
vn 0.000000 0.222608 0.974908
vn -0.497582 0.193094 0.845652
vn -0.863496 0.112274 0.491700
vn -0.999981 0.001367 0.005988
vn -0.868815 -0.110224 -0.482712
vn -0.502908 -0.192416 -0.842650
vn -0.000000 -0.294670 -0.955599
vn 0.502907 -0.254695 -0.825963
vn 0.868815 -0.145901 -0.473152
vn 0.999981 0.001810 0.005870
vn 0.863496 0.148616 0.481963
vn 0.497581 0.255596 0.828905
vn -0.000000 0.294663 0.955601
vn -0.497581 0.255596 0.828905
vn -0.863496 0.148616 0.481963
vn -0.999981 0.001810 0.005870
vn -0.868815 -0.145901 -0.473152
vn -0.502907 -0.254695 -0.825963
vn 0.000000 -0.365135 -0.930955
vn 0.502912 -0.315600 -0.804659
vn 0.868819 -0.180789 -0.460943
vn 0.999981 0.002246 0.005727
vn 0.863492 0.184159 0.469539
vn 0.497578 0.316723 0.807529
vn -0.000000 0.365132 0.930956
vn -0.497578 0.316723 0.807529
vn -0.863492 0.184159 0.469539
vn -0.999981 0.002246 0.005727
vn -0.868820 -0.180789 -0.460943
vn -0.502912 -0.315600 -0.804659
vn 0.000000 -0.433706 -0.901055
vn 0.502921 -0.374866 -0.778811
vn 0.868828 -0.214735 -0.446125
vn 0.999981 0.002676 0.005559
vn 0.863485 0.218752 0.454468
vn 0.497572 0.376210 0.781593
vn -0.000000 0.433710 0.901052
vn -0.497572 0.376210 0.781593
vn -0.863485 0.218752 0.454467
vn -0.999981 0.002676 0.005559
vn -0.868828 -0.214735 -0.446125
vn -0.502921 -0.374866 -0.778811
vn 0.000000 -0.499991 -0.866030
vn 0.502926 -0.432158 -0.748535
vn 0.868832 -0.247551 -0.428776
vn 0.999981 0.003090 0.005351
vn 0.863482 0.252191 0.436805
vn 0.497568 0.433716 0.751210
vn -0.000000 0.500004 0.866023
vn -0.497568 0.433715 0.751210
vn -0.863481 0.252191 0.436806
vn -0.999981 0.003090 0.005351
vn -0.868832 -0.247551 -0.428776
vn -0.502926 -0.432158 -0.748535
vn -0.000000 -0.563472 -0.826135
vn 0.502921 -0.487028 -0.714055
vn 0.868828 -0.278985 -0.409030
vn 0.999981 0.003476 0.005096
vn 0.863486 0.284206 0.416677
vn 0.497572 0.488778 0.716601
vn -0.000000 0.563484 0.826127
vn -0.497572 0.488779 0.716601
vn -0.863486 0.284206 0.416677
vn -0.999981 0.003477 0.005096
vn -0.868828 -0.278984 -0.409030
vn -0.502921 -0.487028 -0.714055
vn -0.000000 -0.623661 -0.781695
vn 0.502913 -0.539054 -0.675648
vn 0.868820 -0.308793 -0.387038
vn 0.999981 0.003837 0.004809
vn 0.863492 0.314554 0.394255
vn 0.497578 0.540981 0.678052
vn -0.000000 0.623668 0.781689
vn -0.497578 0.540981 0.678052
vn -0.863492 0.314554 0.394255
vn -0.999981 0.003837 0.004809
vn -0.868820 -0.308793 -0.387038
vn -0.502913 -0.539054 -0.675647
vn -0.000000 -0.680240 -0.732990
vn 0.502907 -0.587959 -0.633552
vn 0.868815 -0.336812 -0.362929
vn 0.999981 0.004178 0.004502
vn 0.863496 0.343084 0.369686
vn 0.497582 0.590054 0.635805
vn 0.000000 0.680243 0.732987
vn -0.497582 0.590054 0.635805
vn -0.863496 0.343084 0.369686
vn -0.999981 0.004178 0.004502
vn -0.868815 -0.336812 -0.362929
vn -0.502908 -0.587959 -0.633552
vn -0.000000 -0.732989 -0.680241
vn 0.502908 -0.633551 -0.587960
vn 0.868815 -0.362929 -0.336812
vn 0.999981 0.004503 0.004179
vn 0.863496 0.369687 0.343083
vn 0.497582 0.635807 0.590053
vn 0.000000 0.732989 0.680241
vn -0.497582 0.635807 0.590053
vn -0.863496 0.369687 0.343084
vn -0.999981 0.004503 0.004179
vn -0.868815 -0.362929 -0.336812
vn -0.502908 -0.633551 -0.587959
vn -0.000000 -0.781695 -0.623661
vn 0.502912 -0.675648 -0.539054
vn 0.868820 -0.387039 -0.308793
vn 0.999981 0.004809 0.003837
vn 0.863492 0.394255 0.314553
vn 0.497579 0.678053 0.540980
vn 0.000000 0.781691 0.623666
vn -0.497578 0.678053 0.540980
vn -0.863492 0.394255 0.314553
vn -0.999981 0.004809 0.003837
vn -0.868820 -0.387039 -0.308793
vn -0.502912 -0.675648 -0.539054
vn -0.000000 -0.826135 -0.563472
vn 0.502921 -0.714054 -0.487028
vn 0.868828 -0.409030 -0.278985
vn 0.999981 0.005096 0.003476
vn 0.863486 0.416677 0.284206
vn 0.497572 0.716600 0.488780
vn 0.000000 0.826126 0.563486
vn -0.497572 0.716600 0.488780
vn -0.863486 0.416677 0.284206
vn -0.999981 0.005096 0.003476
vn -0.868828 -0.409030 -0.278985
vn -0.502921 -0.714054 -0.487028
vn -0.000000 -0.866030 -0.499992
vn 0.502926 -0.748535 -0.432159
vn 0.868832 -0.428776 -0.247551
vn 0.999981 0.005351 0.003090
vn 0.863481 0.436806 0.252192
vn 0.497568 0.751210 0.433716
vn 0.000000 0.866023 0.500004
vn -0.497568 0.751210 0.433716
vn -0.863481 0.436806 0.252192
vn -0.999981 0.005351 0.003090
vn -0.868832 -0.428776 -0.247551
vn -0.502926 -0.748535 -0.432159
vn -0.000000 -0.901053 -0.433709
vn 0.502921 -0.778809 -0.374869
vn 0.868827 -0.446125 -0.214736
vn 0.999981 0.005559 0.002675
vn 0.863485 0.454467 0.218752
vn 0.497572 0.781594 0.376209
vn 0.000000 0.901053 0.433710
vn -0.497572 0.781594 0.376210
vn -0.863485 0.454467 0.218752
vn -0.999981 0.005559 0.002676
vn -0.868828 -0.446125 -0.214736
vn -0.502920 -0.778809 -0.374869
vn -0.000000 -0.930953 -0.365138
vn 0.502912 -0.804658 -0.315602
vn 0.868820 -0.460942 -0.180789
vn 0.999981 0.005728 0.002246
vn 0.863492 0.469539 0.184158
vn 0.497578 0.807530 0.316721
vn 0.000000 0.930957 0.365129
vn -0.497578 0.807530 0.316721
vn -0.863492 0.469539 0.184158
vn -0.999981 0.005728 0.002246
vn -0.868820 -0.460942 -0.180789
vn -0.502912 -0.804658 -0.315602
vn 0.000000 -0.955598 -0.294674
vn 0.502907 -0.825962 -0.254698
vn 0.868815 -0.473152 -0.145902
vn 0.999981 0.005870 0.001810
vn 0.863496 0.481963 0.148615
vn 0.497582 0.828905 0.255595
vn 0.000000 0.955602 0.294662
vn -0.497582 0.828905 0.255595
vn -0.863496 0.481963 0.148615
vn -0.999981 0.005870 0.001810
vn -0.868815 -0.473152 -0.145902
vn -0.502907 -0.825962 -0.254697
vn 0.000000 -0.974905 -0.222620
vn 0.502908 -0.842650 -0.192418
vn 0.868815 -0.482711 -0.110225
vn 0.999981 0.005989 0.001367
vn 0.863496 0.491701 0.112274
vn 0.497581 0.845652 0.193094
vn 0.000000 0.974908 0.222607
vn -0.497581 0.845652 0.193094
vn -0.863496 0.491701 0.112274
vn -0.999981 0.005989 0.001367
vn -0.868816 -0.482711 -0.110225
vn -0.502908 -0.842650 -0.192418
vn -0.000000 -0.988797 -0.149268
vn 0.502912 -0.854654 -0.129017
vn 0.868820 -0.489582 -0.073906
vn 0.999981 0.006083 0.000918
vn 0.863492 0.498712 0.075281
vn 0.497578 0.857702 0.129470
vn 0.000000 0.988798 0.149259
vn -0.497578 0.857702 0.129471
vn -0.863492 0.498712 0.075281
vn -0.999981 0.006083 0.000918
vn -0.868820 -0.489582 -0.073906
vn -0.502912 -0.854654 -0.129018
vn -0.000000 -0.997189 -0.074926
vn 0.502921 -0.861903 -0.064761
vn 0.868828 -0.493722 -0.037097
vn 0.999981 0.006152 0.000462
vn 0.863486 0.502956 0.037789
vn 0.497572 0.864985 0.064989
vn 0.000000 0.997189 0.074922
vn -0.497572 0.864985 0.064989
vn -0.863486 0.502956 0.037789
vn -0.999981 0.006152 0.000462
vn -0.868828 -0.493722 -0.037096
vn -0.502921 -0.861903 -0.064761
vn 0.000000 -0.999296 -0.037519
vn 0.500000 -0.865415 -0.032492
vn 0.866026 -0.499647 -0.018759
vn 1.000000 0.000001 -0.000000
vn 0.866025 0.499649 0.018759
vn 0.500000 0.865416 0.032492
vn 0.000000 0.999296 0.037518
vn -0.500000 0.865416 0.032492
vn -0.866025 0.499648 0.018759
vn -1.000000 0.000001 0.000000
vn -0.866026 -0.499647 -0.018759
vn -0.500000 -0.865416 -0.032492
vn 0.497078 -0.000000 -0.867706
vn 0.000000 -0.000000 -1.000000
vn 0.863193 -0.000000 -0.504874
vn 0.999981 -0.000000 -0.006187
vn 0.868552 -0.000000 0.495598
vn 0.502431 -0.000000 0.864617
vn 0.000000 0.000000 1.000000
vn -0.502431 0.000000 0.864617
vn -0.868552 0.000000 0.495598
vn -0.999981 0.000000 -0.006187
vn -0.863193 0.000000 -0.504874
vn -0.497078 0.000000 -0.867706
vn 0.000000 0.000000 -1.000000
vn 0.502145 -0.000000 -0.864783
vn 0.497371 -0.000000 -0.867538
vn 0.000000 0.000000 -1.000000
vn 0.868267 -0.000000 -0.496098
vn 0.863487 -0.000000 -0.504371
vn 0.999985 -0.000000 0.005519
vn 0.999985 -0.000000 -0.005518
vn 0.863487 -0.000000 0.504371
vn 0.868266 -0.000000 0.496098
vn 0.497371 -0.000000 0.867538
vn 0.502145 -0.000000 0.864783
vn 0.000000 -0.000000 1.000000
vn 0.000000 -0.000000 1.000000
vn -0.497371 0.000000 0.867538
vn -0.502145 0.000000 0.864783
vn -0.863487 0.000000 0.504371
vn -0.868267 0.000000 0.496098
vn -0.999985 0.000000 0.005518
vn -0.999985 0.000000 -0.005519
vn -0.868267 0.000000 -0.496098
vn -0.863487 0.000000 -0.504371
vn -0.502145 0.000000 -0.864783
vn -0.497371 0.000000 -0.867538
vn 0.502076 -0.864824 -0.000000
vn 0.000000 -1.000000 0.000000
vn 0.000000 -1.000000 0.000000
vn 0.497442 -0.867497 -0.000000
vn -0.502076 -0.864824 0.000000
vn -0.497442 -0.867497 0.000000
vn -0.868198 -0.496219 0.000000
vn -0.863558 -0.504249 0.000000
vn -0.999986 0.005357 0.000000
vn -0.999986 -0.005357 0.000000
vn -0.863558 0.504249 0.000000
vn -0.868198 0.496219 0.000000
vn -0.497442 0.867497 0.000000
vn -0.502076 0.864824 0.000000
vn 0.000000 1.000000 -0.000000
vn 0.000000 1.000000 -0.000000
vn 0.497442 0.867497 -0.000000
vn 0.502076 0.864824 -0.000000
vn 0.863558 0.504249 -0.000000
vn 0.868198 0.496219 -0.000000
vn 0.999986 0.005357 -0.000000
vn 0.999986 -0.005357 -0.000000
vn 0.868198 -0.496219 -0.000000
vn 0.863558 -0.504249 -0.000000
vn 0.000000 0.999997 -0.002371
vn -0.013261 0.999862 -0.010030
vn -0.013264 0.999862 -0.010036
vn 0.000000 0.999997 -0.002371
vn -0.013261 0.999591 -0.025348
vn -0.013258 0.999591 -0.025354
vn 0.000000 0.999455 -0.033008
vn 0.000000 0.999455 -0.033008
vn 0.013261 0.999591 -0.025349
vn 0.013258 0.999591 -0.025355
vn 0.013261 0.999862 -0.010030
vn 0.013264 0.999862 -0.010036
vn 0.000000 0.999997 -0.002371
vn 0.000000 0.999997 -0.002371
vn -0.013261 0.999862 -0.010030
vn -0.013264 0.999862 -0.010036
vn -0.013261 0.999591 -0.025349
vn -0.013258 0.999591 -0.025355
vn 0.000000 0.999455 -0.033008
vn 0.000000 0.999455 -0.033008
vn 0.013261 0.999591 -0.025348
vn 0.013258 0.999591 -0.025354
vn 0.013261 0.999862 -0.010030
vn 0.013264 0.999862 -0.010036
vn -0.000000 -0.999440 0.033464
vn -0.000000 -0.999440 0.033464
vn -0.000000 -0.999440 0.033464
vn 0.000000 -0.999440 0.033464
vn 0.000000 -0.999440 0.033464
vn 0.000000 -0.999440 0.033464
vn 0.000000 -0.999440 0.033464
vn -0.000000 -0.999440 0.033464
vn -0.000000 -0.999440 0.033464
vn 0.000000 -0.999440 0.033464
vn -0.000000 -0.999440 0.033464
vn -0.000000 -0.999440 0.033464
vn -0.000000 -0.999440 0.033464
vn -0.013051 -0.009872 0.999866
vn 0.000000 -0.002334 0.999997
vn 0.000000 -0.002334 0.999997
vn -0.013055 -0.009878 0.999866
vn 0.013051 -0.009872 0.999866
vn 0.013055 -0.009878 0.999866
vn 0.013052 -0.024949 0.999604
vn 0.013049 -0.024955 0.999603
vn 0.000000 -0.032488 0.999472
vn 0.000000 -0.032488 0.999472
vn -0.013052 -0.024949 0.999604
vn -0.013049 -0.024954 0.999603
vn -0.013051 -0.009872 0.999866
vn -0.013055 -0.009878 0.999866
vn 0.000000 -0.002334 0.999997
vn 0.000000 -0.002334 0.999997
vn 0.013051 -0.009872 0.999866
vn 0.013055 -0.009878 0.999866
vn 0.013052 -0.024949 0.999604
vn 0.013049 -0.024955 0.999603
vn 0.000000 -0.032488 0.999472
vn 0.000000 -0.032488 0.999472
vn -0.013052 -0.024949 0.999604
vn -0.013049 -0.024954 0.999603
vn -0.000000 0.032483 -0.999472
vn -0.000000 0.032483 -0.999472
vn -0.000000 0.032483 -0.999472
vn -0.000000 0.032483 -0.999472
vn -0.000000 0.032483 -0.999472
vn -0.000000 0.032483 -0.999472
vn -0.000000 0.032483 -0.999472
vn -0.000000 0.032483 -0.999472
vn -0.000000 0.032483 -0.999472
vn -0.000000 0.032483 -0.999472
vn -0.000000 0.032483 -0.999472
vn -0.000000 0.032483 -0.999472
vn -0.000000 0.032483 -0.999472
vn -0.000000 -0.037517 -0.999296
vn -0.000000 -0.074924 -0.997189
vn 0.502921 -0.064759 -0.861903
vn 0.500000 -0.032491 -0.865416
vn 0.868828 -0.037096 -0.493723
vn 0.866025 -0.018759 -0.499648
vn 0.999981 0.000462 0.006152
vn 1.000000 -0.000000 -0.000000
vn 0.863486 0.037789 0.502956
vn 0.866026 0.018758 0.499648
vn 0.497572 0.064990 0.864984
vn 0.500000 0.032491 0.865416
vn 0.000000 0.074923 0.997189
vn 0.000000 0.037517 0.999296
vn -0.497572 0.064990 0.864985
vn -0.500000 0.032491 0.865416
vn -0.863486 0.037789 0.502956
vn -0.866025 0.018759 0.499648
vn -0.999981 0.000462 0.006152
vn -1.000000 -0.000000 0.000000
vn -0.868828 -0.037096 -0.493723
vn -0.866025 -0.018759 -0.499648
vn -0.502921 -0.064759 -0.861903
vn -0.500000 -0.032491 -0.865416
vn 0.000000 -0.149266 -0.988797
vn 0.502912 -0.129016 -0.854654
vn 0.868820 -0.073906 -0.489582
vn 0.999981 0.000918 0.006083
vn 0.863492 0.075283 0.498712
vn 0.497578 0.129473 0.857702
vn 0.000000 0.149263 0.988798
vn -0.497578 0.129473 0.857702
vn -0.863492 0.075283 0.498712
vn -0.999981 0.000918 0.006083
vn -0.868820 -0.073905 -0.489581
vn -0.502912 -0.129016 -0.854654
vn -0.000000 -0.222615 -0.974906
vn 0.502907 -0.192415 -0.842651
vn 0.868815 -0.110224 -0.482712
vn 0.999981 0.001367 0.005988
vn 0.863496 0.112275 0.491700
vn 0.497582 0.193095 0.845652
vn 0.000000 0.222609 0.974908
vn -0.497581 0.193095 0.845652
vn -0.863496 0.112275 0.491700
vn -0.999981 0.001367 0.005988
vn -0.868815 -0.110224 -0.482712
vn -0.502907 -0.192415 -0.842651
vn -0.000000 -0.294669 -0.955599
vn 0.502907 -0.254694 -0.825963
vn 0.868815 -0.145900 -0.473152
vn 0.999981 0.001810 0.005870
vn 0.863496 0.148616 0.481963
vn 0.497581 0.255597 0.828905
vn 0.000000 0.294664 0.955601
vn -0.497581 0.255597 0.828905
vn -0.863496 0.148616 0.481963
vn -0.999981 0.001810 0.005870
vn -0.868815 -0.145900 -0.473152
vn -0.502908 -0.254694 -0.825963
vn 0.000000 -0.365134 -0.930955
vn 0.502912 -0.315599 -0.804659
vn 0.868819 -0.180788 -0.460943
vn 0.999981 0.002246 0.005727
vn 0.863492 0.184159 0.469539
vn 0.497578 0.316723 0.807529
vn 0.000000 0.365133 0.930955
vn -0.497578 0.316723 0.807529
vn -0.863492 0.184159 0.469539
vn -0.999981 0.002246 0.005727
vn -0.868820 -0.180788 -0.460942
vn -0.502912 -0.315599 -0.804659
vn -0.000000 -0.433707 -0.901054
vn 0.502921 -0.374867 -0.778810
vn 0.868828 -0.214735 -0.446125
vn 0.999981 0.002676 0.005559
vn 0.863485 0.218752 0.454467
vn 0.497572 0.376209 0.781594
vn 0.000000 0.433709 0.901053
vn -0.497572 0.376209 0.781594
vn -0.863485 0.218752 0.454467
vn -0.999981 0.002676 0.005559
vn -0.868828 -0.214735 -0.446125
vn -0.502921 -0.374867 -0.778810
vn -0.000000 -0.499994 -0.866029
vn 0.502926 -0.432160 -0.748534
vn 0.868832 -0.247552 -0.428776
vn 0.999981 0.003090 0.005351
vn 0.863482 0.252191 0.436806
vn 0.497568 0.433714 0.751211
vn 0.000000 0.500003 0.866024
vn -0.497569 0.433714 0.751211
vn -0.863482 0.252191 0.436806
vn -0.999981 0.003090 0.005351
vn -0.868832 -0.247552 -0.428776
vn -0.502926 -0.432160 -0.748534
vn -0.000000 -0.563474 -0.826133
vn 0.502921 -0.487030 -0.714053
vn 0.868828 -0.278985 -0.409029
vn 0.999981 0.003476 0.005096
vn 0.863486 0.284205 0.416677
vn 0.497572 0.488778 0.716602
vn 0.000000 0.563483 0.826127
vn -0.497572 0.488778 0.716602
vn -0.863486 0.284205 0.416677
vn -0.999981 0.003476 0.005097
vn -0.868828 -0.278985 -0.409029
vn -0.502921 -0.487030 -0.714053
vn -0.000000 -0.623663 -0.781694
vn 0.502912 -0.539055 -0.675647
vn 0.868820 -0.308794 -0.387038
vn 0.999981 0.003837 0.004809
vn 0.863492 0.314554 0.394255
vn 0.497578 0.540981 0.678053
vn 0.000000 0.623667 0.781690
vn -0.497578 0.540981 0.678053
vn -0.863492 0.314554 0.394255
vn -0.999981 0.003837 0.004809
vn -0.868820 -0.308794 -0.387038
vn -0.502913 -0.539055 -0.675647
vn 0.000000 -0.680241 -0.732989
vn 0.502907 -0.587959 -0.633552
vn 0.868815 -0.336812 -0.362929
vn 0.999981 0.004178 0.004502
vn 0.863496 0.343084 0.369686
vn 0.497582 0.590054 0.635806
vn -0.000000 0.680242 0.732987
vn -0.497582 0.590054 0.635806
vn -0.863496 0.343084 0.369687
vn -0.999981 0.004178 0.004503
vn -0.868815 -0.336812 -0.362929
vn -0.502908 -0.587959 -0.633552
vn 0.000000 -0.732989 -0.680241
vn 0.502908 -0.633551 -0.587959
vn 0.868815 -0.362929 -0.336812
vn 0.999981 0.004503 0.004179
vn 0.863496 0.369687 0.343083
vn 0.497582 0.635807 0.590053
vn -0.000000 0.732988 0.680241
vn -0.497582 0.635807 0.590053
vn -0.863496 0.369687 0.343084
vn -0.999981 0.004503 0.004179
vn -0.868816 -0.362929 -0.336812
vn 0.000000 -0.781694 -0.623662
vn 0.502912 -0.675647 -0.539055
vn 0.868820 -0.387039 -0.308793
vn 0.999981 0.004809 0.003837
vn 0.863492 0.394255 0.314553
vn 0.497578 0.678054 0.540979
vn -0.000000 0.781691 0.623666
vn -0.497579 0.678054 0.540979
vn -0.863492 0.394255 0.314553
vn -0.999981 0.004809 0.003837
vn -0.868820 -0.387038 -0.308793
vn -0.502912 -0.675647 -0.539055
vn 0.000000 -0.826133 -0.563475
vn 0.502921 -0.714053 -0.487031
vn 0.868828 -0.409029 -0.278986
vn 0.999981 0.005096 0.003476
vn 0.863486 0.416677 0.284206
vn 0.497572 0.716601 0.488778
vn -0.000000 0.826127 0.563484
vn -0.497572 0.716601 0.488779
vn -0.863486 0.416677 0.284206
vn -0.999981 0.005097 0.003476
vn -0.868828 -0.409029 -0.278986
vn -0.502921 -0.714053 -0.487030
vn 0.000000 -0.866028 -0.499996
vn 0.502926 -0.748533 -0.432162
vn 0.868832 -0.428775 -0.247552
vn 0.999981 0.005351 0.003090
vn 0.863482 0.436806 0.252191
vn 0.497569 0.751211 0.433714
vn -0.000000 0.866024 0.500003
vn -0.497568 0.751210 0.433715
vn -0.863481 0.436806 0.252191
vn -0.999981 0.005351 0.003090
vn -0.868832 -0.428775 -0.247552
vn -0.502926 -0.748533 -0.432161
vn 0.000000 -0.901053 -0.433710
vn 0.502921 -0.778809 -0.374869
vn 0.868828 -0.446125 -0.214736
vn 0.999981 0.005559 0.002676
vn 0.863485 0.454467 0.218752
vn 0.497572 0.781594 0.376209
vn 0.000000 0.901053 0.433709
vn -0.497572 0.781594 0.376210
vn -0.863485 0.454467 0.218752
vn -0.999981 0.005559 0.002676
vn -0.868828 -0.446124 -0.214736
vn -0.502921 -0.778809 -0.374869
vn 0.000000 -0.930954 -0.365136
vn 0.502912 -0.804659 -0.315600
vn 0.868820 -0.460942 -0.180789
vn 0.999981 0.005728 0.002246
vn 0.863492 0.469539 0.184159
vn 0.497578 0.807529 0.316721
vn -0.000000 0.930956 0.365131
vn -0.497578 0.807529 0.316721
vn -0.863492 0.469539 0.184159
vn -0.999981 0.005728 0.002246
vn -0.868820 -0.460942 -0.180788
vn -0.502912 -0.804659 -0.315600
vn 0.000000 -0.955599 -0.294671
vn 0.502907 -0.825963 -0.254695
vn 0.868815 -0.473152 -0.145901
vn 0.999981 0.005870 0.001810
vn 0.863496 0.481963 0.148616
vn 0.497582 0.828905 0.255596
vn 0.000000 0.955601 0.294663
vn -0.497582 0.828905 0.255596
vn -0.863496 0.481963 0.148616
vn -0.999981 0.005870 0.001810
vn -0.868815 -0.473152 -0.145901
vn -0.502907 -0.825963 -0.254695
vn 0.000000 -0.974906 -0.222617
vn 0.502908 -0.842651 -0.192416
vn 0.868815 -0.482711 -0.110224
vn 0.999981 0.005989 0.001367
vn 0.863496 0.491701 0.112275
vn 0.497581 0.845652 0.193095
vn 0.000000 0.974908 0.222608
vn -0.497581 0.845652 0.193095
vn -0.863496 0.491700 0.112275
vn -0.999981 0.005989 0.001368
vn -0.868815 -0.482711 -0.110224
vn -0.502908 -0.842650 -0.192416
vn -0.000000 -0.988797 -0.149266
vn 0.502912 -0.854654 -0.129016
vn 0.868820 -0.489582 -0.073905
vn 0.999981 0.006083 0.000918
vn 0.863492 0.498712 0.075281
vn 0.497578 0.857702 0.129471
vn -0.000000 0.988798 0.149260
vn -0.497578 0.857702 0.129471
vn -0.863492 0.498712 0.075282
vn -0.999981 0.006083 0.000918
vn -0.868820 -0.489582 -0.073905
vn -0.502912 -0.854654 -0.129016
vn 0.000000 -0.997189 -0.074925
vn 0.502921 -0.861903 -0.064760
vn 0.868828 -0.493722 -0.037096
vn 0.999981 0.006152 0.000462
vn 0.863486 0.502956 0.037789
vn 0.497572 0.864984 0.064990
vn -0.000000 0.997189 0.074923
vn -0.497572 0.864984 0.064990
vn -0.863486 0.502956 0.037789
vn -0.999981 0.006152 0.000462
vn -0.868828 -0.493722 -0.037096
vn -0.502921 -0.861903 -0.064760
vn 0.000000 -0.999296 -0.037519
vn 0.500000 -0.865415 -0.032493
vn 0.866026 -0.499647 -0.018760
vn 1.000000 0.000001 -0.000000
vn 0.866025 0.499649 0.018759
vn 0.500000 0.865416 0.032491
vn -0.000000 0.999296 0.037518
vn -0.500000 0.865416 0.032492
vn -0.866025 0.499648 0.018759
vn -1.000000 0.000001 0.000000
vn -0.866026 -0.499647 -0.018759
vn -0.500000 -0.865415 -0.032492
vn -0.000000 -0.999857 0.016930
vn 0.007239 -0.999751 0.021110
vn -0.000000 -0.999296 0.037517
vn 0.007239 -0.999539 0.029471
vn -0.000000 -0.999434 0.033651
vn -0.007239 -0.999539 0.029471
vn -0.007239 -0.999751 0.021110
vn -0.000000 -0.999857 0.016930
vn 0.007239 -0.999751 0.021110
vn 0.007239 -0.999539 0.029471
vn -0.000000 -0.999434 0.033651
vn -0.007239 -0.999539 0.029471
vn -0.007239 -0.999751 0.021110
vn 0.007554 0.021347 -0.999744
vn -0.000000 0.016985 -0.999856
vn -0.000000 0.037513 -0.999296
vn -0.007555 0.021347 -0.999744
vn -0.007555 0.030072 -0.999519
vn -0.000000 0.034434 -0.999407
vn 0.007554 0.030072 -0.999519
vn 0.007554 0.021347 -0.999744
vn -0.000000 0.016985 -0.999856
vn -0.007555 0.021347 -0.999744
vn -0.007555 0.030072 -0.999519
vn -0.000000 0.034434 -0.999407
vn 0.007554 0.030072 -0.999519
vn 0.502043 -0.864843 -0.000000
vn 0.000001 -1.000000 0.000000
vn 0.000001 -1.000000 0.000000
vn 0.497476 -0.867478 -0.000000
vn -0.502042 -0.864843 0.000000
vn -0.497475 -0.867478 0.000000
vn -0.868164 -0.496276 0.000000
vn -0.863592 -0.504191 0.000000
vn -0.999986 0.005279 -0.000000
vn -0.999986 -0.005279 -0.000000
vn -0.863592 0.504191 0.000000
vn -0.868164 0.496277 0.000000
vn -0.497476 0.867478 0.000000
vn -0.502043 0.864842 0.000000
vn 0.000000 1.000000 -0.000000
vn 0.000000 1.000000 -0.000000
vn 0.497475 0.867478 -0.000000
vn 0.502043 0.864843 -0.000000
vn 0.863592 0.504191 -0.000000
vn 0.868164 0.496277 -0.000000
vn 0.999986 0.005279 -0.000000
vn 0.999986 -0.005279 -0.000000
vn 0.868164 -0.496277 -0.000000
vn 0.863592 -0.504191 -0.000000
vn -0.000000 0.000000 -1.000000
vn 0.501873 -0.000000 -0.864941
vn 0.497648 -0.000000 -0.867379
vn -0.000000 0.000000 -1.000000
vn 0.867995 0.000000 -0.496572
vn 0.863765 0.000000 -0.503895
vn 0.999988 0.000000 0.004884
vn 0.999988 0.000000 -0.004884
vn 0.863765 0.000000 0.503894
vn 0.867996 0.000000 0.496572
vn 0.497649 -0.000000 0.867379
vn 0.501874 -0.000000 0.864941
vn 0.000000 -0.000000 1.000000
vn 0.000000 -0.000000 1.000000
vn -0.497649 0.000000 0.867379
vn -0.501874 0.000000 0.864941
vn -0.863765 0.000000 0.503894
vn -0.867996 0.000000 0.496572
vn -0.999988 -0.000000 0.004885
vn -0.999988 -0.000000 -0.004884
vn -0.867996 -0.000000 -0.496572
vn -0.863765 -0.000000 -0.503894
vn -0.501874 0.000000 -0.864941
vn -0.497648 0.000000 -0.867379
vn -0.012950 -0.009795 0.999868
vn 0.000000 -0.002316 0.999997
vn 0.000000 -0.002316 0.999997
vn -0.012953 -0.009801 0.999868
vn 0.012950 -0.009795 0.999868
vn 0.012953 -0.009801 0.999868
vn 0.012950 -0.024754 0.999610
vn 0.012947 -0.024760 0.999610
vn -0.000000 -0.032234 0.999480
vn -0.000000 -0.032234 0.999480
vn -0.012950 -0.024754 0.999610
vn -0.012947 -0.024760 0.999610
vn -0.012950 -0.009795 0.999868
vn -0.012953 -0.009801 0.999868
vn 0.000000 -0.002316 0.999997
vn 0.000000 -0.002316 0.999997
vn 0.012950 -0.009795 0.999868
vn 0.012953 -0.009801 0.999868
vn 0.012950 -0.024754 0.999610
vn 0.012947 -0.024760 0.999610
vn -0.000000 -0.032234 0.999480
vn -0.000000 -0.032234 0.999480
vn -0.012950 -0.024754 0.999610
vn -0.012947 -0.024760 0.999610
vn 0.012953 0.009801 -0.999868
vn -0.000000 0.002316 -0.999997
vn 0.012947 0.024760 -0.999610
vn -0.000000 0.032234 -0.999480
vn -0.012947 0.024760 -0.999610
vn -0.012953 0.009801 -0.999868
vn -0.000000 0.002315 -0.999997
vn 0.012953 0.009801 -0.999868
vn 0.012947 0.024760 -0.999610
vn -0.000000 0.032234 -0.999480
vn -0.012947 0.024760 -0.999610
vn -0.012953 0.009801 -0.999868
vn 0.000000 0.999997 -0.002219
vn -0.012409 0.999879 -0.009386
vn -0.012412 0.999879 -0.009391
vn 0.000000 0.999997 -0.002219
vn -0.012410 0.999641 -0.023721
vn -0.012406 0.999641 -0.023726
vn 0.000000 0.999523 -0.030889
vn 0.000000 0.999523 -0.030889
vn 0.012410 0.999641 -0.023721
vn 0.012407 0.999641 -0.023726
vn 0.012409 0.999879 -0.009386
vn 0.012412 0.999879 -0.009391
vn 0.000000 0.999997 -0.002219
vn 0.000000 0.999997 -0.002219
vn -0.012409 0.999879 -0.009386
vn -0.012412 0.999879 -0.009391
vn -0.012410 0.999641 -0.023721
vn -0.012406 0.999641 -0.023726
vn 0.000000 0.999523 -0.030889
vn 0.000000 0.999523 -0.030889
vn 0.012410 0.999641 -0.023721
vn 0.012406 0.999641 -0.023726
vn 0.012409 0.999879 -0.009386
vn 0.012412 0.999879 -0.009391
vn -0.000000 -0.999997 0.002219
vn 0.012412 -0.999879 0.009391
vn -0.012412 -0.999879 0.009391
vn -0.012406 -0.999641 0.023726
vn -0.000000 -0.999523 0.030889
vn 0.012406 -0.999641 0.023726
vn 0.012412 -0.999879 0.009391
vn -0.000000 -0.999997 0.002219
vn -0.012412 -0.999879 0.009391
vn -0.012407 -0.999641 0.023726
vn -0.000000 -0.999523 0.030889
vn 0.012406 -0.999641 0.023726

# Mesh
g Base_Machine_low
usemtl M_Maquina
f 2/2/2 3/3/3 4/4/4 1/1/1
f 5/5/2 6/6/5 3/3/3 2/2/2
f 8/8/2 9/9/2 10/10/7 7/7/6
f 11/11/2 12/12/2 9/9/2 8/8/2
f 14/14/2 8/8/2 7/7/6 13/13/8
f 15/15/2 11/11/2 8/8/2 14/14/2
f 16/16/9 17/17/10 18/18/11 19/19/12
f 20/20/13 21/21/14 17/17/10 16/16/9
f 22/22/10 23/23/10 24/24/15 25/25/15
f 26/26/16 27/27/16 23/23/10 22/22/10
f 23/23/10 28/28/10 29/29/17 24/24/15
f 27/27/16 30/30/18 28/28/10 23/23/10
f 31/31/19 32/32/20 33/33/21 34/34/22
f 35/35/23 36/36/20 32/32/20 31/31/19
f 32/32/20 37/37/20 38/38/24 33/33/21
f 36/36/20 39/39/20 37/37/20 32/32/20
f 37/37/20 40/40/20 41/41/24 38/38/24
f 39/39/20 42/42/25 40/40/20 37/37/20
f 40/40/20 43/43/20 44/44/24 41/41/24
f 42/42/25 45/45/26 43/43/20 40/40/20
f 46/46/20 47/47/20 48/48/27 49/49/28
f 50/50/29 51/51/30 47/47/20 46/46/20
f 47/47/20 52/52/20 53/53/31 48/48/27
f 51/51/30 54/54/32 52/52/20 47/47/20
f 57/57/35 58/58/36 55/55/33 56/56/34
f 60/60/38 61/61/39 62/62/40 59/59/37
f 60/60/38 59/59/37 63/63/41 64/64/42
f 66/66/44 57/57/35 56/56/34 65/65/43
f 67/67/38 68/68/45 61/61/39 60/60/38
f 71/71/46 72/72/46 69/69/46 70/70/46
f 74/74/48 66/66/44 65/65/43 73/73/47
f 75/75/49 76/76/50 68/68/45 67/67/38
f 75/75/49 67/67/38 77/77/42 78/78/51
f 80/80/53 81/81/54 82/82/55 79/79/52
f 84/84/53 80/80/53 79/79/52 83/83/56
f 86/86/58 84/84/53 83/83/56 85/85/57
f 87/87/53 88/88/59 81/81/54 80/80/53
f 89/89/53 87/87/53 80/80/53 84/84/53
f 90/90/60 89/89/53 84/84/53 86/86/58
f 91/91/61 92/92/62 88/88/59 87/87/53
f 93/93/63 91/91/61 87/87/53 89/89/53
f 94/94/64 93/93/63 89/89/53 90/90/60
f 97/97/66 98/98/67 95/95/65 96/96/66
f 96/96/66 95/95/65 99/99/68 100/100/69
f 102/102/66 97/97/66 96/96/66 101/101/66
f 101/101/66 96/96/66 100/100/69 103/103/70
f 105/105/71 102/102/66 101/101/66 104/104/66
f 104/104/66 101/101/66 103/103/70 106/106/72
f 108/108/73 105/105/71 104/104/66 107/107/66
f 107/107/66 104/104/66 106/106/72 109/109/72
f 112/112/74 113/113/75 110/110/66 111/111/66
f 111/111/66 110/110/66 114/114/76 115/115/77
f 117/117/78 112/112/74 111/111/66 116/116/66
f 116/116/66 111/111/66 115/115/77 118/118/79
f 120/120/81 121/121/82 122/122/83 119/119/80
f 124/124/81 125/125/81 126/126/84 123/123/84
f 128/128/81 124/124/81 123/123/84 127/127/85
f 129/129/81 130/130/86 121/121/82 120/120/81
f 131/131/81 132/132/81 125/125/81 124/124/81
f 133/133/81 131/131/81 124/124/81 128/128/81
f 134/134/81 135/135/87 130/130/86 129/129/81
f 136/136/81 137/137/81 132/132/81 131/131/81
f 138/138/81 136/136/81 131/131/81 133/133/81
f 139/139/81 140/140/87 135/135/87 134/134/81
f 141/141/81 142/142/81 137/137/81 136/136/81
f 143/143/81 141/141/81 136/136/81 138/138/81
f 145/145/81 146/146/87 147/147/87 144/144/81
f 150/150/81 151/151/81 148/148/81 149/149/81
f 153/153/81 150/150/81 149/149/81 152/152/81
f 154/154/81 155/155/88 146/146/87 145/145/81
f 156/156/81 157/157/81 151/151/81 150/150/81
f 158/158/81 156/156/81 150/150/81 153/153/81
f 159/159/89 160/160/90 6/6/5 5/5/2
f 161/161/91 162/162/92 12/12/2 11/11/2
f 163/163/93 161/161/91 11/11/2 15/15/2
f 164/164/94 165/165/95 98/98/67 97/97/66
f 166/166/96 164/164/94 97/97/66 102/102/66
f 167/167/97 166/166/96 102/102/66 105/105/71
f 169/169/99 170/170/100 171/171/101 168/168/98
f 173/173/103 174/174/104 175/175/105 172/172/102
f 177/177/107 173/173/103 172/172/102 176/176/106
f 178/178/108 179/179/109 42/42/25 39/39/20
f 180/180/110 178/178/108 39/39/20 36/36/20
f 181/181/111 180/180/110 36/36/20 35/35/23
f 185/185/112 182/182/112 183/183/113 184/184/114
f 188/188/117 189/189/118 186/186/115 187/187/116
f 187/187/116 186/186/115 190/190/119 191/191/120
f 193/193/122 194/194/123 195/195/124 192/192/121
f 197/197/126 193/193/122 192/192/121 196/196/125
f 198/198/127 199/199/128 200/200/129 201/201/130
f 202/202/131 203/203/132 199/199/128 198/198/127
f 205/205/112 185/185/112 184/184/114 204/204/133
f 209/209/137 206/206/134 207/207/135 208/208/136
f 213/213/141 210/210/138 211/211/139 212/212/140
f 210/210/138 214/214/142 215/215/143 211/211/139
f 214/214/142 216/216/144 217/217/145 215/215/143
f 221/221/149 218/218/146 219/219/147 220/220/148
f 218/218/146 222/222/150 223/223/151 219/219/147
f 222/222/150 224/224/152 225/225/153 223/223/151
f 229/229/157 226/226/154 227/227/155 228/228/156
f 226/226/154 230/230/158 231/231/159 227/227/155
f 230/230/158 232/232/160 233/233/161 231/231/159
f 237/237/165 234/234/162 235/235/163 236/236/164
f 234/234/162 209/209/137 208/208/136 235/235/163
f 43/43/20 46/46/20 49/49/28 44/44/24
f 45/45/26 50/50/29 46/46/20 43/43/20
f 52/52/20 238/238/166 239/239/167 53/53/31
f 54/54/32 240/240/168 238/238/166 52/52/20
f 113/113/75 108/108/73 107/107/66 110/110/66
f 110/110/66 107/107/66 109/109/72 114/114/76
f 242/242/170 117/117/78 116/116/66 241/241/169
f 241/241/169 116/116/66 118/118/79 243/243/171
f 148/148/81 144/144/81 139/139/81 142/142/81
f 149/149/81 148/148/81 142/142/81 141/141/81
f 245/245/172 152/152/81 143/143/81 244/244/172
f 246/246/173 247/247/173 154/154/81 157/157/81
f 248/248/173 246/246/173 157/157/81 156/156/81
f 249/249/174 250/250/175 158/158/81 251/251/176
f 183/183/113 252/252/177 189/189/118 188/188/117
f 254/254/179 191/191/120 190/190/119 253/253/178
f 201/201/130 200/200/129 197/197/126 255/255/180
f 256/256/181 257/257/112 203/203/132 202/202/131
f 9/9/2 2/2/2 1/1/1 10/10/7
f 12/12/2 5/5/2 2/2/2 9/9/2
f 259/259/183 14/14/2 13/13/8 258/258/182
f 260/260/184 15/15/2 14/14/2 259/259/183
f 17/17/10 22/22/10 25/25/15 18/18/11
f 21/21/14 26/26/16 22/22/10 17/17/10
f 28/28/10 261/261/185 262/262/186 29/29/17
f 30/30/18 263/263/187 261/261/185 28/28/10
f 62/62/40 61/61/39 56/56/34 55/55/33
f 264/264/188 265/265/189 64/64/42 63/63/41
f 61/61/39 68/68/45 65/65/43 56/56/34
f 265/265/189 266/266/190 77/77/42 64/64/42
f 68/68/45 76/76/50 73/73/47 65/65/43
f 266/266/190 267/267/191 78/78/51 77/77/42
f 125/125/81 120/120/81 119/119/80 126/126/84
f 269/269/193 128/128/81 127/127/85 268/268/192
f 132/132/81 129/129/81 120/120/81 125/125/81
f 270/270/172 133/133/81 128/128/81 269/269/193
f 137/137/81 134/134/81 129/129/81 132/132/81
f 271/271/194 138/138/81 133/133/81 270/270/172
f 142/142/81 139/139/81 134/134/81 137/137/81
f 244/244/172 143/143/81 138/138/81 271/271/194
f 151/151/81 145/145/81 144/144/81 148/148/81
f 272/272/172 153/153/81 152/152/81 245/245/172
f 157/157/81 154/154/81 145/145/81 151/151/81
f 251/251/176 158/158/81 153/153/81 272/272/172
f 162/162/92 159/159/89 5/5/2 12/12/2
f 273/273/195 163/163/93 15/15/2 260/260/184
f 174/174/104 169/169/99 168/168/98 175/175/105
f 275/275/197 177/177/107 176/176/106 274/274/196
f 182/182/112 276/276/198 252/252/177 183/183/113
f 197/197/126 196/196/125 277/277/199 255/255/180
f 257/257/112 205/205/112 204/204/133 203/203/132
f 144/144/81 147/147/87 140/140/87 139/139/81
f 152/152/81 149/149/81 141/141/81 143/143/81
f 247/247/173 278/278/200 155/155/88 154/154/81
f 250/250/175 248/248/173 156/156/81 158/158/81
f 194/194/123 191/191/120 254/254/179 195/195/124
f 1/1/1 4/4/4 279/279/201 280/280/202
f 280/280/202 279/279/201 281/281/203 282/282/204
f 3/3/3 283/283/205 284/284/206 4/4/4
f 283/283/205 285/285/207 286/286/208 284/284/206
f 6/6/5 287/287/209 283/283/205 3/3/3
f 287/287/209 288/288/210 285/285/207 283/283/205
f 7/7/6 10/10/7 289/289/211 290/290/211
f 290/290/211 289/289/211 291/291/212 292/292/212
f 13/13/8 7/7/6 290/290/211 293/293/213
f 293/293/213 290/290/211 292/292/212 294/294/214
f 296/296/216 16/16/9 19/19/12 295/295/215
f 298/298/218 296/296/216 295/295/215 297/297/217
f 19/19/12 18/18/11 299/299/219 300/300/220
f 300/300/220 299/299/219 301/301/221 302/302/222
f 303/303/223 20/20/13 16/16/9 296/296/216
f 304/304/224 303/303/223 296/296/216 298/298/218
f 305/305/225 306/306/226 21/21/14 20/20/13
f 307/307/227 308/308/228 306/306/226 305/305/225
f 25/25/15 24/24/15 309/309/229 310/310/229
f 310/310/229 309/309/229 311/311/230 312/312/231
f 313/313/232 314/314/232 27/27/16 26/26/16
f 315/315/233 316/316/234 314/314/232 313/313/232
f 24/24/15 29/29/17 317/317/235 309/309/229
f 309/309/229 317/317/235 318/318/236 311/311/230
f 314/314/232 319/319/237 30/30/18 27/27/16
f 316/316/234 320/320/238 319/319/237 314/314/232
f 322/322/240 31/31/19 34/34/22 321/321/239
f 285/324/207 322/322/240 321/321/239 286/323/208
f 34/34/22 33/33/21 323/325/241 324/326/242
f 324/326/242 323/325/241 325/327/243 326/328/244
f 327/329/245 35/35/23 31/31/19 322/322/240
f 288/330/210 327/329/245 322/322/240 285/324/207
f 33/33/21 38/38/24 328/331/246 323/325/241
f 323/325/241 328/331/246 329/332/247 325/327/243
f 38/38/24 41/41/24 330/333/248 328/331/246
f 328/331/246 330/333/248 331/334/247 329/332/247
f 41/41/24 44/44/24 332/335/248 330/333/248
f 330/333/248 332/335/248 333/336/247 331/334/247
f 334/337/249 335/338/250 45/45/26 42/42/25
f 336/339/251 337/340/252 335/338/250 334/337/249
f 49/49/28 48/48/27 338/341/253 339/342/254
f 339/342/254 338/341/253 340/343/255 341/344/256
f 342/345/257 343/346/258 51/51/30 50/50/29
f 344/347/259 345/348/260 343/346/258 342/345/257
f 48/48/27 53/53/31 346/349/261 338/341/253
f 338/341/253 346/349/261 347/350/262 340/343/255
f 343/346/258 348/351/263 54/54/32 51/51/30
f 345/348/260 349/352/264 348/351/263 343/346/258
f 55/55/33 58/58/36 350/353/265 351/354/266
f 351/354/266 350/353/265 352/355/267 353/356/268
f 58/58/36 57/57/35 354/357/269 355/358/270
f 355/358/270 354/357/269 356/359/271 357/360/272
f 59/59/37 62/62/40 358/361/273 359/362/274
f 359/362/274 358/361/273 360/363/275 361/364/276
f 63/63/41 59/59/37 359/362/274 362/365/277
f 362/365/277 359/362/274 361/364/276 363/366/278
f 57/57/35 66/66/44 364/367/279 354/357/269
f 354/357/269 364/367/279 365/368/280 356/359/271
f 74/74/48 73/73/47 366/369/281 367/370/282
f 367/370/282 366/369/281 368/371/283 369/372/284
f 66/66/44 74/74/48 370/373/285 364/367/279
f 364/367/279 370/373/285 371/374/286 365/368/280
f 76/76/50 75/75/49 372/375/287 373/376/288
f 373/376/288 372/375/287 374/377/289 375/378/290
f 75/75/49 78/78/51 376/379/291 372/375/287
f 372/375/287 376/379/291 377/380/292 374/377/289
f 378/381/293 379/382/294 79/79/52 82/82/55
f 380/383/295 381/384/296 379/382/294 378/381/293
f 382/385/297 383/386/298 82/82/55 81/81/54
f 384/387/299 385/388/300 383/386/298 382/385/297
f 379/382/294 386/389/301 83/83/56 79/79/52
f 381/384/296 387/390/302 386/389/301 379/382/294
f 386/389/301 388/391/303 85/85/57 83/83/56
f 387/390/302 389/392/304 388/391/303 386/389/301
f 390/393/305 391/394/306 86/86/58 85/85/57
f 392/395/307 393/396/308 391/394/306 390/393/305
f 394/397/309 382/385/297 81/81/54 88/88/59
f 395/398/310 384/387/299 382/385/297 394/397/309
f 391/394/306 396/399/311 90/90/60 86/86/58
f 393/396/308 397/400/312 396/399/311 391/394/306
f 398/401/313 399/402/314 92/92/62 91/91/61
f 400/403/315 401/404/316 399/402/314 398/401/313
f 402/405/317 394/397/309 88/88/59 92/92/62
f 403/406/318 395/398/310 394/397/309 402/405/317
f 404/407/319 398/401/313 91/91/61 93/93/63
f 405/408/320 400/403/315 398/401/313 404/407/319
f 396/399/311 406/409/321 94/94/64 90/90/60
f 397/400/312 407/410/322 406/409/321 396/399/311
f 408/411/323 404/407/319 93/93/63 94/94/64
f 409/412/324 405/408/320 404/407/319 408/411/323
f 98/98/67 410/413/325 411/414/326 95/95/65
f 410/413/325 412/415/327 413/416/328 411/414/326
f 95/95/65 411/414/326 414/417/329 99/99/68
f 411/414/326 413/416/328 415/418/330 414/417/329
f 100/100/69 99/99/68 416/419/331 417/420/332
f 417/420/332 416/419/331 418/421/333 419/422/334
f 103/103/70 100/100/69 417/420/332 420/423/335
f 420/423/335 417/420/332 419/422/334 421/424/336
f 106/106/72 103/103/70 420/423/335 422/425/337
f 422/425/337 420/423/335 421/424/336 423/426/336
f 424/427/338 425/428/339 105/105/71 108/108/73
f 426/429/340 427/430/341 425/428/339 424/427/338
f 109/109/72 106/106/72 422/425/337 428/431/337
f 428/431/337 422/425/337 423/426/336 429/432/336
f 430/433/342 431/434/343 113/113/75 112/112/74
f 432/435/344 433/436/345 431/434/343 430/433/342
f 115/115/77 114/114/76 434/437/346 435/438/347
f 435/438/347 434/437/346 436/439/348 437/440/349
f 438/441/350 430/433/342 112/112/74 117/117/78
f 439/442/351 432/435/344 430/433/342 438/441/350
f 118/118/79 115/115/77 435/438/347 440/443/352
f 440/443/352 435/438/347 437/440/349 441/444/353
f 442/445/354 443/446/355 119/119/80 122/122/83
f 444/447/356 294/448/214 443/446/355 442/445/354
f 445/449/357 446/450/358 122/122/83 121/121/82
f 419/451/334 418/452/333 446/450/358 445/449/357
f 447/453/359 448/454/360 123/123/84 126/126/84
f 292/455/212 291/456/212 448/454/360 447/453/359
f 448/454/360 449/457/361 127/127/85 123/123/84
f 291/456/212 282/458/204 449/457/361 448/454/360
f 450/459/362 445/449/357 121/121/82 130/130/86
f 421/460/336 419/451/334 445/449/357 450/459/362
f 451/461/363 450/459/362 130/130/86 135/135/87
f 423/462/336 421/460/336 450/459/362 451/461/363
f 452/463/363 451/461/363 135/135/87 140/140/87
f 429/464/336 423/462/336 451/461/363 452/463/363
f 453/465/363 454/466/364 147/147/87 146/146/87
f 437/467/349 436/468/348 454/466/364 453/465/363
f 455/469/365 453/465/363 146/146/87 155/155/88
f 441/470/353 437/467/349 453/465/363 455/469/365
f 456/471/366 457/472/367 160/160/90 159/159/89
f 353/473/268 352/474/267 457/472/367 456/471/366
f 160/160/90 458/475/368 287/287/209 6/6/5
f 458/475/368 459/476/369 288/288/210 287/287/209
f 460/477/370 461/478/371 162/162/92 161/161/91
f 361/479/276 360/480/275 461/478/371 460/477/370
f 462/481/372 460/477/370 161/161/91 163/163/93
f 363/482/278 361/479/276 460/477/370 462/481/372
f 463/483/373 464/484/374 165/165/95 164/164/94
f 465/485/375 466/486/376 464/484/374 463/483/373
f 165/165/95 467/487/377 410/413/325 98/98/67
f 467/487/377 468/488/378 412/415/327 410/413/325
f 469/489/379 463/483/373 164/164/94 166/166/96
f 470/490/380 465/485/375 463/483/373 469/489/379
f 472/492/382 167/167/97 105/105/71 471/491/381
f 474/494/384 472/492/382 471/491/381 473/493/383
f 475/495/385 469/489/379 166/166/96 167/167/97
f 476/496/386 470/490/380 469/489/379 475/495/385
f 168/168/98 171/171/101 477/497/387 478/498/388
f 478/498/388 477/497/387 479/499/389 480/500/390
f 481/501/391 482/502/392 170/170/100 169/169/99
f 377/503/292 483/504/393 482/502/392 481/501/391
f 170/170/100 484/505/394 485/506/395 171/171/101
f 484/505/394 474/507/384 473/508/383 485/506/395
f 172/172/102 175/175/105 486/509/396 487/510/397
f 487/510/397 486/509/396 488/511/398 489/512/399
f 490/513/400 491/514/401 174/174/104 173/173/103
f 375/515/290 374/516/289 491/514/401 490/513/400
f 176/176/106 172/172/102 487/510/397 492/517/402
f 492/517/402 487/510/397 489/512/399 493/518/403
f 494/519/404 490/513/400 173/173/103 177/177/107
f 368/520/283 375/515/290 490/513/400 494/519/404
f 495/521/405 496/522/406 179/179/109 178/178/108
f 365/368/280 371/374/286 496/522/406 495/521/405
f 179/179/109 497/523/407 498/524/408 42/42/25
f 497/523/407 499/525/409 500/526/410 498/524/408
f 501/527/411 495/521/405 178/178/108 180/180/110
f 356/359/271 365/368/280 495/521/405 501/527/411
f 502/528/412 181/181/111 35/35/23 327/329/245
f 459/529/369 502/528/412 327/329/245 288/330/210
f 503/530/413 501/527/411 180/180/110 181/181/111
f 357/360/272 356/359/271 501/527/411 503/530/413
f 182/182/112 185/185/112 504/531/414 505/532/414
f 505/532/414 504/531/414 315/533/233 308/534/228
f 184/184/114 183/183/113 506/535/415 507/536/416
f 507/536/416 506/535/415 508/537/417 509/538/418
f 186/186/115 189/189/118 510/539/419 511/540/420
f 511/540/420 510/539/419 345/541/260 344/542/259
f 188/188/117 187/187/116 512/543/421 513/544/422
f 513/544/422 512/543/421 514/545/423 515/546/424
f 190/190/119 186/186/115 511/540/420 516/547/425
f 516/547/425 511/540/420 344/542/259 337/548/252
f 187/187/116 191/191/120 517/549/426 512/543/421
f 512/543/421 517/549/426 518/550/427 514/545/423
f 519/551/428 520/552/429 192/192/121 195/195/124
f 489/512/399 488/511/398 520/552/429 519/551/428
f 194/194/123 193/193/122 521/553/430 522/554/431
f 522/554/431 521/553/430 523/555/432 524/556/433
f 520/552/429 525/557/434 196/196/125 192/192/121
f 488/511/398 480/500/390 525/557/434 520/552/429
f 193/193/122 197/197/126 526/558/435 521/553/430
f 521/553/430 526/558/435 527/559/436 523/555/432
f 198/198/127 201/201/130 528/560/437 529/561/438
f 529/561/438 528/560/437 433/562/345 432/563/344
f 200/200/129 199/199/128 530/564/439 531/565/440
f 531/565/440 530/564/439 532/566/441 533/567/442
f 202/202/131 198/198/127 529/561/438 534/568/443
f 534/568/443 529/561/438 432/563/344 439/569/351
f 199/199/128 203/203/132 535/570/444 530/564/439
f 530/564/439 535/570/444 536/571/445 532/566/441
f 185/185/112 205/205/112 537/572/446 504/531/414
f 504/531/414 537/572/446 316/573/234 315/533/233
f 204/204/133 184/184/114 507/536/416 538/574/447
f 538/574/447 507/536/416 509/538/418 539/575/448
f 540/576/449 541/577/450 206/206/134 209/209/137
f 509/578/418 508/579/417 541/577/450 540/576/449
f 206/206/134 542/580/451 543/581/452 207/207/135
f 542/580/451 544/582/453 545/583/454 543/581/452
f 208/208/136 207/207/135 546/584/455 547/585/456
f 547/585/456 546/584/455 401/586/316 400/587/315
f 548/588/457 549/589/458 210/210/138 213/213/141
f 550/590/459 515/591/424 549/589/458 548/588/457
f 212/212/140 211/211/139 551/592/460 552/593/461
f 552/593/461 551/592/460 395/594/310 403/595/318
f 554/597/463 213/213/141 212/212/140 553/596/462
f 544/599/453 554/597/463 553/596/462 545/598/454
f 549/589/458 555/600/464 214/214/142 210/210/138
f 515/591/424 514/601/423 555/600/464 549/589/458
f 211/211/139 215/215/143 556/602/465 551/592/460
f 551/592/460 556/602/465 384/603/299 395/594/310
f 555/600/464 557/604/466 216/216/144 214/214/142
f 514/601/423 518/605/427 557/604/466 555/600/464
f 216/216/144 558/606/467 559/607/468 217/217/145
f 558/606/467 560/608/469 561/609/470 559/607/468
f 215/215/143 217/217/145 562/610/471 556/602/465
f 556/602/465 562/610/471 385/611/300 384/603/299
f 563/612/472 564/613/473 218/218/146 221/221/149
f 565/614/474 524/615/433 564/613/473 563/612/472
f 220/220/148 219/219/147 566/616/475 567/617/476
f 567/617/476 566/616/475 381/618/296 380/619/295
f 569/621/478 221/221/149 220/220/148 568/620/477
f 560/623/469 569/621/478 568/620/477 561/622/470
f 564/613/473 570/624/479 222/222/150 218/218/146
f 524/615/433 523/625/432 570/624/479 564/613/473
f 219/219/147 223/223/151 571/626/480 566/616/475
f 566/616/475 571/626/480 387/627/302 381/618/296
f 570/624/479 572/628/481 224/224/152 222/222/150
f 523/625/432 527/629/436 572/628/481 570/624/479
f 224/224/152 573/630/482 574/631/483 225/225/153
f 573/630/482 575/632/484 576/633/485 574/631/483
f 223/223/151 225/225/153 577/634/486 571/626/480
f 571/626/480 577/634/486 389/635/304 387/627/302
f 578/636/487 579/637/488 226/226/154 229/229/157
f 580/638/489 533/639/442 579/637/488 578/636/487
f 228/228/156 227/227/155 581/640/490 582/641/491
f 582/641/491 581/640/490 393/642/308 392/643/307
f 584/645/493 229/229/157 228/228/156 583/644/492
f 575/647/484 584/645/493 583/644/492 576/646/485
f 579/637/488 585/648/494 230/230/158 226/226/154
f 533/639/442 532/649/441 585/648/494 579/637/488
f 227/227/155 231/231/159 586/650/495 581/640/490
f 581/640/490 586/650/495 397/651/312 393/642/308
f 585/648/494 587/652/496 232/232/160 230/230/158
f 532/649/441 536/653/445 587/652/496 585/648/494
f 232/232/160 588/654/497 589/655/498 233/233/161
f 588/654/497 590/656/499 591/657/500 589/655/498
f 231/231/159 233/233/161 592/658/501 586/650/495
f 586/650/495 592/658/501 407/659/322 397/651/312
f 593/660/502 594/661/503 234/234/162 237/237/165
f 595/662/504 539/663/448 594/661/503 593/660/502
f 236/236/164 235/235/163 596/664/505 597/665/506
f 597/665/506 596/664/505 405/666/320 409/667/324
f 599/669/508 237/237/165 236/236/164 598/668/507
f 590/671/499 599/669/508 598/668/507 591/670/500
f 594/661/503 540/576/449 209/209/137 234/234/162
f 539/663/448 509/578/418 540/576/449 594/661/503
f 235/235/163 208/208/136 547/585/456 596/664/505
f 596/664/505 547/585/456 400/587/315 405/666/320
f 44/44/24 49/49/28 339/342/254 332/335/248
f 332/335/248 339/342/254 341/344/256 333/336/247
f 335/338/250 342/345/257 50/50/29 45/45/26
f 337/340/252 344/347/259 342/345/257 335/338/250
f 238/238/166 600/672/509 601/673/510 239/239/167
f 600/672/509 298/674/218 297/675/217 601/673/510
f 53/53/31 239/239/167 602/676/511 346/349/261
f 346/349/261 602/676/511 603/677/512 347/350/262
f 348/351/263 604/678/513 240/240/168 54/54/32
f 349/352/264 605/679/514 604/678/513 348/351/263
f 240/240/168 606/680/515 600/672/509 238/238/166
f 606/680/515 304/681/224 298/674/218 600/672/509
f 431/434/343 424/427/338 108/108/73 113/113/75
f 433/436/345 426/429/340 424/427/338 431/434/343
f 114/114/76 109/109/72 428/431/337 434/437/346
f 434/437/346 428/431/337 429/432/336 436/439/348
f 608/683/517 242/242/170 241/241/169 607/682/516
f 610/685/519 608/683/517 607/682/516 609/684/518
f 611/686/520 438/441/350 117/117/78 242/242/170
f 612/687/521 439/442/351 438/441/350 611/686/520
f 243/243/171 118/118/79 440/443/352 613/688/522
f 613/688/522 440/443/352 441/444/353 614/689/523
f 607/682/516 241/241/169 243/243/171 615/690/524
f 609/684/518 607/682/516 615/690/524 616/691/525
f 617/692/526 618/693/527 245/245/172 244/244/172
f 333/694/247 341/695/256 618/693/527 617/692/526
f 619/696/528 620/697/528 247/247/173 246/246/173
f 311/698/230 318/699/236 620/697/528 619/696/528
f 621/700/529 619/696/528 246/246/173 248/248/173
f 312/701/231 311/698/230 619/696/528 621/700/529
f 622/702/530 623/703/531 249/249/174 251/251/176
f 347/704/262 603/705/512 623/703/531 622/702/530
f 624/706/532 625/707/529 250/250/175 249/249/174
f 302/708/222 301/709/221 625/707/529 624/706/532
f 189/189/118 252/252/177 626/710/533 510/539/419
f 510/539/419 626/710/533 349/711/264 345/541/260
f 183/183/113 188/188/117 513/544/422 627/712/534
f 627/712/534 513/544/422 515/546/424 550/713/459
f 253/253/178 190/190/119 516/547/425 628/714/535
f 628/714/535 516/547/425 337/548/252 336/715/251
f 629/716/536 630/717/537 254/254/179 253/253/178
f 631/718/538 493/518/403 630/717/537 629/716/536
f 201/201/130 255/255/180 632/719/539 528/560/437
f 528/560/437 632/719/539 426/720/340 433/562/345
f 197/197/126 200/200/129 531/565/440 633/721/540
f 633/721/540 531/565/440 533/567/442 580/722/489
f 256/256/181 202/202/131 534/568/443 634/723/541
f 634/723/541 534/568/443 439/569/351 612/724/521
f 257/257/112 256/256/181 635/725/542 636/726/543
f 636/726/543 635/725/542 637/727/544 320/728/238
f 10/10/7 1/1/1 280/280/202 289/289/211
f 289/289/211 280/280/202 282/282/204 291/291/212
f 258/258/182 13/13/8 293/293/213 638/729/545
f 638/729/545 293/293/213 294/294/214 444/730/356
f 640/732/547 259/259/183 258/258/182 639/731/546
f 413/734/328 640/732/547 639/731/546 415/733/330
f 641/735/548 260/260/184 259/259/183 640/732/547
f 412/736/327 641/735/548 640/732/547 413/734/328
f 18/18/11 25/25/15 310/310/229 299/299/219
f 299/299/219 310/310/229 312/312/231 301/301/221
f 306/306/226 313/313/232 26/26/16 21/21/14
f 308/308/228 315/315/233 313/313/232 306/306/226
f 261/261/185 642/737/549 643/738/550 262/262/186
f 642/737/549 609/739/518 616/740/525 643/738/550
f 29/29/17 262/262/186 644/741/551 317/317/235
f 317/317/235 644/741/551 645/742/552 318/318/236
f 319/319/237 646/743/553 263/263/187 30/30/18
f 320/320/238 637/744/544 646/743/553 319/319/237
f 263/263/187 647/745/554 642/737/549 261/261/185
f 647/745/554 610/746/519 609/739/518 642/737/549
f 62/62/40 55/55/33 351/354/266 358/361/273
f 358/361/273 351/354/266 353/356/268 360/363/275
f 264/264/188 63/63/41 362/365/277 648/747/555
f 648/747/555 362/365/277 363/366/278 649/748/556
f 265/265/189 264/264/188 650/749/557 651/750/558
f 651/750/558 650/749/557 466/486/376 465/485/375
f 266/266/190 265/265/189 651/750/558 652/751/559
f 652/751/559 651/750/558 465/485/375 470/490/380
f 73/73/47 76/76/50 373/376/288 366/369/281
f 366/369/281 373/376/288 375/378/290 368/371/283
f 267/267/191 266/266/190 652/751/559 653/752/560
f 653/752/560 652/751/559 470/490/380 476/496/386
f 78/78/51 267/267/191 654/753/561 376/379/291
f 376/379/291 654/753/561 483/754/393 377/380/292
f 443/446/355 447/453/359 126/126/84 119/119/80
f 294/448/214 292/455/212 447/453/359 443/446/355
f 449/457/361 655/755/562 268/268/192 127/127/85
f 282/458/204 281/756/203 655/755/562 449/457/361
f 656/757/563 657/758/564 269/269/193 268/268/192
f 326/759/244 325/760/243 657/758/564 656/757/563
f 657/758/564 658/761/527 270/270/172 269/269/193
f 325/760/243 329/762/247 658/761/527 657/758/564
f 658/761/527 659/763/565 271/271/194 270/270/172
f 329/762/247 331/764/247 659/763/565 658/761/527
f 659/763/565 617/692/526 244/244/172 271/271/194
f 331/764/247 333/694/247 617/692/526 659/763/565
f 618/693/527 660/765/565 272/272/172 245/245/172
f 341/695/256 340/766/255 660/765/565 618/693/527
f 660/765/565 622/702/530 251/251/176 272/272/172
f 340/766/255 347/704/262 622/702/530 660/765/565
f 461/478/371 456/471/366 159/159/89 162/162/92
f 360/480/275 353/473/268 456/471/366 461/478/371
f 661/767/566 273/273/195 260/260/184 641/735/548
f 468/768/378 661/767/566 641/735/548 412/736/327
f 662/769/567 462/481/372 163/163/93 273/273/195
f 649/770/556 363/482/278 462/481/372 662/769/567
f 175/175/105 168/168/98 478/498/388 486/509/396
f 486/509/396 478/498/388 480/500/390 488/511/398
f 491/514/401 481/501/391 169/169/99 174/174/104
f 374/516/289 377/503/292 481/501/391 491/514/401
f 274/274/196 176/176/106 492/517/402 663/771/568
f 663/771/568 492/517/402 493/518/403 631/718/538
f 665/773/570 275/275/197 274/274/196 664/772/569
f 499/775/409 665/773/570 664/772/569 500/774/410
f 666/776/571 494/519/404 177/177/107 275/275/197
f 369/777/284 368/520/283 494/519/404 666/776/571
f 276/276/198 182/182/112 505/532/414 667/778/572
f 667/778/572 505/532/414 308/534/228 307/779/227
f 252/252/177 276/276/198 668/780/573 626/710/533
f 626/710/533 668/780/573 605/781/514 349/711/264
f 525/557/434 669/782/574 277/277/199 196/196/125
f 480/500/390 479/499/389 669/782/574 525/557/434
f 255/255/180 277/277/199 670/783/575 632/719/539
f 632/719/539 670/783/575 427/784/341 426/720/340
f 205/205/112 257/257/112 636/726/543 537/572/446
f 537/572/446 636/726/543 320/728/238 316/573/234
f 203/203/132 204/204/133 538/574/447 671/785/576
f 671/785/576 538/574/447 539/575/448 595/786/504
f 454/466/364 452/463/363 140/140/87 147/147/87
f 436/468/348 429/464/336 452/463/363 454/466/364
f 620/697/528 672/787/577 278/278/200 247/247/173
f 318/699/236 645/788/552 672/787/577 620/697/528
f 673/789/578 455/469/365 155/155/88 278/278/200
f 614/790/523 441/470/353 455/469/365 673/789/578
f 625/707/529 621/700/529 248/248/173 250/250/175
f 301/709/221 312/701/231 621/700/529 625/707/529
f 630/717/537 519/551/428 195/195/124 254/254/179
f 493/518/403 489/512/399 519/551/428 630/717/537
f 191/191/120 194/194/123 522/554/431 674/791/579
f 674/791/579 522/554/431 524/556/433 565/792/474
f 4/4/4 284/284/206 675/793/580 279/279/201
f 279/279/201 675/793/580 676/794/581 281/281/203
f 284/284/206 286/286/208 677/795/582 675/793/580
f 675/793/580 677/795/582 678/796/583 676/794/581
f 295/295/215 19/19/12 300/300/220 679/797/584
f 297/297/217 295/295/215 679/797/584 680/798/585
f 679/797/584 300/300/220 302/302/222 681/799/586
f 680/798/585 679/797/584 681/799/586 682/800/587
f 683/801/588 305/305/225 20/20/13 303/303/223
f 684/802/589 307/307/227 305/305/225 683/801/588
f 685/803/590 683/801/588 303/303/223 304/304/224
f 686/804/591 684/802/589 683/801/588 685/803/590
f 321/321/239 34/34/22 324/326/242 687/805/592
f 286/323/208 321/321/239 687/805/592 677/806/582
f 687/805/592 324/326/242 326/328/244 688/807/593
f 677/806/582 687/805/592 688/807/593 678/808/583
f 58/58/36 355/358/270 689/809/594 350/353/265
f 350/353/265 689/809/594 690/810/595 352/355/267
f 689/809/594 355/358/270 357/360/272 691/811/596
f 689/809/594 691/811/596 692/812/597 690/810/595
f 74/74/48 367/370/282 693/813/598 370/373/285
f 370/373/285 693/813/598 694/814/599 371/374/286
f 693/813/598 367/370/282 369/372/284 695/815/600
f 693/813/598 695/815/600 696/816/601 694/814/599
f 383/386/298 697/817/602 378/381/293 82/82/55
f 698/818/603 380/383/295 378/381/293 697/817/602
f 385/388/300 699/819/604 697/817/602 383/386/298
f 699/819/604 700/820/605 698/818/603 697/817/602
f 701/821/606 390/393/305 85/85/57 388/391/303
f 702/822/607 392/395/307 390/393/305 701/821/606
f 389/392/304 703/823/608 701/821/606 388/391/303
f 704/824/609 702/822/607 701/821/606 703/823/608
f 399/402/314 705/825/610 402/405/317 92/92/62
f 706/826/611 403/406/318 402/405/317 705/825/610
f 401/404/316 707/827/612 705/825/610 399/402/314
f 707/827/612 708/828/613 706/826/611 705/825/610
f 709/829/614 408/411/323 94/94/64 406/409/321
f 710/830/615 409/412/324 408/411/323 709/829/614
f 407/410/322 711/831/616 709/829/614 406/409/321
f 712/832/617 710/830/615 709/829/614 711/831/616
f 99/99/68 414/417/329 713/833/618 416/419/331
f 416/419/331 713/833/618 714/834/619 418/421/333
f 414/417/329 415/418/330 715/835/620 713/833/618
f 713/833/618 715/835/620 716/836/621 714/834/619
f 446/450/358 717/837/622 442/445/354 122/122/83
f 718/838/623 444/447/356 442/445/354 717/837/622
f 418/452/333 714/839/619 717/837/622 446/450/358
f 714/839/619 716/840/621 718/838/623 717/837/622
f 457/472/367 719/841/624 458/475/368 160/160/90
f 719/841/624 720/842/625 459/476/369 458/475/368
f 352/474/267 690/843/595 719/841/624 457/472/367
f 690/843/595 692/844/597 720/842/625 719/841/624
f 464/484/374 721/845/626 467/487/377 165/165/95
f 721/845/626 722/846/627 468/488/378 467/487/377
f 466/486/376 723/847/628 721/845/626 464/484/374
f 723/847/628 724/848/629 722/846/627 721/845/626
f 725/849/630 475/495/385 167/167/97 472/492/382
f 726/850/631 476/496/386 475/495/385 725/849/630
f 727/851/632 725/849/630 472/492/382 474/494/384
f 728/852/633 726/850/631 725/849/630 727/851/632
f 171/171/101 485/506/395 729/853/634 477/497/387
f 477/497/387 729/853/634 730/854/635 479/499/389
f 729/853/634 485/506/395 473/508/383 731/855/636
f 729/853/634 731/855/636 732/856/637 730/854/635
f 482/502/392 733/857/638 484/505/394 170/170/100
f 733/857/638 727/858/632 474/507/384 484/505/394
f 483/504/393 734/859/639 733/857/638 482/502/392
f 734/859/639 728/860/633 727/858/632 733/857/638
f 496/522/406 735/861/640 497/523/407 179/179/109
f 735/861/640 736/862/641 499/525/409 497/523/407
f 371/374/286 694/814/599 735/861/640 496/522/406
f 694/814/599 696/816/601 736/862/641 735/861/640
f 737/863/642 503/530/413 181/181/111 502/528/412
f 691/811/596 357/360/272 503/530/413 737/863/642
f 720/864/625 737/863/642 502/528/412 459/529/369
f 692/812/597 691/811/596 737/863/642 720/864/625
f 541/577/450 738/865/643 542/580/451 206/206/134
f 738/865/643 739/866/644 544/582/453 542/580/451
f 508/579/417 740/867/645 738/865/643 541/577/450
f 740/867/645 741/868/646 739/866/644 738/865/643
f 207/207/135 543/581/452 742/869/647 546/584/455
f 546/584/455 742/869/647 707/870/612 401/586/316
f 543/581/452 545/583/454 743/871/648 742/869/647
f 742/869/647 743/871/648 708/872/613 707/870/612
f 744/873/649 548/588/457 213/213/141 554/597/463
f 745/874/650 550/590/459 548/588/457 744/873/649
f 739/875/644 744/873/649 554/597/463 544/599/453
f 741/876/646 745/874/650 744/873/649 739/875/644
f 553/596/462 212/212/140 552/593/461 746/877/651
f 545/598/454 553/596/462 746/877/651 743/878/648
f 746/877/651 552/593/461 403/595/318 706/879/611
f 743/878/648 746/877/651 706/879/611 708/880/613
f 557/604/466 747/881/652 558/606/467 216/216/144
f 747/881/652 748/882/653 560/608/469 558/606/467
f 518/605/427 749/883/654 747/881/652 557/604/466
f 749/883/654 750/884/655 748/882/653 747/881/652
f 217/217/145 559/607/468 751/885/656 562/610/471
f 562/610/471 751/885/656 699/886/604 385/611/300
f 559/607/468 561/609/470 752/887/657 751/885/656
f 751/885/656 752/887/657 700/888/605 699/886/604
f 753/889/658 563/612/472 221/221/149 569/621/478
f 754/890/659 565/614/474 563/612/472 753/889/658
f 748/891/653 753/889/658 569/621/478 560/623/469
f 750/892/655 754/890/659 753/889/658 748/891/653
f 568/620/477 220/220/148 567/617/476 755/893/660
f 561/622/470 568/620/477 755/893/660 752/894/657
f 755/893/660 567/617/476 380/619/295 698/895/603
f 752/894/657 755/893/660 698/895/603 700/896/605
f 572/628/481 756/897/661 573/630/482 224/224/152
f 756/897/661 757/898/662 575/632/484 573/630/482
f 527/629/436 758/899/663 756/897/661 572/628/481
f 758/899/663 759/900/664 757/898/662 756/897/661
f 225/225/153 574/631/483 760/901/665 577/634/486
f 577/634/486 760/901/665 703/902/608 389/635/304
f 574/631/483 576/633/485 761/903/666 760/901/665
f 760/901/665 761/903/666 704/904/609 703/902/608
f 762/905/667 578/636/487 229/229/157 584/645/493
f 763/906/668 580/638/489 578/636/487 762/905/667
f 757/907/662 762/905/667 584/645/493 575/647/484
f 759/908/664 763/906/668 762/905/667 757/907/662
f 583/644/492 228/228/156 582/641/491 764/909/669
f 576/646/485 583/644/492 764/909/669 761/910/666
f 764/909/669 582/641/491 392/643/307 702/911/607
f 761/910/666 764/909/669 702/911/607 704/912/609
f 587/652/496 765/913/670 588/654/497 232/232/160
f 765/913/670 766/914/671 590/656/499 588/654/497
f 536/653/445 767/915/672 765/913/670 587/652/496
f 767/915/672 768/916/673 766/914/671 765/913/670
f 233/233/161 589/655/498 769/917/674 592/658/501
f 592/658/501 769/917/674 711/918/616 407/659/322
f 589/655/498 591/657/500 770/919/675 769/917/674
f 769/917/674 770/919/675 712/920/617 711/918/616
f 771/921/676 593/660/502 237/237/165 599/669/508
f 772/922/677 595/662/504 593/660/502 771/921/676
f 766/923/671 771/921/676 599/669/508 590/671/499
f 768/924/673 772/922/677 771/921/676 766/923/671
f 598/668/507 236/236/164 597/665/506 773/925/678
f 591/670/500 598/668/507 773/925/678 770/926/675
f 773/925/678 597/665/506 409/667/324 710/927/615
f 770/926/675 773/925/678 710/927/615 712/928/617
f 239/239/167 601/673/510 774/929/679 602/676/511
f 602/676/511 774/929/679 775/930/680 603/677/512
f 601/673/510 297/675/217 680/931/585 774/929/679
f 774/929/679 680/931/585 682/932/587 775/930/680
f 604/678/513 776/933/681 606/680/515 240/240/168
f 776/933/681 685/934/590 304/681/224 606/680/515
f 605/679/514 777/935/682 776/933/681 604/678/513
f 777/935/682 686/936/591 685/934/590 776/933/681
f 778/937/683 611/686/520 242/242/170 608/683/517
f 779/938/684 612/687/521 611/686/520 778/937/683
f 780/939/685 778/937/683 608/683/517 610/685/519
f 781/940/686 779/938/684 778/937/683 780/939/685
f 615/690/524 243/243/171 613/688/522 782/941/687
f 616/691/525 615/690/524 782/941/687 783/942/688
f 782/941/687 613/688/522 614/689/523 784/943/689
f 783/942/688 782/941/687 784/943/689 785/944/690
f 786/945/691 624/706/532 249/249/174 623/703/531
f 681/946/586 302/708/222 624/706/532 786/945/691
f 603/705/512 775/947/680 786/945/691 623/703/531
f 775/947/680 682/948/587 681/946/586 786/945/691
f 629/716/536 253/253/178 628/714/535 787/949/692
f 788/950/693 631/718/538 629/716/536 787/949/692
f 787/949/692 628/714/535 336/715/251 789/951/694
f 788/950/693 787/949/692 789/951/694 790/952/695
f 635/725/542 256/256/181 634/723/541 791/953/696
f 635/725/542 791/953/696 792/954/697 637/727/544
f 791/953/696 634/723/541 612/724/521 779/955/684
f 792/954/697 791/953/696 779/955/684 781/956/686
f 639/731/546 258/258/182 638/729/545 793/957/698
f 415/733/330 639/731/546 793/957/698 715/958/620
f 793/957/698 638/729/545 444/730/356 718/959/623
f 715/958/620 793/957/698 718/959/623 716/960/621
f 262/262/186 643/738/550 794/961/699 644/741/551
f 644/741/551 794/961/699 795/962/700 645/742/552
f 643/738/550 616/740/525 783/963/688 794/961/699
f 794/961/699 783/963/688 785/964/690 795/962/700
f 646/743/553 796/965/701 647/745/554 263/263/187
f 796/965/701 780/966/685 610/746/519 647/745/554
f 637/744/544 792/967/697 796/965/701 646/743/553
f 792/967/697 781/968/686 780/966/685 796/965/701
f 650/749/557 264/264/188 648/747/555 797/969/702
f 650/749/557 797/969/702 723/847/628 466/486/376
f 797/969/702 648/747/555 649/748/556 798/970/703
f 723/847/628 797/969/702 798/970/703 724/848/629
f 654/753/561 267/267/191 653/752/560 799/971/704
f 654/753/561 799/971/704 734/972/639 483/754/393
f 799/971/704 653/752/560 476/496/386 726/850/631
f 734/972/639 799/971/704 726/850/631 728/852/633
f 800/973/705 656/757/563 268/268/192 655/755/562
f 688/974/593 326/759/244 656/757/563 800/973/705
f 281/756/203 676/975/581 800/973/705 655/755/562
f 678/976/583 688/974/593 800/973/705 676/975/581
f 801/977/706 662/769/567 273/273/195 661/767/566
f 798/978/703 649/770/556 662/769/567 801/977/706
f 722/979/627 801/977/706 661/767/566 468/768/378
f 724/980/629 798/978/703 801/977/706 722/979/627
f 664/772/569 274/274/196 663/771/568 802/981/707
f 664/772/569 802/981/707 803/982/708 500/774/410
f 802/981/707 663/771/568 631/718/538 788/950/693
f 803/982/708 802/981/707 788/950/693 790/952/695
f 804/983/709 666/776/571 275/275/197 665/773/570
f 695/984/600 369/777/284 666/776/571 804/983/709
f 736/985/641 804/983/709 665/773/570 499/775/409
f 696/986/601 695/984/600 804/983/709 736/985/641
f 276/276/198 667/778/572 805/987/710 668/780/573
f 668/780/573 805/987/710 777/988/682 605/781/514
f 805/987/710 667/778/572 307/779/227 684/989/589
f 777/988/682 805/987/710 684/989/589 686/990/591
f 277/277/199 669/782/574 806/991/711 670/783/575
f 670/783/575 806/991/711 807/992/712 427/784/341
f 479/499/389 730/854/635 806/991/711 669/782/574
f 806/991/711 730/854/635 732/856/637 807/992/712
f 672/787/577 808/993/713 673/789/578 278/278/200
f 784/994/689 614/790/523 673/789/578 808/993/713
f 645/788/552 795/995/700 808/993/713 672/787/577
f 795/995/700 785/996/690 784/994/689 808/993/713
f 809/997/714 471/491/381 105/105/71 425/428/339
f 731/998/636 473/493/383 471/491/381 809/997/714
f 427/430/341 807/999/712 809/997/714 425/428/339
f 732/1000/637 731/998/636 809/997/714 807/999/712
f 498/524/408 810/1001/715 334/337/249 42/42/25
f 789/1002/694 336/339/251 334/337/249 810/1001/715
f 500/526/410 803/1003/708 810/1001/715 498/524/408
f 803/1003/708 790/1004/695 789/1002/694 810/1001/715
f 506/535/415 183/183/113 627/712/534 811/1005/716
f 506/535/415 811/1005/716 740/1006/645 508/537/417
f 811/1005/716 627/712/534 550/713/459 745/1007/650
f 740/1006/645 811/1005/716 745/1007/650 741/1008/646
f 197/197/126 633/721/540 812/1009/717 526/558/435
f 526/558/435 812/1009/717 758/1010/663 527/559/436
f 812/1009/717 633/721/540 580/722/489 763/1011/668
f 812/1009/717 763/1011/668 759/1012/664 758/1010/663
f 203/203/132 671/785/576 813/1013/718 535/570/444
f 535/570/444 813/1013/718 767/1014/672 536/571/445
f 813/1013/718 671/785/576 595/786/504 772/1015/677
f 813/1013/718 772/1015/677 768/1016/673 767/1014/672
f 517/549/426 191/191/120 674/791/579 814/1017/719
f 517/549/426 814/1017/719 749/1018/654 518/550/427
f 814/1017/719 674/791/579 565/792/474 754/1019/659
f 749/1018/654 814/1017/719 754/1019/659 750/1020/655
f 69/69/721 72/72/722 60/60/720 64/64/720
f 70/70/725 69/69/726 64/64/723 77/77/724
f 71/71/728 70/70/727 77/77/727 67/67/728
f 72/72/731 71/71/731 67/67/729 60/60/730

# Mesh
g Boton_low
usemtl M_Botones
f 817/1023/733 818/1024/732 815/1021/732 816/1022/733
f 817/1023/733 816/1022/733 819/1025/734 820/1026/734
f 820/1026/734 819/1025/734 821/1027/735 822/1028/735
f 822/1028/735 821/1027/735 823/1029/736 824/1030/736
f 824/1030/736 823/1029/736 825/1031/737 826/1032/737
f 826/1032/737 825/1031/737 827/1033/738 828/1034/738
f 828/1034/738 827/1033/738 829/1035/739 830/1036/739
f 830/1036/739 829/1035/739 831/1037/740 832/1038/740
f 832/1038/740 831/1037/740 833/1039/741 834/1040/741
f 836/1042/742 834/1040/741 833/1039/741 835/1041/742
f 838/1045/743 836/1046/742 835/1043/742 837/1044/743
f 839/1047/744 840/1048/744 838/1045/743 837/1044/743
f 841/1049/745 842/1050/745 840/1048/744 839/1047/744
f 843/1051/746 844/1052/746 842/1050/745 841/1049/745
f 845/1053/747 846/1054/747 844/1052/746 843/1051/746
f 847/1055/748 848/1056/748 846/1054/747 845/1053/747
f 849/1057/749 850/1058/749 848/1056/748 847/1055/748
f 851/1059/750 852/1060/750 850/1058/749 849/1057/749
f 853/1061/751 854/1062/751 852/1060/750 851/1059/750
f 818/1024/732 854/1062/751 853/1061/751 815/1021/732
f 818/1024/752 817/1023/753 855/1063/754 856/1064/755
f 817/1023/753 820/1026/756 857/1065/756 855/1063/754
f 857/1065/756 820/1026/756 822/1028/757 858/1066/758
f 858/1066/758 822/1028/757 824/1030/759 859/1067/760
f 859/1067/760 824/1030/759 826/1032/761 860/1068/762
f 860/1068/762 826/1032/761 828/1034/763 861/1069/764
f 861/1069/764 828/1034/763 830/1036/765 862/1070/766
f 863/1071/768 862/1070/766 830/1036/765 832/1038/767
f 864/1072/770 863/1071/768 832/1038/767 834/1040/769
f 865/1073/772 864/1072/770 834/1040/769 836/1042/771
f 866/1074/774 865/1075/772 836/1046/771 838/1045/773
f 867/1076/776 866/1074/774 838/1045/773 840/1048/775
f 868/1077/778 867/1076/776 840/1048/775 842/1050/777
f 844/1052/779 869/1078/780 868/1077/778 842/1050/777
f 846/1054/781 870/1079/782 869/1078/780 844/1052/779
f 848/1056/783 871/1080/784 870/1079/782 846/1054/781
f 850/1058/785 872/1081/785 871/1080/784 848/1056/783
f 852/1060/786 873/1082/787 872/1081/785 850/1058/785
f 852/1060/786 854/1062/788 874/1083/789 873/1082/787
f 854/1062/788 818/1024/752 856/1064/755 874/1083/789
f 816/1084/790 815/1085/790 875/1086/790
f 815/1085/790 853/1087/790 875/1086/790
f 853/1087/790 851/1088/790 875/1086/790
f 851/1088/790 849/1089/790 875/1086/790
f 849/1089/790 847/1090/790 875/1086/790
f 847/1090/790 845/1091/790 875/1086/790
f 845/1091/790 843/1092/790 875/1086/790
f 843/1092/790 841/1093/790 875/1086/790
f 841/1093/790 839/1094/790 875/1086/790
f 839/1094/790 837/1095/790 875/1086/790
f 837/1095/790 835/1096/790 875/1086/790
f 835/1096/790 833/1097/790 875/1086/790
f 833/1097/790 831/1098/790 875/1086/790
f 831/1098/790 829/1099/790 875/1086/790
f 829/1099/790 827/1100/790 875/1086/790
f 827/1100/790 825/1101/790 875/1086/790
f 825/1101/790 823/1102/790 875/1086/790
f 823/1102/790 821/1103/790 875/1086/790
f 821/1103/790 819/1104/790 875/1086/790
f 819/1104/790 816/1084/790 875/1086/790
f 856/1105/791 855/1106/792 876/1107/793
f 855/1106/792 857/1108/794 876/1107/793
f 857/1108/794 858/1109/795 876/1107/793
f 858/1109/795 859/1110/796 876/1107/793
f 859/1110/796 860/1111/797 876/1107/793
f 860/1111/797 861/1112/798 876/1107/793
f 861/1112/798 862/1113/799 876/1107/793
f 862/1113/799 863/1114/800 876/1107/793
f 863/1114/800 864/1115/801 876/1107/793
f 864/1115/801 865/1116/802 876/1107/793
f 865/1116/802 866/1117/803 876/1107/793
f 866/1117/803 867/1118/804 876/1107/793
f 867/1118/804 868/1119/805 876/1107/793
f 868/1119/805 869/1120/806 876/1107/793
f 869/1120/806 870/1121/807 876/1107/793
f 870/1121/807 871/1122/808 876/1107/793
f 871/1122/808 872/1123/809 876/1107/793
f 872/1123/809 873/1124/810 876/1107/793
f 873/1124/810 874/1125/811 876/1107/793
f 874/1125/811 856/1105/791 876/1107/793

# Mesh
g Base_button_low
usemtl M_Botones
f 880/1129/812 877/1126/812 878/1127/813 879/1128/813
f 879/1128/813 878/1127/813 881/1130/814 882/1131/814
f 882/1131/814 881/1130/814 883/1132/815 884/1133/815
f 884/1133/815 883/1132/815 885/1134/816 886/1135/816
f 886/1135/816 885/1134/816 887/1136/737 888/1137/737
f 888/1137/737 887/1136/737 889/1138/817 890/1139/817
f 890/1139/817 889/1138/817 891/1140/818 892/1141/818
f 892/1141/818 891/1140/818 893/1142/819 894/1143/819
f 894/1143/819 893/1142/819 895/1144/820 896/1145/820
f 896/1145/820 895/1144/820 897/1146/821 898/1147/821
f 899/1149/822 900/1150/822 898/1151/821 897/1148/821
f 901/1152/823 902/1153/823 900/1150/822 899/1149/822
f 903/1154/824 904/1155/824 902/1153/823 901/1152/823
f 905/1156/825 906/1157/825 904/1155/824 903/1154/824
f 907/1158/826 908/1159/826 906/1157/825 905/1156/825
f 909/1160/827 910/1161/827 908/1159/826 907/1158/826
f 911/1162/828 912/1163/828 910/1161/827 909/1160/827
f 913/1164/829 914/1165/829 912/1163/828 911/1162/828
f 915/1166/830 916/1167/830 914/1165/829 913/1164/829
f 877/1126/812 880/1129/812 916/1167/830 915/1166/830
f 918/1169/834 880/1129/831 879/1128/832 917/1168/833
f 917/1168/833 879/1128/832 882/1131/835 919/1170/836
f 919/1170/836 882/1131/835 884/1133/837 920/1171/838
f 920/1171/838 884/1133/837 886/1135/839 921/1172/840
f 921/1172/840 886/1135/839 888/1137/841 922/1173/842
f 922/1173/842 888/1137/841 890/1139/843 923/1174/844
f 923/1174/844 890/1139/843 892/1141/845 924/1175/846
f 924/1175/846 892/1141/845 894/1143/847 925/1176/848
f 925/1176/848 894/1143/847 896/1145/849 926/1177/850
f 926/1177/850 896/1145/849 898/1147/851 927/1178/852
f 900/1150/853 928/1179/854 927/1180/852 898/1151/851
f 902/1153/855 929/1181/856 928/1179/854 900/1150/853
f 904/1155/857 930/1182/857 929/1181/856 902/1153/855
f 906/1157/858 931/1183/859 930/1182/857 904/1155/857
f 908/1159/860 932/1184/861 931/1183/859 906/1157/858
f 910/1161/862 933/1185/863 932/1184/861 908/1159/860
f 912/1163/864 934/1186/864 933/1185/863 910/1161/862
f 914/1165/865 935/1187/866 934/1186/864 912/1163/864
f 916/1167/867 936/1188/868 935/1187/866 914/1165/865
f 880/1129/831 918/1169/834 936/1188/868 916/1167/867
f 878/1189/869 877/1190/869 937/1191/869
f 877/1190/869 915/1192/869 937/1191/869
f 915/1192/869 913/1193/869 937/1191/869
f 913/1193/869 911/1194/869 937/1191/869
f 911/1194/869 909/1195/869 937/1191/869
f 909/1195/869 907/1196/869 937/1191/869
f 907/1196/869 905/1197/869 937/1191/869
f 905/1197/869 903/1198/869 937/1191/869
f 903/1198/869 901/1199/869 937/1191/869
f 901/1199/869 899/1200/869 937/1191/869
f 899/1200/869 897/1201/869 937/1191/869
f 897/1201/869 895/1202/869 937/1191/869
f 895/1202/869 893/1203/869 937/1191/869
f 893/1203/869 891/1204/869 937/1191/869
f 891/1204/869 889/1205/869 937/1191/869
f 889/1205/869 887/1206/869 937/1191/869
f 887/1206/869 885/1207/869 937/1191/869
f 885/1207/869 883/1208/869 937/1191/869
f 883/1208/869 881/1209/869 937/1191/869
f 881/1209/869 878/1189/869 937/1191/869
f 918/1210/870 917/1211/870 938/1212/871
f 917/1211/870 919/1213/872 938/1212/871
f 919/1213/872 920/1214/873 938/1212/871
f 920/1214/873 921/1215/874 938/1212/871
f 921/1215/874 922/1216/875 938/1212/871
f 922/1216/875 923/1217/876 938/1212/871
f 923/1217/876 924/1218/877 938/1212/871
f 924/1218/877 925/1219/878 938/1212/871
f 925/1219/878 926/1220/879 938/1212/871
f 926/1220/879 927/1221/880 938/1212/871
f 927/1221/880 928/1222/881 938/1212/871
f 928/1222/881 929/1223/882 938/1212/871
f 929/1223/882 930/1224/883 938/1212/871
f 930/1224/883 931/1225/884 938/1212/871
f 931/1225/884 932/1226/885 938/1212/871
f 932/1226/885 933/1227/886 938/1212/871
f 933/1227/886 934/1228/887 938/1212/871
f 934/1228/887 935/1229/888 938/1212/871
f 935/1229/888 936/1230/889 938/1212/871
f 936/1230/889 918/1210/870 938/1212/871

# Mesh
g Mini_botones_low
usemtl M_Botones
f 940/1232/813 941/1233/890 942/1234/890 939/1231/813
f 940/1232/813 939/1231/813 943/1235/891 944/1236/891
f 944/1236/891 943/1235/891 945/1237/892 946/1238/892
f 946/1238/892 945/1237/892 947/1239/736 948/1240/736
f 948/1240/736 947/1239/736 949/1241/737 950/1242/737
f 950/1242/737 949/1241/737 951/1243/893 952/1244/893
f 952/1244/893 951/1243/893 953/1245/739 954/1246/739
f 954/1246/739 953/1245/739 955/1247/894 956/1248/894
f 956/1248/894 955/1247/894 957/1249/820 958/1250/820
f 960/1252/895 958/1250/820 957/1249/820 959/1251/895
f 962/1254/822 960/1255/895 959/1256/895 961/1253/822
f 963/1257/896 964/1258/896 962/1254/822 961/1253/822
f 965/1259/897 966/1260/897 964/1258/896 963/1257/896
f 967/1261/898 968/1262/898 966/1260/897 965/1259/897
f 969/1263/899 970/1264/899 968/1262/898 967/1261/898
f 971/1265/827 972/1266/827 970/1264/899 969/1263/899
f 973/1267/900 974/1268/900 972/1266/827 971/1265/827
f 975/1269/829 976/1270/829 974/1268/900 973/1267/900
f 977/1271/901 978/1272/901 976/1270/829 975/1269/829
f 941/1233/890 978/1272/901 977/1271/901 942/1234/890
f 941/1233/905 940/1232/902 979/1273/903 980/1274/904
f 940/1232/902 944/1236/906 981/1275/906 979/1273/903
f 981/1275/906 944/1236/906 946/1238/757 982/1276/907
f 982/1276/907 946/1238/757 948/1240/759 983/1277/908
f 983/1277/908 948/1240/759 950/1242/909 984/1278/910
f 984/1278/910 950/1242/909 952/1244/911 985/1279/912
f 985/1279/912 952/1244/911 954/1246/913 986/1280/914
f 987/1281/916 986/1280/914 954/1246/913 956/1248/915
f 988/1282/918 987/1281/916 956/1248/915 958/1250/917
f 989/1283/920 988/1282/918 958/1250/917 960/1252/919
f 990/1284/921 989/1285/920 960/1255/919 962/1254/921
f 991/1286/776 990/1284/921 962/1254/921 964/1258/776
f 992/1287/923 991/1286/776 964/1258/776 966/1260/922
f 968/1262/924 993/1288/925 992/1287/923 966/1260/922
f 970/1264/926 994/1289/927 993/1288/925 968/1262/924
f 972/1266/783 995/1290/783 994/1289/927 970/1264/926
f 974/1268/928 996/1291/928 995/1290/783 972/1266/783
f 976/1270/929 997/1292/930 996/1291/928 974/1268/928
f 976/1270/929 978/1272/931 998/1293/932 997/1292/930
f 978/1272/931 941/1233/905 980/1274/904 998/1293/932
f 1000/1295/933 1001/1296/934 1002/1297/934 999/1294/933
f 1000/1295/933 999/1294/933 1003/1298/935 1004/1299/935
f 1004/1299/935 1003/1298/935 1005/1300/936 1006/1301/936
f 1006/1301/936 1005/1300/936 1007/1302/937 1008/1303/937
f 1008/1303/937 1007/1302/937 1009/1304/938 1010/1305/938
f 1010/1305/938 1009/1304/938 1011/1306/939 1012/1307/939
f 1012/1307/939 1011/1306/939 1013/1308/940 1014/1309/940
f 1014/1309/940 1013/1308/940 1015/1310/894 1016/1311/894
f 1016/1311/894 1015/1310/894 1017/1312/820 1018/1313/820
f 1020/1315/895 1018/1313/820 1017/1312/820 1019/1314/895
f 1022/1317/941 1020/1318/895 1019/1319/895 1021/1316/941
f 1023/1320/896 1024/1321/896 1022/1317/941 1021/1316/941
f 1025/1322/942 1026/1323/942 1024/1321/896 1023/1320/896
f 1027/1324/825 1028/1325/825 1026/1323/942 1025/1322/942
f 1029/1326/943 1030/1327/943 1028/1325/825 1027/1324/825
f 1031/1328/944 1032/1329/944 1030/1327/943 1029/1326/943
f 1033/1330/945 1034/1331/945 1032/1329/944 1031/1328/944
f 1035/1332/946 1036/1333/946 1034/1331/945 1033/1330/945
f 1037/1334/947 1038/1335/947 1036/1333/946 1035/1332/946
f 1001/1296/934 1038/1335/947 1037/1334/947 1002/1297/934
f 1001/1296/951 1000/1295/948 1039/1336/949 1040/1337/950
f 1000/1295/948 1004/1299/952 1041/1338/952 1039/1336/949
f 1041/1338/952 1004/1299/952 1006/1301/953 1042/1339/954
f 1042/1339/954 1006/1301/953 1008/1303/908 1043/1340/908
f 1043/1340/908 1008/1303/908 1010/1305/909 1044/1341/955
f 1044/1341/955 1010/1305/909 1012/1307/956 1045/1342/957
f 1045/1342/957 1012/1307/956 1014/1309/958 1046/1343/959
f 1047/1344/915 1046/1343/959 1014/1309/958 1016/1311/960
f 1048/1345/961 1047/1344/915 1016/1311/960 1018/1313/918
f 1049/1346/963 1048/1345/961 1018/1313/918 1020/1315/962
f 1050/1347/964 1049/1348/963 1020/1318/962 1022/1317/921
f 1051/1349/966 1050/1347/964 1022/1317/921 1024/1321/965
f 1052/1350/968 1051/1349/966 1024/1321/965 1026/1323/967
f 1028/1325/969 1053/1351/779 1052/1350/968 1026/1323/967
f 1030/1327/970 1054/1352/970 1053/1351/779 1028/1325/969
f 1032/1329/971 1055/1353/783 1054/1352/970 1030/1327/970
f 1034/1331/972 1056/1354/972 1055/1353/783 1032/1329/971
f 1036/1333/973 1057/1355/787 1056/1354/972 1034/1331/972
f 1036/1333/973 1038/1335/974 1058/1356/975 1057/1355/787
f 1038/1335/974 1001/1296/951 1040/1337/950 1058/1356/975
f 1060/1358/976 1061/1359/977 1062/1360/977 1059/1357/976
f 1060/1358/976 1059/1357/976 1063/1361/978 1064/1362/978
f 1064/1362/978 1063/1361/978 1065/1363/979 1066/1364/979
f 1066/1364/979 1065/1363/979 1067/1365/980 1068/1366/980
f 1068/1366/980 1067/1365/980 1069/1367/981 1070/1368/981
f 1070/1368/981 1069/1367/981 1071/1369/982 1072/1370/982
f 1072/1370/982 1071/1369/982 1073/1371/983 1074/1372/983
f 1074/1372/983 1073/1371/983 1075/1373/984 1076/1374/984
f 1076/1374/984 1075/1373/984 1077/1375/820 1078/1376/820
f 1080/1378/985 1078/1376/820 1077/1375/820 1079/1377/985
f 1082/1380/941 1080/1381/985 1079/1382/985 1081/1379/941
f 1083/1383/986 1084/1384/986 1082/1380/941 1081/1379/941
f 1085/1385/824 1086/1386/824 1084/1384/986 1083/1383/986
f 1087/1387/825 1088/1388/825 1086/1386/824 1085/1385/824
f 1089/1389/987 1090/1390/987 1088/1388/825 1087/1387/825
f 1091/1391/988 1092/1392/988 1090/1390/987 1089/1389/987
f 1093/1393/900 1094/1394/900 1092/1392/988 1091/1391/988
f 1095/1395/989 1096/1396/989 1094/1394/900 1093/1393/900
f 1097/1397/990 1098/1398/990 1096/1396/989 1095/1395/989
f 1061/1359/977 1098/1398/990 1097/1397/990 1062/1360/977
f 1061/1359/994 1060/1358/991 1099/1399/992 1100/1400/993
f 1060/1358/991 1064/1362/995 1101/1401/995 1099/1399/992
f 1101/1401/995 1064/1362/995 1066/1364/996 1102/1402/997
f 1102/1402/997 1066/1364/996 1068/1366/759 1103/1403/759
f 1103/1403/759 1068/1366/759 1070/1368/998 1104/1404/999
f 1104/1404/999 1070/1368/998 1072/1370/1000 1105/1405/1001
f 1105/1405/1001 1072/1370/1000 1074/1372/1002 1106/1406/1003
f 1107/1407/1005 1106/1406/1003 1074/1372/1002 1076/1374/1004
f 1108/1408/1007 1107/1407/1005 1076/1374/1004 1078/1376/1006
f 1109/1409/1009 1108/1408/1007 1078/1376/1006 1080/1378/1008
f 1110/1410/1011 1109/1411/1009 1080/1381/1008 1082/1380/1010
f 1111/1412/1013 1110/1410/1011 1082/1380/1010 1084/1384/1012
f 1112/1413/1015 1111/1412/1013 1084/1384/1012 1086/1386/1014
f 1088/1388/1016 1113/1414/1017 1112/1413/1015 1086/1386/1014
f 1090/1390/1018 1114/1415/926 1113/1414/1017 1088/1388/1016
f 1092/1392/1019 1115/1416/1020 1114/1415/926 1090/1390/1018
f 1094/1394/1021 1116/1417/1022 1115/1416/1020 1092/1392/1019
f 1096/1396/1023 1117/1418/1023 1116/1417/1022 1094/1394/1021
f 1096/1396/1023 1098/1398/1024 1118/1419/1025 1117/1418/1023
f 1098/1398/1024 1061/1359/994 1100/1400/993 1118/1419/1025
f 1120/1421/933 1121/1422/1026 1122/1423/1026 1119/1420/933
f 1120/1421/933 1119/1420/933 1123/1424/1027 1124/1425/1027
f 1124/1425/1027 1123/1424/1027 1125/1426/1028 1126/1427/1028
f 1126/1427/1028 1125/1426/1028 1127/1428/1029 1128/1429/1029
f 1128/1429/1029 1127/1428/1029 1129/1430/1030 1130/1431/1030
f 1130/1431/1030 1129/1430/1030 1131/1432/1031 1132/1433/1031
f 1132/1433/1031 1131/1432/1031 1133/1434/1032 1134/1435/1032
f 1134/1435/1032 1133/1434/1032 1135/1436/1033 1136/1437/1033
f 1136/1437/1033 1135/1436/1033 1137/1438/1034 1138/1439/1034
f 1140/1441/1035 1138/1439/1034 1137/1438/1034 1139/1440/1035
f 1142/1443/1036 1140/1444/1035 1139/1445/1035 1141/1442/1036
f 1143/1446/1037 1144/1447/1037 1142/1443/1036 1141/1442/1036
f 1145/1448/1038 1146/1449/1038 1144/1447/1037 1143/1446/1037
f 1147/1450/1039 1148/1451/1039 1146/1449/1038 1145/1448/1038
f 1149/1452/1040 1150/1453/1040 1148/1451/1039 1147/1450/1039
f 1151/1454/1041 1152/1455/1041 1150/1453/1040 1149/1452/1040
f 1153/1456/900 1154/1457/900 1152/1455/1041 1151/1454/1041
f 1155/1458/1042 1156/1459/1042 1154/1457/900 1153/1456/900
f 1157/1460/901 1158/1461/901 1156/1459/1042 1155/1458/1042
f 1121/1422/1026 1158/1461/901 1157/1460/901 1122/1423/1026
f 1121/1422/1046 1120/1421/1043 1159/1462/1044 1160/1463/1045
f 1120/1421/1043 1124/1425/1047 1161/1464/1048 1159/1462/1044
f 1161/1464/1048 1124/1425/1047 1126/1427/1049 1162/1465/1049
f 1162/1465/1049 1126/1427/1049 1128/1429/1050 1163/1466/1051
f 1163/1466/1051 1128/1429/1050 1130/1431/1052 1164/1467/1053
f 1164/1467/1053 1130/1431/1052 1132/1433/1054 1165/1468/1055
f 1165/1468/1055 1132/1433/1054 1134/1435/1056 1166/1469/1057
f 1167/1470/1059 1166/1469/1057 1134/1435/1056 1136/1437/1058
f 1168/1471/1061 1167/1470/1059 1136/1437/1058 1138/1439/1060
f 1169/1472/1063 1168/1471/1061 1138/1439/1060 1140/1441/1062
f 1170/1473/1065 1169/1474/1063 1140/1444/1062 1142/1443/1064
f 1171/1475/965 1170/1473/1065 1142/1443/1064 1144/1447/966
f 1172/1476/1067 1171/1475/965 1144/1447/966 1146/1449/1066
f 1148/1451/1068 1173/1477/1069 1172/1476/1067 1146/1449/1066
f 1150/1453/1070 1174/1478/1071 1173/1477/1069 1148/1451/1068
f 1152/1455/1072 1175/1479/1073 1174/1478/1071 1150/1453/1070
f 1154/1457/1074 1176/1480/1075 1175/1479/1073 1152/1455/1072
f 1156/1459/1076 1177/1481/1076 1176/1480/1075 1154/1457/1074
f 1156/1459/1076 1158/1461/1077 1178/1482/1078 1177/1481/1076
f 1158/1461/1077 1121/1422/1046 1160/1463/1045 1178/1482/1078
f 1180/1484/1079 1181/1485/1080 1182/1486/1080 1179/1483/1079
f 1180/1484/1079 1179/1483/1079 1183/1487/1081 1184/1488/1081
f 1184/1488/1081 1183/1487/1081 1185/1489/936 1186/1490/936
f 1186/1490/936 1185/1489/936 1187/1491/1082 1188/1492/1082
f 1188/1492/1082 1187/1491/1082 1189/1493/1083 1190/1494/1083
f 1190/1494/1083 1189/1493/1083 1191/1495/1084 1192/1496/1084
f 1192/1496/1084 1191/1495/1084 1193/1497/940 1194/1498/940
f 1194/1498/940 1193/1497/940 1195/1499/1085 1196/1500/1085
f 1196/1500/1085 1195/1499/1085 1197/1501/1086 1198/1502/1086
f 1200/1504/1087 1198/1502/1086 1197/1501/1086 1199/1503/1087
f 1202/1506/1088 1200/1507/1087 1199/1508/1087 1201/1505/1088
f 1203/1509/1089 1204/1510/1089 1202/1506/1088 1201/1505/1088
f 1205/1511/1090 1206/1512/1090 1204/1510/1089 1203/1509/1089
f 1207/1513/1091 1208/1514/1091 1206/1512/1090 1205/1511/1090
f 1209/1515/1092 1210/1516/1092 1208/1514/1091 1207/1513/1091
f 1211/1517/1093 1212/1518/1093 1210/1516/1092 1209/1515/1092
f 1213/1519/828 1214/1520/828 1212/1518/1093 1211/1517/1093
f 1215/1521/829 1216/1522/829 1214/1520/828 1213/1519/828
f 1217/1523/1094 1218/1524/1094 1216/1522/829 1215/1521/829
f 1181/1485/1080 1218/1524/1094 1217/1523/1094 1182/1486/1080
f 1181/1485/1097 1180/1484/1095 1219/1525/992 1220/1526/1096
f 1180/1484/1095 1184/1488/1098 1221/1527/1099 1219/1525/992
f 1221/1527/1099 1184/1488/1098 1186/1490/757 1222/1528/1100
f 1222/1528/1100 1186/1490/757 1188/1492/1101 1223/1529/1102
f 1223/1529/1102 1188/1492/1101 1190/1494/1103 1224/1530/1104
f 1224/1530/1104 1190/1494/1103 1192/1496/1105 1225/1531/1106
f 1225/1531/1106 1192/1496/1105 1194/1498/1107 1226/1532/1108
f 1227/1533/1110 1226/1532/1108 1194/1498/1107 1196/1500/1109
f 1228/1534/1112 1227/1533/1110 1196/1500/1109 1198/1502/1111
f 1229/1535/1114 1228/1534/1112 1198/1502/1111 1200/1504/1113
f 1230/1536/964 1229/1537/1114 1200/1507/1113 1202/1506/921
f 1231/1538/1116 1230/1536/964 1202/1506/921 1204/1510/1115
f 1232/1539/1118 1231/1538/1116 1204/1510/1115 1206/1512/1117
f 1208/1514/1016 1233/1540/1119 1232/1539/1118 1206/1512/1117
f 1210/1516/1120 1234/1541/1120 1233/1540/1119 1208/1514/1016
f 1212/1518/1121 1235/1542/1122 1234/1541/1120 1210/1516/1120
f 1214/1520/928 1236/1543/1123 1235/1542/1122 1212/1518/1121
f 1216/1522/1124 1237/1544/930 1236/1543/1123 1214/1520/928
f 1216/1522/1124 1218/1524/1125 1238/1545/1126 1237/1544/930
f 1218/1524/1125 1181/1485/1097 1220/1526/1096 1238/1545/1126
f 1240/1547/976 1241/1548/1080 1242/1549/1080 1239/1546/976
f 1240/1547/976 1239/1546/976 1243/1550/1127 1244/1551/1127
f 1244/1551/1127 1243/1550/1127 1245/1552/1128 1246/1553/1128
f 1246/1553/1128 1245/1552/1128 1247/1554/1129 1248/1555/1129
f 1248/1555/1129 1247/1554/1129 1249/1556/1083 1250/1557/1083
f 1250/1557/1083 1249/1556/1083 1251/1558/1130 1252/1559/1130
f 1252/1559/1130 1251/1558/1130 1253/1560/1131 1254/1561/1131
f 1254/1561/1131 1253/1560/1131 1255/1562/1085 1256/1563/1085
f 1256/1563/1085 1255/1562/1085 1257/1564/1086 1258/1565/1086
f 1260/1567/1087 1258/1565/1086 1257/1564/1086 1259/1566/1087
f 1262/1569/1088 1260/1570/1087 1259/1571/1087 1261/1568/1088
f 1263/1572/986 1264/1573/986 1262/1569/1088 1261/1568/1088
f 1265/1574/1132 1266/1575/1132 1264/1573/986 1263/1572/986
f 1267/1576/1133 1268/1577/1133 1266/1575/1132 1265/1574/1132
f 1269/1578/1134 1270/1579/1134 1268/1577/1133 1267/1576/1133
f 1271/1580/1135 1272/1581/1135 1270/1579/1134 1269/1578/1134
f 1273/1582/945 1274/1583/945 1272/1581/1135 1271/1580/1135
f 1275/1584/946 1276/1585/946 1274/1583/945 1273/1582/945
f 1277/1586/990 1278/1587/990 1276/1585/946 1275/1584/946
f 1241/1548/1080 1278/1587/990 1277/1586/990 1242/1549/1080
f 1241/1548/1139 1240/1547/1136 1279/1588/1137 1280/1589/1138
f 1240/1547/1136 1244/1551/1098 1281/1590/1099 1279/1588/1137
f 1281/1590/1099 1244/1551/1098 1246/1553/954 1282/1591/1100
f 1282/1591/1100 1246/1553/954 1248/1555/1140 1283/1592/1102
f 1283/1592/1102 1248/1555/1140 1250/1557/1141 1284/1593/1142
f 1284/1593/1142 1250/1557/1141 1252/1559/1143 1285/1594/1143
f 1285/1594/1143 1252/1559/1143 1254/1561/1107 1286/1595/1144
f 1287/1596/1146 1286/1595/1144 1254/1561/1107 1256/1563/1145
f 1288/1597/1147 1287/1596/1146 1256/1563/1145 1258/1565/961
f 1289/1598/1149 1288/1597/1147 1258/1565/961 1260/1567/1148
f 1290/1599/1150 1289/1600/1149 1260/1570/1148 1262/1569/921
f 1291/1601/1152 1290/1599/1150 1262/1569/921 1264/1573/1151
f 1292/1602/1118 1291/1601/1152 1264/1573/1151 1266/1575/1153
f 1268/1577/1154 1293/1603/1155 1292/1602/1118 1266/1575/1153
f 1270/1579/1156 1294/1604/1157 1293/1603/1155 1268/1577/1154
f 1272/1581/1073 1295/1605/1121 1294/1604/1157 1270/1579/1156
f 1274/1583/1123 1296/1606/1123 1295/1605/1121 1272/1581/1073
f 1276/1585/1158 1297/1607/1159 1296/1606/1123 1274/1583/1123
f 1276/1585/1158 1278/1587/974 1298/1608/1160 1297/1607/1159
f 1278/1587/974 1241/1548/1139 1280/1589/1138 1298/1608/1160
f 1300/1610/1161 1301/1611/1162 1302/1612/1162 1299/1609/1161
f 1300/1610/1161 1299/1609/1161 1303/1613/1163 1304/1614/1163
f 1304/1614/1163 1303/1613/1163 1305/1615/735 1306/1616/735
f 1306/1616/735 1305/1615/735 1307/1617/1164 1308/1618/1164
f 1308/1618/1164 1307/1617/1164 1309/1619/1165 1310/1620/1165
f 1310/1620/1165 1309/1619/1165 1311/1621/893 1312/1622/893
f 1312/1622/893 1311/1621/893 1313/1623/983 1314/1624/983
f 1314/1624/983 1313/1623/983 1315/1625/1166 1316/1626/1166
f 1316/1626/1166 1315/1625/1166 1317/1627/1167 1318/1628/1167
f 1320/1630/1168 1318/1628/1167 1317/1627/1167 1319/1629/1168
f 1322/1632/1169 1320/1633/1168 1319/1634/1168 1321/1631/1169
f 1323/1635/1089 1324/1636/1089 1322/1632/1169 1321/1631/1169
f 1325/1637/1090 1326/1638/1090 1324/1636/1089 1323/1635/1089
f 1327/1639/898 1328/1640/898 1326/1638/1090 1325/1637/1090
f 1329/1641/1170 1330/1642/1170 1328/1640/898 1327/1639/898
f 1331/1643/988 1332/1644/988 1330/1642/1170 1329/1641/1170
f 1333/1645/828 1334/1646/828 1332/1644/988 1331/1643/988
f 1335/1647/1171 1336/1648/1171 1334/1646/828 1333/1645/828
f 1337/1649/1172 1338/1650/1172 1336/1648/1171 1335/1647/1171
f 1301/1611/1162 1338/1650/1172 1337/1649/1172 1302/1612/1162
f 1301/1611/1176 1300/1610/1173 1339/1651/1174 1340/1652/1175
f 1300/1610/1173 1304/1614/1047 1341/1653/1177 1339/1651/1174
f 1341/1653/1177 1304/1614/1047 1306/1616/1178 1342/1654/1179
f 1342/1654/1179 1306/1616/1178 1308/1618/1180 1343/1655/1181
f 1343/1655/1181 1308/1618/1180 1310/1620/1182 1344/1656/1183
f 1344/1656/1183 1310/1620/1182 1312/1622/1184 1345/1657/1185
f 1345/1657/1185 1312/1622/1184 1314/1624/1186 1346/1658/1187
f 1347/1659/1188 1346/1658/1187 1314/1624/1186 1316/1626/1188
f 1348/1660/1189 1347/1659/1188 1316/1626/1188 1318/1628/1006
f 1349/1661/1191 1348/1660/1189 1318/1628/1006 1320/1630/1190
f 1350/1662/1193 1349/1663/1191 1320/1633/1190 1322/1632/1192
f 1351/1664/1195 1350/1662/1193 1322/1632/1192 1324/1636/1194
f 1352/1665/1197 1351/1664/1195 1324/1636/1194 1326/1638/1196
f 1328/1640/1198 1353/1666/1199 1352/1665/1197 1326/1638/1196
f 1330/1642/1200 1354/1667/1201 1353/1666/1199 1328/1640/1198
f 1332/1644/1019 1355/1668/1202 1354/1667/1201 1330/1642/1200
f 1334/1646/1203 1356/1669/1021 1355/1668/1202 1332/1644/1019
f 1336/1648/1204 1357/1670/1204 1356/1669/1021 1334/1646/1203
f 1336/1648/1204 1338/1650/1205 1358/1671/1025 1357/1670/1204
f 1338/1650/1205 1301/1611/1176 1340/1652/1175 1358/1671/1025
f 1360/1673/976 1361/1674/1206 1362/1675/1206 1359/1672/976
f 1360/1673/976 1359/1672/976 1363/1676/1207 1364/1677/1207
f 1364/1677/1207 1363/1676/1207 1365/1678/1208 1366/1679/1208
f 1366/1679/1208 1365/1678/1208 1367/1680/1209 1368/1681/1209
f 1368/1681/1209 1367/1680/1209 1369/1682/1210 1370/1683/1210
f 1370/1683/1210 1369/1682/1210 1371/1684/1084 1372/1685/1084
f 1372/1685/1084 1371/1684/1084 1373/1686/1211 1374/1687/1211
f 1374/1687/1211 1373/1686/1211 1375/1688/1212 1376/1689/1212
f 1376/1689/1212 1375/1688/1212 1377/1690/1086 1378/1691/1086
f 1380/1693/1213 1378/1691/1086 1377/1690/1086 1379/1692/1213
f 1382/1695/1214 1380/1696/1213 1379/1697/1213 1381/1694/1214
f 1383/1698/1215 1384/1699/1215 1382/1695/1214 1381/1694/1214
f 1385/1700/1216 1386/1701/1216 1384/1699/1215 1383/1698/1215
f 1387/1702/1217 1388/1703/1217 1386/1701/1216 1385/1700/1216
f 1389/1704/1218 1390/1705/1218 1388/1703/1217 1387/1702/1217
f 1391/1706/1219 1392/1707/1219 1390/1705/1218 1389/1704/1218
f 1393/1708/828 1394/1709/828 1392/1707/1219 1391/1706/1219
f 1395/1710/1042 1396/1711/1042 1394/1709/828 1393/1708/828
f 1397/1712/1220 1398/1713/1220 1396/1711/1042 1395/1710/1042
f 1361/1674/1206 1398/1713/1220 1397/1712/1220 1362/1675/1206
f 1361/1674/1224 1360/1673/1221 1399/1714/1222 1400/1715/1223
f 1360/1673/1221 1364/1677/1225 1401/1716/1226 1399/1714/1222
f 1401/1716/1226 1364/1677/1225 1366/1679/1227 1402/1717/1227
f 1402/1717/1227 1366/1679/1227 1368/1681/1228 1403/1718/1229
f 1403/1718/1229 1368/1681/1228 1370/1683/1230 1404/1719/1231
f 1404/1719/1231 1370/1683/1230 1372/1685/1232 1405/1720/1233
f 1405/1720/1233 1372/1685/1232 1374/1687/1234 1406/1721/1235
f 1407/1722/1237 1406/1721/1235 1374/1687/1234 1376/1689/1236
f 1408/1723/1239 1407/1722/1237 1376/1689/1236 1378/1691/1238
f 1409/1724/1241 1408/1723/1239 1378/1691/1238 1380/1693/1240
f 1410/1725/1243 1409/1726/1241 1380/1696/1240 1382/1695/1242
f 1411/1727/1245 1410/1725/1243 1382/1695/1242 1384/1699/1244
f 1412/1728/1247 1411/1727/1245 1384/1699/1244 1386/1701/1246
f 1388/1703/1248 1413/1729/1249 1412/1728/1247 1386/1701/1246
f 1390/1705/1250 1414/1730/1251 1413/1729/1249 1388/1703/1248
f 1392/1707/1252 1415/1731/1253 1414/1730/1251 1390/1705/1250
f 1394/1709/1254 1416/1732/1255 1415/1731/1253 1392/1707/1252
f 1396/1711/1256 1417/1733/1076 1416/1732/1255 1394/1709/1254
f 1396/1711/1256 1398/1713/1257 1418/1734/1258 1417/1733/1076
f 1398/1713/1257 1361/1674/1224 1400/1715/1223 1418/1734/1258
f 939/1735/1259 942/1736/1259 1419/1737/1259
f 942/1736/1259 977/1738/1259 1419/1737/1259
f 977/1738/1259 975/1739/1259 1419/1737/1259
f 975/1739/1259 973/1740/1259 1419/1737/1259
f 973/1740/1259 971/1741/1259 1419/1737/1259
f 971/1741/1259 969/1742/1259 1419/1737/1259
f 969/1742/1259 967/1743/1259 1419/1737/1259
f 967/1743/1259 965/1744/1259 1419/1737/1259
f 965/1744/1259 963/1745/1259 1419/1737/1259
f 963/1745/1259 961/1746/1259 1419/1737/1259
f 961/1746/1259 959/1747/1259 1419/1737/1259
f 959/1747/1259 957/1748/1259 1419/1737/1259
f 957/1748/1259 955/1749/1259 1419/1737/1259
f 955/1749/1259 953/1750/1259 1419/1737/1259
f 953/1750/1259 951/1751/1259 1419/1737/1259
f 951/1751/1259 949/1752/1259 1419/1737/1259
f 949/1752/1259 947/1753/1259 1419/1737/1259
f 947/1753/1259 945/1754/1259 1419/1737/1259
f 945/1754/1259 943/1755/1259 1419/1737/1259
f 943/1755/1259 939/1735/1259 1419/1737/1259
f 980/1756/1260 979/1757/1261 1420/1758/1262
f 979/1757/1261 981/1759/1263 1420/1758/1262
f 981/1759/1263 982/1760/1264 1420/1758/1262
f 982/1760/1264 983/1761/1265 1420/1758/1262
f 983/1761/1265 984/1762/1266 1420/1758/1262
f 984/1762/1266 985/1763/1267 1420/1758/1262
f 985/1763/1267 986/1764/1268 1420/1758/1262
f 986/1764/1268 987/1765/1269 1420/1758/1262
f 987/1765/1269 988/1766/1270 1420/1758/1262
f 988/1766/1270 989/1767/1271 1420/1758/1262
f 989/1767/1271 990/1768/1272 1420/1758/1262
f 990/1768/1272 991/1769/1273 1420/1758/1262
f 991/1769/1273 992/1770/1274 1420/1758/1262
f 992/1770/1274 993/1771/1275 1420/1758/1262
f 993/1771/1275 994/1772/1276 1420/1758/1262
f 994/1772/1276 995/1773/1277 1420/1758/1262
f 995/1773/1277 996/1774/1278 1420/1758/1262
f 996/1774/1278 997/1775/1279 1420/1758/1262
f 997/1775/1279 998/1776/1280 1420/1758/1262
f 998/1776/1280 980/1756/1260 1420/1758/1262
f 999/1777/1259 1002/1778/1259 1421/1779/1259
f 1002/1778/1259 1037/1780/1259 1421/1779/1259
f 1037/1780/1259 1035/1781/1259 1421/1779/1259
f 1035/1781/1259 1033/1782/1259 1421/1779/1259
f 1033/1782/1259 1031/1783/1259 1421/1779/1259
f 1031/1783/1259 1029/1784/1259 1421/1779/1259
f 1029/1784/1259 1027/1785/1259 1421/1779/1259
f 1027/1785/1259 1025/1786/1259 1421/1779/1259
f 1025/1786/1259 1023/1787/1259 1421/1779/1259
f 1023/1787/1259 1021/1788/1259 1421/1779/1259
f 1021/1788/1259 1019/1789/1259 1421/1779/1259
f 1019/1789/1259 1017/1790/1259 1421/1779/1259
f 1017/1790/1259 1015/1791/1259 1421/1779/1259
f 1015/1791/1259 1013/1792/1259 1421/1779/1259
f 1013/1792/1259 1011/1793/1259 1421/1779/1259
f 1011/1793/1259 1009/1794/1259 1421/1779/1259
f 1009/1794/1259 1007/1795/1259 1421/1779/1259
f 1007/1795/1259 1005/1796/1259 1421/1779/1259
f 1005/1796/1259 1003/1797/1259 1421/1779/1259
f 1003/1797/1259 999/1777/1259 1421/1779/1259
f 1040/1798/1281 1039/1799/1282 1422/1800/1283
f 1039/1799/1282 1041/1801/1284 1422/1800/1283
f 1041/1801/1284 1042/1802/1285 1422/1800/1283
f 1042/1802/1285 1043/1803/1286 1422/1800/1283
f 1043/1803/1286 1044/1804/1266 1422/1800/1283
f 1044/1804/1266 1045/1805/1267 1422/1800/1283
f 1045/1805/1267 1046/1806/1287 1422/1800/1283
f 1046/1806/1287 1047/1807/1269 1422/1800/1283
f 1047/1807/1269 1048/1808/1288 1422/1800/1283
f 1048/1808/1288 1049/1809/1289 1422/1800/1283
f 1049/1809/1289 1050/1810/1290 1422/1800/1283
f 1050/1810/1290 1051/1811/1273 1422/1800/1283
f 1051/1811/1273 1052/1812/1274 1422/1800/1283
f 1052/1812/1274 1053/1813/1275 1422/1800/1283
f 1053/1813/1275 1054/1814/1276 1422/1800/1283
f 1054/1814/1276 1055/1815/1291 1422/1800/1283
f 1055/1815/1291 1056/1816/1292 1422/1800/1283
f 1056/1816/1292 1057/1817/1293 1422/1800/1283
f 1057/1817/1293 1058/1818/1294 1422/1800/1283
f 1058/1818/1294 1040/1798/1281 1422/1800/1283
f 1059/1819/1259 1062/1820/1259 1423/1821/1259
f 1062/1820/1259 1097/1822/1259 1423/1821/1259
f 1097/1822/1259 1095/1823/1259 1423/1821/1259
f 1095/1823/1259 1093/1824/1259 1423/1821/1259
f 1093/1824/1259 1091/1825/1259 1423/1821/1259
f 1091/1825/1259 1089/1826/1259 1423/1821/1259
f 1089/1826/1259 1087/1827/1259 1423/1821/1259
f 1087/1827/1259 1085/1828/1259 1423/1821/1259
f 1085/1828/1259 1083/1829/1259 1423/1821/1259
f 1083/1829/1259 1081/1830/1259 1423/1821/1259
f 1081/1830/1259 1079/1831/1259 1423/1821/1259
f 1079/1831/1259 1077/1832/1259 1423/1821/1259
f 1077/1832/1259 1075/1833/1259 1423/1821/1259
f 1075/1833/1259 1073/1834/1259 1423/1821/1259
f 1073/1834/1259 1071/1835/1259 1423/1821/1259
f 1071/1835/1259 1069/1836/1259 1423/1821/1259
f 1069/1836/1259 1067/1837/1259 1423/1821/1259
f 1067/1837/1259 1065/1838/1259 1423/1821/1259
f 1065/1838/1259 1063/1839/1259 1423/1821/1259
f 1063/1839/1259 1059/1819/1259 1423/1821/1259
f 1100/1840/1295 1099/1841/1296 1424/1842/1297
f 1099/1841/1296 1101/1843/1263 1424/1842/1297
f 1101/1843/1263 1102/1844/1298 1424/1842/1297
f 1102/1844/1298 1103/1845/1286 1424/1842/1297
f 1103/1845/1286 1104/1846/1299 1424/1842/1297
f 1104/1846/1299 1105/1847/1300 1424/1842/1297
f 1105/1847/1300 1106/1848/1301 1424/1842/1297
f 1106/1848/1301 1107/1849/1302 1424/1842/1297
f 1107/1849/1302 1108/1850/1303 1424/1842/1297
f 1108/1850/1303 1109/1851/1304 1424/1842/1297
f 1109/1851/1304 1110/1852/1305 1424/1842/1297
f 1110/1852/1305 1111/1853/1306 1424/1842/1297
f 1111/1853/1306 1112/1854/1307 1424/1842/1297
f 1112/1854/1307 1113/1855/1308 1424/1842/1297
f 1113/1855/1308 1114/1856/1276 1424/1842/1297
f 1114/1856/1276 1115/1857/1309 1424/1842/1297
f 1115/1857/1309 1116/1858/1278 1424/1842/1297
f 1116/1858/1278 1117/1859/1310 1424/1842/1297
f 1117/1859/1310 1118/1860/1311 1424/1842/1297
f 1118/1860/1311 1100/1840/1295 1424/1842/1297
f 1119/1861/1259 1122/1862/1259 1425/1863/1259
f 1122/1862/1259 1157/1864/1259 1425/1863/1259
f 1157/1864/1259 1155/1865/1259 1425/1863/1259
f 1155/1865/1259 1153/1866/1259 1425/1863/1259
f 1153/1866/1259 1151/1867/1259 1425/1863/1259
f 1151/1867/1259 1149/1868/1259 1425/1863/1259
f 1149/1868/1259 1147/1869/1259 1425/1863/1259
f 1147/1869/1259 1145/1870/1259 1425/1863/1259
f 1145/1870/1259 1143/1871/1259 1425/1863/1259
f 1143/1871/1259 1141/1872/1259 1425/1863/1259
f 1141/1872/1259 1139/1873/1259 1425/1863/1259
f 1139/1873/1259 1137/1874/1259 1425/1863/1259
f 1137/1874/1259 1135/1875/1259 1425/1863/1259
f 1135/1875/1259 1133/1876/1259 1425/1863/1259
f 1133/1876/1259 1131/1877/1259 1425/1863/1259
f 1131/1877/1259 1129/1878/1259 1425/1863/1259
f 1129/1878/1259 1127/1879/1259 1425/1863/1259
f 1127/1879/1259 1125/1880/1259 1425/1863/1259
f 1125/1880/1259 1123/1881/1259 1425/1863/1259
f 1123/1881/1259 1119/1861/1259 1425/1863/1259
f 1160/1882/1312 1159/1883/1313 1426/1884/1314
f 1159/1883/1313 1161/1885/1315 1426/1884/1314
f 1161/1885/1315 1162/1886/1285 1426/1884/1314
f 1162/1886/1285 1163/1887/1316 1426/1884/1314
f 1163/1887/1316 1164/1888/1299 1426/1884/1314
f 1164/1888/1299 1165/1889/1267 1426/1884/1314
f 1165/1889/1267 1166/1890/1268 1426/1884/1314
f 1166/1890/1268 1167/1891/1317 1426/1884/1314
f 1167/1891/1317 1168/1892/1318 1426/1884/1314
f 1168/1892/1318 1169/1893/1319 1426/1884/1314
f 1169/1893/1319 1170/1894/1320 1426/1884/1314
f 1170/1894/1320 1171/1895/1321 1426/1884/1314
f 1171/1895/1321 1172/1896/1322 1426/1884/1314
f 1172/1896/1322 1173/1897/1323 1426/1884/1314
f 1173/1897/1323 1174/1898/1324 1426/1884/1314
f 1174/1898/1324 1175/1899/1325 1426/1884/1314
f 1175/1899/1325 1176/1900/1278 1426/1884/1314
f 1176/1900/1278 1177/1901/1326 1426/1884/1314
f 1177/1901/1326 1178/1902/1280 1426/1884/1314
f 1178/1902/1280 1160/1882/1312 1426/1884/1314
f 1179/1903/1259 1182/1904/1259 1427/1905/1259
f 1182/1904/1259 1217/1906/1259 1427/1905/1259
f 1217/1906/1259 1215/1907/1259 1427/1905/1259
f 1215/1907/1259 1213/1908/1259 1427/1905/1259
f 1213/1908/1259 1211/1909/1259 1427/1905/1259
f 1211/1909/1259 1209/1910/1259 1427/1905/1259
f 1209/1910/1259 1207/1911/1259 1427/1905/1259
f 1207/1911/1259 1205/1912/1259 1427/1905/1259
f 1205/1912/1259 1203/1913/1259 1427/1905/1259
f 1203/1913/1259 1201/1914/1259 1427/1905/1259
f 1201/1914/1259 1199/1915/1259 1427/1905/1259
f 1199/1915/1259 1197/1916/1259 1427/1905/1259
f 1197/1916/1259 1195/1917/1259 1427/1905/1259
f 1195/1917/1259 1193/1918/1259 1427/1905/1259
f 1193/1918/1259 1191/1919/1259 1427/1905/1259
f 1191/1919/1259 1189/1920/1259 1427/1905/1259
f 1189/1920/1259 1187/1921/1259 1427/1905/1259
f 1187/1921/1259 1185/1922/1259 1427/1905/1259
f 1185/1922/1259 1183/1923/1259 1427/1905/1259
f 1183/1923/1259 1179/1903/1259 1427/1905/1259
f 1220/1924/1327 1219/1925/1296 1428/1926/1328
f 1219/1925/1296 1221/1927/1329 1428/1926/1328
f 1221/1927/1329 1222/1928/1264 1428/1926/1328
f 1222/1928/1264 1223/1929/1265 1428/1926/1328
f 1223/1929/1265 1224/1930/1299 1428/1926/1328
f 1224/1930/1299 1225/1931/1267 1428/1926/1328
f 1225/1931/1267 1226/1932/1330 1428/1926/1328
f 1226/1932/1330 1227/1933/1302 1428/1926/1328
f 1227/1933/1302 1228/1934/1270 1428/1926/1328
f 1228/1934/1270 1229/1935/1331 1428/1926/1328
f 1229/1935/1331 1230/1936/1320 1428/1926/1328
f 1230/1936/1320 1231/1937/1273 1428/1926/1328
f 1231/1937/1273 1232/1938/1274 1428/1926/1328
f 1232/1938/1274 1233/1939/1323 1428/1926/1328
f 1233/1939/1323 1234/1940/1332 1428/1926/1328
f 1234/1940/1332 1235/1941/1291 1428/1926/1328
f 1235/1941/1291 1236/1942/1292 1428/1926/1328
f 1236/1942/1292 1237/1943/1279 1428/1926/1328
f 1237/1943/1279 1238/1944/1333 1428/1926/1328
f 1238/1944/1333 1220/1924/1327 1428/1926/1328
f 1239/1945/1259 1242/1946/1259 1429/1947/1259
f 1242/1946/1259 1277/1948/1259 1429/1947/1259
f 1277/1948/1259 1275/1949/1259 1429/1947/1259
f 1275/1949/1259 1273/1950/1259 1429/1947/1259
f 1273/1950/1259 1271/1951/1259 1429/1947/1259
f 1271/1951/1259 1269/1952/1259 1429/1947/1259
f 1269/1952/1259 1267/1953/1259 1429/1947/1259
f 1267/1953/1259 1265/1954/1259 1429/1947/1259
f 1265/1954/1259 1263/1955/1259 1429/1947/1259
f 1263/1955/1259 1261/1956/1259 1429/1947/1259
f 1261/1956/1259 1259/1957/1259 1429/1947/1259
f 1259/1957/1259 1257/1958/1259 1429/1947/1259
f 1257/1958/1259 1255/1959/1259 1429/1947/1259
f 1255/1959/1259 1253/1960/1259 1429/1947/1259
f 1253/1960/1259 1251/1961/1259 1429/1947/1259
f 1251/1961/1259 1249/1962/1259 1429/1947/1259
f 1249/1962/1259 1247/1963/1259 1429/1947/1259
f 1247/1963/1259 1245/1964/1259 1429/1947/1259
f 1245/1964/1259 1243/1965/1259 1429/1947/1259
f 1243/1965/1259 1239/1945/1259 1429/1947/1259
f 1280/1966/1334 1279/1967/1335 1430/1968/1336
f 1279/1967/1335 1281/1969/1329 1430/1968/1336
f 1281/1969/1329 1282/1970/1337 1430/1968/1336
f 1282/1970/1337 1283/1971/1265 1430/1968/1336
f 1283/1971/1265 1284/1972/1338 1430/1968/1336
f 1284/1972/1338 1285/1973/1267 1430/1968/1336
f 1285/1973/1267 1286/1974/1301 1430/1968/1336
f 1286/1974/1301 1287/1975/1302 1430/1968/1336
f 1287/1975/1302 1288/1976/1288 1430/1968/1336
f 1288/1976/1288 1289/1977/1339 1430/1968/1336
f 1289/1977/1339 1290/1978/1340 1430/1968/1336
f 1290/1978/1340 1291/1979/1341 1430/1968/1336
f 1291/1979/1341 1292/1980/1274 1430/1968/1336
f 1292/1980/1274 1293/1981/1275 1430/1968/1336
f 1293/1981/1275 1294/1982/1342 1430/1968/1336
f 1294/1982/1342 1295/1983/1291 1430/1968/1336
f 1295/1983/1291 1296/1984/1292 1430/1968/1336
f 1296/1984/1292 1297/1985/1279 1430/1968/1336
f 1297/1985/1279 1298/1986/1343 1430/1968/1336
f 1298/1986/1343 1280/1966/1334 1430/1968/1336
f 1299/1987/1259 1302/1988/1259 1431/1989/1259
f 1302/1988/1259 1337/1990/1259 1431/1989/1259
f 1337/1990/1259 1335/1991/1259 1431/1989/1259
f 1335/1991/1259 1333/1992/1259 1431/1989/1259
f 1333/1992/1259 1331/1993/1259 1431/1989/1259
f 1331/1993/1259 1329/1994/1259 1431/1989/1259
f 1329/1994/1259 1327/1995/1259 1431/1989/1259
f 1327/1995/1259 1325/1996/1259 1431/1989/1259
f 1325/1996/1259 1323/1997/1259 1431/1989/1259
f 1323/1997/1259 1321/1998/1259 1431/1989/1259
f 1321/1998/1259 1319/1999/1259 1431/1989/1259
f 1319/1999/1259 1317/2000/1259 1431/1989/1259
f 1317/2000/1259 1315/2001/1259 1431/1989/1259
f 1315/2001/1259 1313/2002/1259 1431/1989/1259
f 1313/2002/1259 1311/2003/1259 1431/1989/1259
f 1311/2003/1259 1309/2004/1259 1431/1989/1259
f 1309/2004/1259 1307/2005/1259 1431/1989/1259
f 1307/2005/1259 1305/2006/1259 1431/1989/1259
f 1305/2006/1259 1303/2007/1259 1431/1989/1259
f 1303/2007/1259 1299/1987/1259 1431/1989/1259
f 1340/2008/1344 1339/2009/1345 1432/2010/1346
f 1339/2009/1345 1341/2011/1315 1432/2010/1346
f 1341/2011/1315 1342/2012/1347 1432/2010/1346
f 1342/2012/1347 1343/2013/1265 1432/2010/1346
f 1343/2013/1265 1344/2014/1348 1432/2010/1346
f 1344/2014/1348 1345/2015/1267 1432/2010/1346
f 1345/2015/1267 1346/2016/1330 1432/2010/1346
f 1346/2016/1330 1347/2017/1302 1432/2010/1346
f 1347/2017/1302 1348/2018/1303 1432/2010/1346
f 1348/2018/1303 1349/2019/1349 1432/2010/1346
f 1349/2019/1349 1350/2020/1320 1432/2010/1346
f 1350/2020/1320 1351/2021/1306 1432/2010/1346
f 1351/2021/1306 1352/2022/1307 1432/2010/1346
f 1352/2022/1307 1353/2023/1350 1432/2010/1346
f 1353/2023/1350 1354/2024/1276 1432/2010/1346
f 1354/2024/1276 1355/2025/1291 1432/2010/1346
f 1355/2025/1291 1356/2026/1278 1432/2010/1346
f 1356/2026/1278 1357/2027/1351 1432/2010/1346
f 1357/2027/1351 1358/2028/1311 1432/2010/1346
f 1358/2028/1311 1340/2008/1344 1432/2010/1346
f 1359/2029/1259 1362/2030/1259 1433/2031/1259
f 1362/2030/1259 1397/2032/1259 1433/2031/1259
f 1397/2032/1259 1395/2033/1259 1433/2031/1259
f 1395/2033/1259 1393/2034/1259 1433/2031/1259
f 1393/2034/1259 1391/2035/1259 1433/2031/1259
f 1391/2035/1259 1389/2036/1259 1433/2031/1259
f 1389/2036/1259 1387/2037/1259 1433/2031/1259
f 1387/2037/1259 1385/2038/1259 1433/2031/1259
f 1385/2038/1259 1383/2039/1259 1433/2031/1259
f 1383/2039/1259 1381/2040/1259 1433/2031/1259
f 1381/2040/1259 1379/2041/1259 1433/2031/1259
f 1379/2041/1259 1377/2042/1259 1433/2031/1259
f 1377/2042/1259 1375/2043/1259 1433/2031/1259
f 1375/2043/1259 1373/2044/1259 1433/2031/1259
f 1373/2044/1259 1371/2045/1259 1433/2031/1259
f 1371/2045/1259 1369/2046/1259 1433/2031/1259
f 1369/2046/1259 1367/2047/1259 1433/2031/1259
f 1367/2047/1259 1365/2048/1259 1433/2031/1259
f 1365/2048/1259 1363/2049/1259 1433/2031/1259
f 1363/2049/1259 1359/2029/1259 1433/2031/1259
f 1400/2050/1352 1399/2051/1353 1434/2052/1354
f 1399/2051/1353 1401/2053/1355 1434/2052/1354
f 1401/2053/1355 1402/2054/1356 1434/2052/1354
f 1402/2054/1356 1403/2055/1316 1434/2052/1354
f 1403/2055/1316 1404/2056/1338 1434/2052/1354
f 1404/2056/1338 1405/2057/1267 1434/2052/1354
f 1405/2057/1267 1406/2058/1301 1434/2052/1354
f 1406/2058/1301 1407/2059/1269 1434/2052/1354
f 1407/2059/1269 1408/2060/1357 1434/2052/1354
f 1408/2060/1357 1409/2061/1358 1434/2052/1354
f 1409/2061/1358 1410/2062/1359 1434/2052/1354
f 1410/2062/1359 1411/2063/1321 1434/2052/1354
f 1411/2063/1321 1412/2064/1322 1434/2052/1354
f 1412/2064/1322 1413/2065/1323 1434/2052/1354
f 1413/2065/1323 1414/2066/1276 1434/2052/1354
f 1414/2066/1276 1415/2067/1360 1434/2052/1354
f 1415/2067/1360 1416/2068/1292 1434/2052/1354
f 1416/2068/1292 1417/2069/1310 1434/2052/1354
f 1417/2069/1310 1418/2070/1333 1434/2052/1354
f 1418/2070/1333 1400/2050/1352 1434/2052/1354

# Mesh
g Botones_Sonar_low
usemtl M_Botones
f 1436/2072/1361 1437/2073/1361 1438/2074/1361 1435/2071/1361
f 1439/2075/1362 1440/2076/1362 1441/2077/1362 1442/2078/1362
f 1437/2079/1363 1443/2080/1363 1444/2081/1363 1438/2082/1363
f 1445/2084/1364 1443/2085/1364 1437/2086/1364 1436/2083/1364
f 1445/2089/1365 1436/2090/1365 1435/2087/1365 1446/2088/1365
f 1444/2092/1366 1446/2093/1366 1435/2094/1366 1438/2091/1366
f 1443/2095/1367 1439/2075/1368 1442/2078/1368 1444/2096/1367
f 1443/2095/1369 1445/2097/1369 1440/2076/1370 1439/2075/1370
f 1440/2076/1372 1445/2097/1371 1446/2098/1371 1441/2077/1372
f 1442/2078/1373 1441/2077/1373 1446/2098/1373 1444/2096/1373
f 1448/2100/1361 1449/2101/1361 1450/2102/1361 1447/2099/1361
f 1451/2103/1362 1452/2104/1362 1453/2105/1362 1454/2106/1362
f 1449/2107/1363 1455/2108/1363 1456/2109/1363 1450/2110/1363
f 1457/2112/1364 1455/2113/1364 1449/2114/1364 1448/2111/1364
f 1457/2117/1365 1448/2118/1365 1447/2115/1365 1458/2116/1365
f 1456/2120/1366 1458/2121/1366 1447/2122/1366 1450/2119/1366
f 1455/2123/1374 1451/2103/1368 1454/2106/1368 1456/2124/1374
f 1455/2123/1375 1457/2125/1375 1452/2104/1375 1451/2103/1375
f 1452/2104/1372 1457/2125/1376 1458/2126/1376 1453/2105/1372
f 1454/2106/1378 1453/2105/1378 1458/2126/1377 1456/2124/1377
f 1460/2128/1361 1461/2129/1361 1462/2130/1361 1459/2127/1361
f 1463/2131/1362 1464/2132/1362 1465/2133/1362 1466/2134/1362
f 1461/2135/1363 1467/2136/1363 1468/2137/1363 1462/2138/1363
f 1469/2140/1364 1467/2141/1364 1461/2142/1364 1460/2139/1364
f 1469/2145/1365 1460/2146/1365 1459/2143/1365 1470/2144/1365
f 1468/2148/1366 1470/2149/1366 1459/2150/1366 1462/2147/1366
f 1467/2151/1367 1463/2131/1368 1466/2134/1368 1468/2152/1367
f 1467/2151/1369 1469/2153/1369 1464/2132/1370 1463/2131/1370
f 1464/2132/1372 1469/2153/1371 1470/2154/1371 1465/2133/1372
f 1466/2134/1373 1465/2133/1373 1470/2154/1373 1468/2152/1373
f 1472/2156/1361 1473/2157/1361 1474/2158/1361 1471/2155/1361
f 1475/2159/1362 1476/2160/1362 1477/2161/1362 1478/2162/1362
f 1473/2163/1363 1479/2164/1363 1480/2165/1363 1474/2166/1363
f 1481/2168/1364 1479/2169/1364 1473/2170/1364 1472/2167/1364
f 1481/2173/1365 1472/2174/1365 1471/2171/1365 1482/2172/1365
f 1480/2176/1366 1482/2177/1366 1471/2178/1366 1474/2175/1366
f 1479/2179/1374 1475/2159/1368 1478/2162/1368 1480/2180/1374
f 1479/2179/1375 1481/2181/1375 1476/2160/1375 1475/2159/1375
f 1476/2160/1376 1481/2181/1379 1482/2182/1379 1477/2161/1376
f 1478/2162/1378 1477/2161/1378 1482/2182/1377 1480/2180/1377
f 1484/2184/1361 1485/2185/1361 1486/2186/1361 1483/2183/1361
f 1487/2187/1362 1488/2188/1362 1489/2189/1362 1490/2190/1362
f 1485/2191/1363 1491/2192/1363 1492/2193/1363 1486/2194/1363
f 1493/2196/1364 1491/2197/1364 1485/2198/1364 1484/2195/1364
f 1493/2201/1365 1484/2202/1365 1483/2199/1365 1494/2200/1365
f 1492/2204/1366 1494/2205/1366 1483/2206/1366 1486/2203/1366
f 1491/2207/1367 1487/2187/1368 1490/2190/1368 1492/2208/1367
f 1491/2207/1369 1493/2209/1369 1488/2188/1369 1487/2187/1370
f 1488/2188/1381 1493/2209/1380 1494/2210/1380 1489/2189/1381
f 1490/2190/1373 1489/2189/1373 1494/2210/1373 1492/2208/1373
f 1496/2212/1361 1497/2213/1361 1498/2214/1361 1495/2211/1361
f 1499/2215/1362 1500/2216/1362 1501/2217/1362 1502/2218/1362
f 1497/2219/1363 1503/2220/1363 1504/2221/1363 1498/2222/1363
f 1505/2224/1364 1503/2225/1364 1497/2226/1364 1496/2223/1364
f 1505/2229/1365 1496/2230/1365 1495/2227/1365 1506/2228/1365
f 1504/2232/1366 1506/2233/1366 1495/2234/1366 1498/2231/1366
f 1503/2235/1374 1499/2215/1368 1502/2218/1368 1504/2236/1374
f 1503/2235/1382 1505/2237/1375 1500/2216/1375 1499/2215/1382
f 1500/2216/1384 1505/2237/1383 1506/2238/1383 1501/2217/1384
f 1502/2218/1377 1501/2217/1385 1506/2238/1377 1504/2236/1377

# Mesh
g Sonnar_low
usemtl M_Botones
f 1510/2242/1389 1507/2239/1386 1508/2240/1387 1509/2241/1388
f 1509/2241/1388 1508/2240/1387 1511/2243/1390 1512/2244/1391
f 1512/2244/1391 1511/2243/1390 1513/2245/1392 1514/2246/1393
f 1514/2246/1393 1513/2245/1392 1515/2247/1394 1516/2248/1395
f 1516/2248/1395 1515/2247/1394 1517/2249/1396 1518/2250/1397
f 1518/2250/1397 1517/2249/1396 1519/2251/1398 1520/2252/1399
f 1520/2252/1399 1519/2251/1398 1521/2253/1400 1522/2254/1401
f 1522/2254/1401 1521/2253/1400 1523/2255/1402 1524/2256/1403
f 1524/2256/1403 1523/2255/1402 1525/2257/1404 1526/2258/1405
f 1526/2258/1405 1525/2257/1404 1527/2259/1406 1528/2260/1407
f 1529/2262/1408 1530/2263/1409 1528/2264/1407 1527/2261/1406
f 1531/2265/1410 1532/2266/1411 1530/2263/1409 1529/2262/1408
f 1533/2267/1412 1534/2268/1413 1532/2266/1411 1531/2265/1410
f 1535/2269/1414 1536/2270/1415 1534/2268/1413 1533/2267/1412
f 1537/2271/1416 1538/2272/1417 1536/2270/1415 1535/2269/1414
f 1539/2273/1418 1540/2274/1419 1538/2272/1417 1537/2271/1416
f 1541/2275/1420 1542/2276/1421 1540/2274/1419 1539/2273/1418
f 1543/2277/1422 1544/2278/1423 1542/2276/1421 1541/2275/1420
f 1545/2279/1424 1546/2280/1425 1544/2278/1423 1543/2277/1422
f 1507/2239/1386 1510/2242/1389 1546/2280/1425 1545/2279/1424
f 1548/2282/1427 1510/2242/1389 1509/2241/1388 1547/2281/1426
f 1547/2281/1426 1509/2241/1388 1512/2244/1391 1549/2283/1428
f 1549/2283/1428 1512/2244/1391 1514/2246/1393 1550/2284/1429
f 1550/2284/1429 1514/2246/1393 1516/2248/1395 1551/2285/1430
f 1551/2285/1430 1516/2248/1395 1518/2250/1397 1552/2286/1431
f 1552/2286/1431 1518/2250/1397 1520/2252/1399 1553/2287/1432
f 1553/2287/1432 1520/2252/1399 1522/2254/1401 1554/2288/1433
f 1554/2288/1433 1522/2254/1401 1524/2256/1403 1555/2289/1434
f 1555/2289/1434 1524/2256/1403 1526/2258/1405 1556/2290/1435
f 1557/2291/1436 1556/2290/1435 1526/2258/1405 1528/2260/1407
f 1558/2292/1437 1557/2293/1436 1528/2264/1407 1530/2263/1409
f 1532/2266/1411 1559/2294/1438 1558/2292/1437 1530/2263/1409
f 1534/2268/1413 1560/2295/1439 1559/2294/1438 1532/2266/1411
f 1536/2270/1415 1561/2296/1440 1560/2295/1439 1534/2268/1413
f 1538/2272/1417 1562/2297/1441 1561/2296/1440 1536/2270/1415
f 1540/2274/1419 1563/2298/1442 1562/2297/1441 1538/2272/1417
f 1542/2276/1421 1564/2299/1443 1563/2298/1442 1540/2274/1419
f 1544/2278/1423 1565/2300/1444 1564/2299/1443 1542/2276/1421
f 1546/2280/1425 1566/2301/1445 1565/2300/1444 1544/2278/1423
f 1510/2242/1389 1548/2282/1427 1566/2301/1445 1546/2280/1425
f 1508/2302/1446 1507/2303/1446 1567/2304/1446
f 1507/2303/1446 1545/2305/1446 1567/2304/1446
f 1545/2305/1446 1543/2306/1446 1567/2304/1446
f 1543/2306/1446 1541/2307/1446 1567/2304/1446
f 1541/2307/1446 1539/2308/1446 1567/2304/1446
f 1539/2308/1446 1537/2309/1446 1567/2304/1446
f 1537/2309/1446 1535/2310/1446 1567/2304/1446
f 1535/2310/1446 1533/2311/1446 1567/2304/1446
f 1533/2311/1446 1531/2312/1446 1567/2304/1446
f 1531/2312/1446 1529/2313/1446 1567/2304/1446
f 1529/2313/1446 1527/2314/1446 1567/2304/1446
f 1527/2314/1446 1525/2315/1446 1567/2304/1446
f 1525/2315/1446 1523/2316/1446 1567/2304/1446
f 1523/2316/1446 1521/2317/1446 1567/2304/1446
f 1521/2317/1446 1519/2318/1446 1567/2304/1446
f 1519/2318/1446 1517/2319/1446 1567/2304/1446
f 1517/2319/1446 1515/2320/1446 1567/2304/1446
f 1515/2320/1446 1513/2321/1446 1567/2304/1446
f 1513/2321/1446 1511/2322/1446 1567/2304/1446
f 1511/2322/1446 1508/2302/1446 1567/2304/1446
f 1568/2323/1447 1569/2324/1448 1570/2325/1449
f 1569/2324/1448 1571/2326/1450 1570/2325/1449
f 1571/2326/1450 1572/2327/1451 1570/2325/1449
f 1572/2327/1451 1573/2328/1452 1570/2325/1449
f 1573/2328/1452 1574/2329/1453 1570/2325/1449
f 1574/2329/1453 1575/2330/1454 1570/2325/1449
f 1575/2330/1454 1576/2331/1455 1570/2325/1449
f 1576/2331/1455 1577/2332/1456 1570/2325/1449
f 1577/2332/1456 1578/2333/1457 1570/2325/1449
f 1578/2333/1457 1579/2334/1458 1570/2325/1449
f 1579/2334/1458 1580/2335/1459 1570/2325/1449
f 1580/2335/1459 1581/2336/1460 1570/2325/1449
f 1581/2336/1460 1582/2337/1461 1570/2325/1449
f 1582/2337/1461 1583/2338/1462 1570/2325/1449
f 1583/2338/1462 1584/2339/1463 1570/2325/1449
f 1584/2339/1463 1585/2340/1464 1570/2325/1449
f 1585/2340/1464 1586/2341/1465 1570/2325/1449
f 1586/2341/1465 1587/2342/1466 1570/2325/1449
f 1587/2342/1466 1588/2343/1467 1570/2325/1449
f 1588/2343/1467 1568/2323/1447 1570/2325/1449
f 1548/2282/1427 1547/2281/1426 1589/2344/1468 1590/2345/1469
f 1589/2344/1468 1547/2281/1426 1549/2283/1428 1591/2346/1470
f 1591/2346/1470 1549/2283/1428 1550/2284/1429 1592/2347/1471
f 1592/2347/1471 1550/2284/1429 1551/2285/1430 1593/2348/1472
f 1593/2348/1472 1551/2285/1430 1552/2286/1431 1594/2349/1473
f 1594/2349/1473 1552/2286/1431 1553/2287/1432 1595/2350/1474
f 1595/2350/1474 1553/2287/1432 1554/2288/1433 1596/2351/1475
f 1596/2351/1475 1554/2288/1433 1555/2289/1434 1597/2352/1476
f 1597/2352/1476 1555/2289/1434 1556/2290/1435 1598/2353/1477
f 1599/2354/1478 1598/2353/1477 1556/2290/1435 1557/2291/1436
f 1600/2355/1479 1599/2356/1478 1557/2293/1436 1558/2292/1437
f 1559/2294/1438 1601/2357/1480 1600/2355/1479 1558/2292/1437
f 1560/2295/1439 1602/2358/1481 1601/2357/1480 1559/2294/1438
f 1561/2296/1440 1603/2359/1482 1602/2358/1481 1560/2295/1439
f 1562/2297/1441 1604/2360/1483 1603/2359/1482 1561/2296/1440
f 1563/2298/1442 1605/2361/1484 1604/2360/1483 1562/2297/1441
f 1564/2299/1443 1606/2362/1485 1605/2361/1484 1563/2298/1442
f 1565/2300/1444 1607/2363/1486 1606/2362/1485 1564/2299/1443
f 1566/2301/1445 1608/2364/1487 1607/2363/1486 1565/2300/1444
f 1566/2301/1445 1548/2282/1427 1590/2345/1469 1608/2364/1487
f 1568/2368/1491 1590/2365/1488 1589/2366/1489 1569/2367/1490
f 1569/2367/1490 1589/2366/1489 1591/2369/1492 1571/2370/1493
f 1571/2370/1493 1591/2369/1492 1592/2371/1494 1572/2372/1495
f 1572/2372/1495 1592/2371/1494 1593/2373/1496 1573/2374/1497
f 1573/2374/1497 1593/2373/1496 1594/2375/1498 1574/2376/1499
f 1574/2376/1499 1594/2375/1498 1595/2377/1500 1575/2378/1501
f 1575/2378/1501 1595/2377/1500 1596/2379/1502 1576/2380/1503
f 1576/2380/1503 1596/2379/1502 1597/2381/1504 1577/2382/1505
f 1577/2382/1505 1597/2381/1504 1598/2383/1506 1578/2384/1507
f 1578/2384/1507 1598/2383/1506 1599/2385/1508 1579/2386/1509
f 1600/2388/1510 1580/2389/1511 1579/2390/1509 1599/2387/1508
f 1601/2391/1512 1581/2392/1513 1580/2389/1511 1600/2388/1510
f 1602/2393/1514 1582/2394/1515 1581/2392/1513 1601/2391/1512
f 1603/2395/1516 1583/2396/1517 1582/2394/1515 1602/2393/1514
f 1604/2397/1518 1584/2398/1519 1583/2396/1517 1603/2395/1516
f 1605/2399/1520 1585/2400/1521 1584/2398/1519 1604/2397/1518
f 1606/2401/1522 1586/2402/1523 1585/2400/1521 1605/2399/1520
f 1607/2403/1524 1587/2404/1525 1586/2402/1523 1606/2401/1522
f 1608/2405/1526 1588/2406/1527 1587/2404/1525 1607/2403/1524
f 1590/2365/1488 1568/2368/1491 1588/2406/1527 1608/2405/1526

# Mesh
g Puerta_Panel_low
usemtl M_Maquina
f 1611/2409/2 1612/2410/2 1609/2407/2 1610/2408/2
f 1614/2412/10 1615/2413/10 1616/2414/10 1613/2411/10
f 1612/2416/20 1614/2417/20 1613/2418/20 1609/2415/20
f 1619/2421/53 1620/2422/53 1617/2419/53 1618/2420/53
f 1615/2426/66 1611/2423/66 1610/2424/66 1616/2425/66
f 1613/2429/81 1616/2430/81 1610/2427/81 1609/2428/81
f 1621/2433/53 1622/2434/53 1612/2431/53 1611/2432/53
f 1615/2435/53 1623/2436/53 1621/2433/53 1611/2432/53
f 1615/2435/53 1614/2437/53 1624/2438/53 1623/2436/53
f 1624/2438/53 1614/2437/53 1612/2431/53 1622/2434/53
f 1625/2439/53 1626/2440/53 1622/2434/53 1621/2433/53
f 1623/2436/53 1627/2441/53 1625/2439/53 1621/2433/53
f 1623/2436/53 1624/2438/53 1628/2442/53 1627/2441/53
f 1628/2442/53 1624/2438/53 1622/2434/53 1626/2440/53
f 1626/2440/1528 1625/2439/1528 1618/2420/1528 1617/2419/1529
f 1625/2439/1530 1627/2441/1530 1619/2421/1530 1618/2420/1530
f 1627/2441/1531 1628/2442/1532 1620/2422/1533 1619/2421/1532
f 1628/2442/1534 1626/2440/1534 1617/2419/1534 1620/2422/1534

# Mesh
g Tubo_2_low
usemtl M_Maquina
f 1631/2445/1537 1632/2446/1538 1629/2443/1535 1630/2444/1536
f 1633/2447/1539 1634/2448/1540 1632/2446/1538 1631/2445/1537
f 1635/2449/1541 1636/2450/1542 1634/2448/1540 1633/2447/1539
f 1636/2450/1542 1635/2449/1541 1637/2451/1543 1638/2452/1544
f 1638/2452/1544 1637/2451/1543 1639/2453/1545 1640/2454/1546
f 1640/2454/1546 1639/2453/1545 1641/2455/1547 1642/2456/1548
f 1642/2456/1548 1641/2455/1547 1643/2457/1549 1644/2458/1550
f 1644/2458/1550 1643/2457/1549 1645/2459/1551 1646/2460/1552
f 1646/2460/1552 1645/2459/1551 1647/2461/1553 1648/2462/1554
f 1649/2463/1555 1650/2464/1556 1648/2462/1554 1647/2461/1553
f 1651/2465/1557 1652/2466/1558 1650/2464/1556 1649/2463/1555
f 1630/2467/1536 1629/2468/1535 1652/2466/1558 1651/2465/1557
f 1654/2470/1560 1631/2445/1537 1630/2444/1536 1653/2469/1559
f 1655/2471/1561 1633/2447/1539 1631/2445/1537 1654/2470/1560
f 1656/2472/1562 1635/2449/1541 1633/2447/1539 1655/2471/1561
f 1635/2449/1541 1656/2472/1562 1657/2473/1563 1637/2451/1543
f 1637/2451/1543 1657/2473/1563 1658/2474/1564 1639/2453/1545
f 1639/2453/1545 1658/2474/1564 1659/2475/1565 1641/2455/1547
f 1641/2455/1547 1659/2475/1565 1660/2476/1566 1643/2457/1549
f 1643/2457/1549 1660/2476/1566 1661/2477/1567 1645/2459/1551
f 1645/2459/1551 1661/2477/1567 1662/2478/1568 1647/2461/1553
f 1663/2479/1569 1649/2463/1555 1647/2461/1553 1662/2478/1568
f 1664/2480/1570 1651/2465/1557 1649/2463/1555 1663/2479/1569
f 1653/2481/1559 1630/2467/1536 1651/2465/1557 1664/2480/1570
f 1666/2483/1572 1654/2470/1560 1653/2469/1559 1665/2482/1571
f 1667/2484/1573 1655/2471/1561 1654/2470/1560 1666/2483/1572
f 1668/2485/1574 1656/2472/1562 1655/2471/1561 1667/2484/1573
f 1656/2472/1562 1668/2485/1574 1669/2486/1575 1657/2473/1563
f 1657/2473/1563 1669/2486/1575 1670/2487/1576 1658/2474/1564
f 1658/2474/1564 1670/2487/1576 1671/2488/1577 1659/2475/1565
f 1659/2475/1565 1671/2488/1577 1672/2489/1578 1660/2476/1566
f 1660/2476/1566 1672/2489/1578 1673/2490/1579 1661/2477/1567
f 1661/2477/1567 1673/2490/1579 1674/2491/1580 1662/2478/1568
f 1675/2492/1581 1663/2479/1569 1662/2478/1568 1674/2491/1580
f 1676/2493/1582 1664/2480/1570 1663/2479/1569 1675/2492/1581
f 1665/2494/1571 1653/2481/1559 1664/2480/1570 1676/2493/1582
f 1678/2496/1584 1666/2483/1572 1665/2482/1571 1677/2495/1583
f 1679/2497/1585 1667/2484/1573 1666/2483/1572 1678/2496/1584
f 1680/2498/1586 1668/2485/1574 1667/2484/1573 1679/2497/1585
f 1668/2485/1574 1680/2498/1586 1681/2499/1587 1669/2486/1575
f 1669/2486/1575 1681/2499/1587 1682/2500/1588 1670/2487/1576
f 1670/2487/1576 1682/2500/1588 1683/2501/1589 1671/2488/1577
f 1671/2488/1577 1683/2501/1589 1684/2502/1590 1672/2489/1578
f 1672/2489/1578 1684/2502/1590 1685/2503/1591 1673/2490/1579
f 1673/2490/1579 1685/2503/1591 1686/2504/1592 1674/2491/1580
f 1687/2505/1593 1675/2492/1581 1674/2491/1580 1686/2504/1592
f 1688/2506/1594 1676/2493/1582 1675/2492/1581 1687/2505/1593
f 1677/2507/1583 1665/2494/1571 1676/2493/1582 1688/2506/1594
f 1690/2509/1596 1678/2496/1584 1677/2495/1583 1689/2508/1595
f 1691/2510/1597 1679/2497/1585 1678/2496/1584 1690/2509/1596
f 1692/2511/1598 1680/2498/1586 1679/2497/1585 1691/2510/1597
f 1680/2498/1586 1692/2511/1598 1693/2512/1599 1681/2499/1587
f 1681/2499/1587 1693/2512/1599 1694/2513/1600 1682/2500/1588
f 1682/2500/1588 1694/2513/1600 1695/2514/1601 1683/2501/1589
f 1683/2501/1589 1695/2514/1601 1696/2515/1602 1684/2502/1590
f 1684/2502/1590 1696/2515/1602 1697/2516/1603 1685/2503/1591
f 1685/2503/1591 1697/2516/1603 1698/2517/1604 1686/2504/1592
f 1699/2518/1605 1687/2505/1593 1686/2504/1592 1698/2517/1604
f 1700/2519/1606 1688/2506/1594 1687/2505/1593 1699/2518/1605
f 1689/2520/1595 1677/2507/1583 1688/2506/1594 1700/2519/1606
f 1702/2522/1608 1690/2509/1596 1689/2508/1595 1701/2521/1607
f 1703/2523/1609 1691/2510/1597 1690/2509/1596 1702/2522/1608
f 1704/2524/1610 1692/2511/1598 1691/2510/1597 1703/2523/1609
f 1692/2511/1598 1704/2524/1610 1705/2525/1611 1693/2512/1599
f 1693/2512/1599 1705/2525/1611 1706/2526/1612 1694/2513/1600
f 1694/2513/1600 1706/2526/1612 1707/2527/1613 1695/2514/1601
f 1695/2514/1601 1707/2527/1613 1708/2528/1614 1696/2515/1602
f 1696/2515/1602 1708/2528/1614 1709/2529/1615 1697/2516/1603
f 1697/2516/1603 1709/2529/1615 1710/2530/1616 1698/2517/1604
f 1711/2531/1617 1699/2518/1605 1698/2517/1604 1710/2530/1616
f 1712/2532/1618 1700/2519/1606 1699/2518/1605 1711/2531/1617
f 1701/2533/1607 1689/2520/1595 1700/2519/1606 1712/2532/1618
f 1714/2535/1620 1702/2522/1608 1701/2521/1607 1713/2534/1619
f 1715/2536/1621 1703/2523/1609 1702/2522/1608 1714/2535/1620
f 1716/2537/1622 1704/2524/1610 1703/2523/1609 1715/2536/1621
f 1704/2524/1610 1716/2537/1622 1717/2538/1623 1705/2525/1611
f 1705/2525/1611 1717/2538/1623 1718/2539/1624 1706/2526/1612
f 1706/2526/1612 1718/2539/1624 1719/2540/1625 1707/2527/1613
f 1707/2527/1613 1719/2540/1625 1720/2541/1626 1708/2528/1614
f 1708/2528/1614 1720/2541/1626 1721/2542/1627 1709/2529/1615
f 1709/2529/1615 1721/2542/1627 1722/2543/1628 1710/2530/1616
f 1723/2544/1629 1711/2531/1617 1710/2530/1616 1722/2543/1628
f 1724/2545/1630 1712/2532/1618 1711/2531/1617 1723/2544/1629
f 1713/2546/1619 1701/2533/1607 1712/2532/1618 1724/2545/1630
f 1726/2548/1632 1714/2535/1620 1713/2534/1619 1725/2547/1631
f 1727/2549/1633 1715/2536/1621 1714/2535/1620 1726/2548/1632
f 1728/2550/1634 1716/2537/1622 1715/2536/1621 1727/2549/1633
f 1716/2537/1622 1728/2550/1634 1729/2551/1635 1717/2538/1623
f 1717/2538/1623 1729/2551/1635 1730/2552/1636 1718/2539/1624
f 1718/2539/1624 1730/2552/1636 1731/2553/1637 1719/2540/1625
f 1719/2540/1625 1731/2553/1637 1732/2554/1638 1720/2541/1626
f 1720/2541/1626 1732/2554/1638 1733/2555/1639 1721/2542/1627
f 1721/2542/1627 1733/2555/1639 1734/2556/1640 1722/2543/1628
f 1735/2557/1641 1723/2544/1629 1722/2543/1628 1734/2556/1640
f 1736/2558/1642 1724/2545/1630 1723/2544/1629 1735/2557/1641
f 1725/2559/1631 1713/2546/1619 1724/2545/1630 1736/2558/1642
f 1738/2561/1644 1726/2548/1632 1725/2547/1631 1737/2560/1643
f 1739/2562/1645 1727/2549/1633 1726/2548/1632 1738/2561/1644
f 1740/2563/1646 1728/2550/1634 1727/2549/1633 1739/2562/1645
f 1728/2550/1634 1740/2563/1646 1741/2564/1647 1729/2551/1635
f 1729/2551/1635 1741/2564/1647 1742/2565/1648 1730/2552/1636
f 1730/2552/1636 1742/2565/1648 1743/2566/1649 1731/2553/1637
f 1731/2553/1637 1743/2566/1649 1744/2567/1650 1732/2554/1638
f 1732/2554/1638 1744/2567/1650 1745/2568/1651 1733/2555/1639
f 1733/2555/1639 1745/2568/1651 1746/2569/1652 1734/2556/1640
f 1747/2570/1653 1735/2557/1641 1734/2556/1640 1746/2569/1652
f 1748/2571/1654 1736/2558/1642 1735/2557/1641 1747/2570/1653
f 1737/2572/1643 1725/2559/1631 1736/2558/1642 1748/2571/1654
f 1750/2574/1656 1738/2561/1644 1737/2560/1643 1749/2573/1655
f 1751/2575/1657 1739/2562/1645 1738/2561/1644 1750/2574/1656
f 1752/2576/1658 1740/2563/1646 1739/2562/1645 1751/2575/1657
f 1740/2563/1646 1752/2576/1658 1753/2577/1659 1741/2564/1647
f 1741/2564/1647 1753/2577/1659 1754/2578/1660 1742/2565/1648
f 1742/2565/1648 1754/2578/1660 1755/2579/1661 1743/2566/1649
f 1743/2566/1649 1755/2579/1661 1756/2580/1662 1744/2567/1650
f 1744/2567/1650 1756/2580/1662 1757/2581/1663 1745/2568/1651
f 1745/2568/1651 1757/2581/1663 1758/2582/1664 1746/2569/1652
f 1759/2583/1665 1747/2570/1653 1746/2569/1652 1758/2582/1664
f 1760/2584/1666 1748/2571/1654 1747/2570/1653 1759/2583/1665
f 1749/2585/1655 1737/2572/1643 1748/2571/1654 1760/2584/1666
f 1762/2587/1668 1750/2574/1656 1749/2573/1655 1761/2586/1667
f 1763/2588/1669 1751/2575/1657 1750/2574/1656 1762/2587/1668
f 1764/2589/1670 1752/2576/1658 1751/2575/1657 1763/2588/1669
f 1752/2576/1658 1764/2589/1670 1765/2590/1671 1753/2577/1659
f 1753/2577/1659 1765/2590/1671 1766/2591/1672 1754/2578/1660
f 1754/2578/1660 1766/2591/1672 1767/2592/1673 1755/2579/1661
f 1755/2579/1661 1767/2592/1673 1768/2593/1674 1756/2580/1662
f 1756/2580/1662 1768/2593/1674 1769/2594/1675 1757/2581/1663
f 1757/2581/1663 1769/2594/1675 1770/2595/1676 1758/2582/1664
f 1771/2596/1677 1759/2583/1665 1758/2582/1664 1770/2595/1676
f 1772/2597/1678 1760/2584/1666 1759/2583/1665 1771/2596/1677
f 1761/2598/1667 1749/2585/1655 1760/2584/1666 1772/2597/1678
f 1774/2600/1680 1762/2587/1668 1761/2586/1667 1773/2599/1679
f 1775/2601/1681 1763/2588/1669 1762/2587/1668 1774/2600/1680
f 1776/2602/1682 1764/2589/1670 1763/2588/1669 1775/2601/1681
f 1764/2589/1670 1776/2602/1682 1777/2603/1683 1765/2590/1671
f 1765/2590/1671 1777/2603/1683 1778/2604/1684 1766/2591/1672
f 1766/2591/1672 1778/2604/1684 1779/2605/1685 1767/2592/1673
f 1767/2592/1673 1779/2605/1685 1780/2606/1686 1768/2593/1674
f 1768/2593/1674 1780/2606/1686 1781/2607/1687 1769/2594/1675
f 1769/2594/1675 1781/2607/1687 1782/2608/1688 1770/2595/1676
f 1783/2609/1689 1771/2596/1677 1770/2595/1676 1782/2608/1688
f 1784/2610/1690 1772/2597/1678 1771/2596/1677 1783/2609/1689
f 1773/2611/1679 1761/2598/1667 1772/2597/1678 1784/2610/1690
f 1786/2613/1692 1774/2600/1680 1773/2599/1679 1785/2612/1691
f 1787/2614/1693 1775/2601/1681 1774/2600/1680 1786/2613/1692
f 1788/2615/1694 1776/2602/1682 1775/2601/1681 1787/2614/1693
f 1776/2602/1682 1788/2615/1694 1789/2616/1695 1777/2603/1683
f 1777/2603/1683 1789/2616/1695 1790/2617/1696 1778/2604/1684
f 1778/2604/1684 1790/2617/1696 1791/2618/1697 1779/2605/1685
f 1779/2605/1685 1791/2618/1697 1792/2619/1698 1780/2606/1686
f 1780/2606/1686 1792/2619/1698 1793/2620/1699 1781/2607/1687
f 1781/2607/1687 1793/2620/1699 1794/2621/1700 1782/2608/1688
f 1795/2622/1701 1783/2609/1689 1782/2608/1688 1794/2621/1700
f 1796/2623/1702 1784/2610/1690 1783/2609/1689 1795/2622/1701
f 1785/2624/1691 1773/2611/1679 1784/2610/1690 1796/2623/1702
f 1798/2626/1704 1786/2613/1692 1785/2612/1691 1797/2625/1703
f 1799/2627/1705 1787/2614/1693 1786/2613/1692 1798/2626/1704
f 1800/2628/1706 1788/2615/1694 1787/2614/1693 1799/2627/1705
f 1788/2615/1694 1800/2628/1706 1801/2629/1707 1789/2616/1695
f 1789/2616/1695 1801/2629/1707 1802/2630/1708 1790/2617/1696
f 1790/2617/1696 1802/2630/1708 1803/2631/1709 1791/2618/1697
f 1791/2618/1697 1803/2631/1709 1804/2632/1710 1792/2619/1698
f 1792/2619/1698 1804/2632/1710 1805/2633/1711 1793/2620/1699
f 1793/2620/1699 1805/2633/1711 1806/2634/1712 1794/2621/1700
f 1807/2635/1713 1795/2622/1701 1794/2621/1700 1806/2634/1712
f 1808/2636/1714 1796/2623/1702 1795/2622/1701 1807/2635/1713
f 1797/2637/1703 1785/2624/1691 1796/2623/1702 1808/2636/1714
f 1810/2639/1716 1798/2626/1704 1797/2625/1703 1809/2638/1715
f 1811/2640/1717 1799/2627/1705 1798/2626/1704 1810/2639/1716
f 1812/2641/1718 1800/2628/1706 1799/2627/1705 1811/2640/1717
f 1800/2628/1706 1812/2641/1718 1813/2642/1719 1801/2629/1707
f 1801/2629/1707 1813/2642/1719 1814/2643/1720 1802/2630/1708
f 1802/2630/1708 1814/2643/1720 1815/2644/1721 1803/2631/1709
f 1803/2631/1709 1815/2644/1721 1816/2645/1722 1804/2632/1710
f 1804/2632/1710 1816/2645/1722 1817/2646/1723 1805/2633/1711
f 1805/2633/1711 1817/2646/1723 1818/2647/1724 1806/2634/1712
f 1819/2648/1725 1807/2635/1713 1806/2634/1712 1818/2647/1724
f 1820/2649/1726 1808/2636/1714 1807/2635/1713 1819/2648/1725
f 1809/2650/1715 1797/2637/1703 1808/2636/1714 1820/2649/1726
f 1822/2652/1728 1810/2639/1716 1809/2638/1715 1821/2651/1727
f 1823/2653/1729 1811/2640/1717 1810/2639/1716 1822/2652/1728
f 1824/2654/1730 1812/2641/1718 1811/2640/1717 1823/2653/1729
f 1812/2641/1718 1824/2654/1730 1825/2655/1731 1813/2642/1719
f 1813/2642/1719 1825/2655/1731 1826/2656/1732 1814/2643/1720
f 1814/2643/1720 1826/2656/1732 1827/2657/1733 1815/2644/1721
f 1815/2644/1721 1827/2657/1733 1828/2658/1734 1816/2645/1722
f 1816/2645/1722 1828/2658/1734 1829/2659/1735 1817/2646/1723
f 1817/2646/1723 1829/2659/1735 1830/2660/1736 1818/2647/1724
f 1831/2661/1737 1819/2648/1725 1818/2647/1724 1830/2660/1736
f 1832/2662/1738 1820/2649/1726 1819/2648/1725 1831/2661/1737
f 1821/2663/1727 1809/2650/1715 1820/2649/1726 1832/2662/1738
f 1834/2665/1740 1822/2652/1728 1821/2651/1727 1833/2664/1739
f 1835/2666/1741 1823/2653/1729 1822/2652/1728 1834/2665/1740
f 1836/2667/1742 1824/2654/1730 1823/2653/1729 1835/2666/1741
f 1824/2654/1730 1836/2667/1742 1837/2668/1743 1825/2655/1731
f 1825/2655/1731 1837/2668/1743 1838/2669/1744 1826/2656/1732
f 1826/2656/1732 1838/2669/1744 1839/2670/1745 1827/2657/1733
f 1827/2657/1733 1839/2670/1745 1840/2671/1746 1828/2658/1734
f 1828/2658/1734 1840/2671/1746 1841/2672/1747 1829/2659/1735
f 1829/2659/1735 1841/2672/1747 1842/2673/1748 1830/2660/1736
f 1843/2674/1749 1831/2661/1737 1830/2660/1736 1842/2673/1748
f 1844/2675/1750 1832/2662/1738 1831/2661/1737 1843/2674/1749
f 1833/2676/1739 1821/2663/1727 1832/2662/1738 1844/2675/1750
f 1846/2678/1752 1834/2665/1740 1833/2664/1739 1845/2677/1751
f 1847/2679/1753 1835/2666/1741 1834/2665/1740 1846/2678/1752
f 1848/2680/1754 1836/2667/1742 1835/2666/1741 1847/2679/1753
f 1836/2667/1742 1848/2680/1754 1849/2681/1755 1837/2668/1743
f 1837/2668/1743 1849/2681/1755 1850/2682/1756 1838/2669/1744
f 1838/2669/1744 1850/2682/1756 1851/2683/1757 1839/2670/1745
f 1839/2670/1745 1851/2683/1757 1852/2684/1758 1840/2671/1746
f 1840/2671/1746 1852/2684/1758 1853/2685/1759 1841/2672/1747
f 1841/2672/1747 1853/2685/1759 1854/2686/1760 1842/2673/1748
f 1855/2687/1761 1843/2674/1749 1842/2673/1748 1854/2686/1760
f 1856/2688/1762 1844/2675/1750 1843/2674/1749 1855/2687/1761
f 1845/2689/1751 1833/2676/1739 1844/2675/1750 1856/2688/1762
f 1858/2691/1764 1846/2678/1752 1845/2677/1751 1857/2690/1763
f 1859/2692/1765 1847/2679/1753 1846/2678/1752 1858/2691/1764
f 1860/2693/1766 1848/2680/1754 1847/2679/1753 1859/2692/1765
f 1848/2680/1754 1860/2693/1766 1861/2694/1767 1849/2681/1755
f 1849/2681/1755 1861/2694/1767 1862/2695/1768 1850/2682/1756
f 1850/2682/1756 1862/2695/1768 1863/2696/1769 1851/2683/1757
f 1851/2683/1757 1863/2696/1769 1864/2697/1770 1852/2684/1758
f 1852/2684/1758 1864/2697/1770 1865/2698/1771 1853/2685/1759
f 1853/2685/1759 1865/2698/1771 1866/2699/1772 1854/2686/1760
f 1867/2700/1773 1855/2687/1761 1854/2686/1760 1866/2699/1772
f 1868/2701/1774 1856/2688/1762 1855/2687/1761 1867/2700/1773
f 1857/2702/1763 1845/2689/1751 1856/2688/1762 1868/2701/1774
f 1870/2704/1776 1858/2691/1764 1857/2690/1763 1869/2703/1775
f 1871/2705/1777 1859/2692/1765 1858/2691/1764 1870/2704/1776
f 1872/2706/1778 1860/2693/1766 1859/2692/1765 1871/2705/1777
f 1860/2693/1766 1872/2706/1778 1873/2707/1779 1861/2694/1767
f 1861/2694/1767 1873/2707/1779 1874/2708/1780 1862/2695/1768
f 1862/2695/1768 1874/2708/1780 1875/2709/1781 1863/2696/1769
f 1863/2696/1769 1875/2709/1781 1876/2710/1782 1864/2697/1770
f 1864/2697/1770 1876/2710/1782 1877/2711/1783 1865/2698/1771
f 1865/2698/1771 1877/2711/1783 1878/2712/1784 1866/2699/1772
f 1879/2713/1785 1867/2700/1773 1866/2699/1772 1878/2712/1784
f 1880/2714/1786 1868/2701/1774 1867/2700/1773 1879/2713/1785
f 1869/2715/1775 1857/2702/1763 1868/2701/1774 1880/2714/1786
f 1882/2717/1788 1870/2704/1776 1869/2703/1775 1881/2716/1787
f 1883/2718/1789 1871/2705/1777 1870/2704/1776 1882/2717/1788
f 1884/2719/1790 1872/2706/1778 1871/2705/1777 1883/2718/1789
f 1872/2706/1778 1884/2719/1790 1885/2720/1791 1873/2707/1779
f 1873/2707/1779 1885/2720/1791 1886/2721/1792 1874/2708/1780
f 1874/2708/1780 1886/2721/1792 1887/2722/1793 1875/2709/1781
f 1875/2709/1781 1887/2722/1793 1888/2723/1794 1876/2710/1782
f 1876/2710/1782 1888/2723/1794 1889/2724/1795 1877/2711/1783
f 1877/2711/1783 1889/2724/1795 1890/2725/1796 1878/2712/1784
f 1891/2726/1797 1879/2713/1785 1878/2712/1784 1890/2725/1796
f 1892/2727/1798 1880/2714/1786 1879/2713/1785 1891/2726/1797
f 1881/2728/1787 1869/2715/1775 1880/2714/1786 1892/2727/1798
f 1632/2446/1538 1893/2729/1799 1894/2730/1800 1629/2443/1535
f 1634/2448/1540 1895/2731/1801 1893/2729/1799 1632/2446/1538
f 1636/2450/1542 1896/2732/1802 1895/2731/1801 1634/2448/1540
f 1896/2732/1802 1636/2450/1542 1638/2452/1544 1897/2733/1803
f 1897/2733/1803 1638/2452/1544 1640/2454/1546 1898/2734/1804
f 1898/2734/1804 1640/2454/1546 1642/2456/1548 1899/2735/1805
f 1899/2735/1805 1642/2456/1548 1644/2458/1550 1900/2736/1806
f 1900/2736/1806 1644/2458/1550 1646/2460/1552 1901/2737/1807
f 1901/2737/1807 1646/2460/1552 1648/2462/1554 1902/2738/1808
f 1650/2464/1556 1903/2739/1809 1902/2738/1808 1648/2462/1554
f 1652/2466/1558 1904/2740/1810 1903/2739/1809 1650/2464/1556
f 1629/2468/1535 1894/2741/1800 1904/2740/1810 1652/2466/1558
f 1906/2743/1812 1907/2744/1813 1908/2745/1814 1905/2742/1811
f 1909/2746/1815 1910/2747/1816 1907/2744/1813 1906/2743/1812
f 1911/2748/1817 1912/2749/1818 1910/2747/1816 1909/2746/1815
f 1912/2749/1818 1911/2748/1817 1913/2750/1819 1914/2751/1820
f 1914/2751/1820 1913/2750/1819 1915/2752/1821 1916/2753/1822
f 1916/2753/1822 1915/2752/1821 1917/2754/1823 1918/2755/1824
f 1918/2755/1824 1917/2754/1823 1919/2756/1825 1920/2757/1826
f 1920/2757/1826 1919/2756/1825 1921/2758/1827 1922/2759/1828
f 1922/2759/1828 1921/2758/1827 1923/2760/1829 1924/2761/1830
f 1925/2762/1831 1926/2763/1832 1924/2761/1830 1923/2760/1829
f 1927/2764/1833 1928/2765/1834 1926/2763/1832 1925/2762/1831
f 1905/2766/1811 1908/2767/1814 1928/2765/1834 1927/2764/1833
f 1932/2771/1838 1929/2768/1835 1930/2769/1836 1931/2770/1837
f 1931/2775/1837 1930/2772/1836 1933/2773/1839 1934/2774/1840
f 1934/2774/1840 1933/2773/1839 1935/2776/1841 1936/2777/1842
f 1936/2777/1842 1935/2776/1841 1937/2778/1843 1938/2779/1844
f 1939/2780/1845 1940/2781/1846 1938/2779/1844 1937/2778/1843
f 1941/2782/1847 1942/2783/1848 1940/2781/1846 1939/2780/1845
f 1943/2784/1849 1944/2785/1850 1942/2783/1848 1941/2782/1847
f 1945/2786/1851 1946/2787/1852 1944/2785/1850 1943/2784/1849
f 1947/2788/1853 1948/2789/1854 1946/2787/1852 1945/2786/1851
f 1949/2790/1855 1950/2791/1856 1948/2789/1854 1947/2788/1853
f 1950/2791/1856 1949/2790/1855 1951/2792/1857 1952/2793/1858
f 1952/2793/1858 1951/2792/1857 1929/2768/1835 1932/2771/1838
f 1893/2795/1860 1906/2796/1861 1905/2797/1862 1894/2794/1859
f 1895/2798/1863 1909/2799/1864 1906/2796/1861 1893/2795/1860
f 1896/2800/1865 1911/2801/1866 1909/2799/1864 1895/2798/1863
f 1911/2801/1866 1896/2800/1865 1897/2802/1867 1913/2803/1868
f 1913/2803/1868 1897/2802/1867 1898/2804/1869 1915/2805/1870
f 1915/2805/1870 1898/2804/1869 1899/2806/1871 1917/2807/1872
f 1917/2807/1872 1899/2806/1871 1900/2808/1873 1919/2809/1874
f 1919/2809/1874 1900/2808/1873 1901/2810/1875 1921/2811/1876
f 1921/2811/1876 1901/2810/1875 1902/2812/1877 1923/2813/1878
f 1903/2814/1879 1925/2815/1880 1923/2813/1878 1902/2812/1877
f 1904/2816/1881 1927/2817/1882 1925/2815/1880 1903/2814/1879
f 1894/2794/1859 1905/2797/1862 1927/2817/1882 1904/2816/1881
f 1953/2818/1883 1908/2819/1884 1907/2820/1885
f 1953/2818/1883 1928/2821/1886 1908/2819/1884
f 1953/2818/1883 1926/2822/1887 1928/2821/1886
f 1953/2818/1883 1924/2823/1888 1926/2822/1887
f 1953/2818/1883 1922/2824/1889 1924/2823/1888
f 1953/2818/1883 1920/2825/1890 1922/2824/1889
f 1953/2818/1883 1918/2826/1891 1920/2825/1890
f 1953/2818/1883 1916/2827/1892 1918/2826/1891
f 1953/2818/1883 1914/2828/1893 1916/2827/1892
f 1953/2818/1883 1912/2829/1894 1914/2828/1893
f 1953/2818/1883 1910/2830/1895 1912/2829/1894
f 1953/2818/1883 1907/2820/1885 1910/2830/1895
f 1929/2834/1899 1882/2831/1896 1881/2832/1897 1930/2833/1898
f 1930/2833/1898 1881/2832/1897 1892/2835/1900 1933/2836/1901
f 1933/2836/1901 1892/2835/1900 1891/2837/1902 1935/2838/1903
f 1891/2837/1902 1890/2839/1904 1937/2840/1905 1935/2838/1903
f 1890/2839/1904 1889/2841/1906 1939/2842/1907 1937/2840/1905
f 1888/2843/1908 1941/2844/1909 1939/2842/1907 1889/2841/1906
f 1887/2845/1910 1943/2846/1911 1941/2844/1909 1888/2843/1908
f 1886/2847/1912 1945/2848/1913 1943/2846/1911 1887/2845/1910
f 1885/2849/1914 1947/2850/1915 1945/2848/1913 1886/2847/1912
f 1949/2852/1917 1947/2850/1915 1885/2849/1914 1884/2851/1916
f 1951/2854/1919 1949/2852/1917 1884/2851/1916 1883/2853/1918
f 1951/2854/1919 1883/2853/1918 1882/2831/1896 1929/2834/1899
f 1954/2855/1920 1932/2856/1921 1931/2857/1922
f 1954/2855/1920 1952/2858/1923 1932/2856/1921
f 1954/2855/1920 1950/2859/1924 1952/2858/1923
f 1954/2855/1920 1948/2860/1925 1950/2859/1924
f 1954/2855/1920 1946/2861/1926 1948/2860/1925
f 1954/2855/1920 1944/2862/1927 1946/2861/1926
f 1954/2855/1920 1942/2863/1928 1944/2862/1927
f 1954/2855/1920 1940/2864/1929 1942/2863/1928
f 1954/2855/1920 1938/2865/1930 1940/2864/1929
f 1954/2855/1920 1936/2866/1931 1938/2865/1930
f 1954/2855/1920 1934/2867/1932 1936/2866/1931
f 1954/2855/1920 1931/2857/1922 1934/2867/1932

# Mesh
g Tubo_1_low001
usemtl M_Maquina
f 1957/2870/1935 1958/2871/1936 1955/2868/1933 1956/2869/1934
f 1959/2872/1937 1960/2873/1938 1958/2871/1936 1957/2870/1935
f 1961/2874/1939 1962/2875/1940 1960/2873/1938 1959/2872/1937
f 1962/2875/1940 1961/2874/1939 1963/2876/1941 1964/2877/1942
f 1964/2877/1942 1963/2876/1941 1965/2878/1943 1966/2879/1944
f 1966/2879/1944 1965/2878/1943 1967/2880/1945 1968/2881/1946
f 1968/2881/1946 1967/2880/1945 1969/2882/1947 1970/2883/1948
f 1970/2883/1948 1969/2882/1947 1971/2884/1949 1972/2885/1950
f 1972/2885/1950 1971/2884/1949 1973/2886/1951 1974/2887/1952
f 1975/2888/1953 1976/2889/1954 1974/2887/1952 1973/2886/1951
f 1977/2890/1955 1978/2891/1956 1976/2889/1954 1975/2888/1953
f 1956/2892/1934 1955/2893/1933 1978/2891/1956 1977/2890/1955
f 1980/2895/1958 1957/2870/1935 1956/2869/1934 1979/2894/1957
f 1981/2896/1959 1959/2872/1937 1957/2870/1935 1980/2895/1958
f 1982/2897/1960 1961/2874/1939 1959/2872/1937 1981/2896/1959
f 1961/2874/1939 1982/2897/1960 1983/2898/1961 1963/2876/1941
f 1963/2876/1941 1983/2898/1961 1984/2899/1962 1965/2878/1943
f 1965/2878/1943 1984/2899/1962 1985/2900/1963 1967/2880/1945
f 1967/2880/1945 1985/2900/1963 1986/2901/1964 1969/2882/1947
f 1969/2882/1947 1986/2901/1964 1987/2902/1965 1971/2884/1949
f 1971/2884/1949 1987/2902/1965 1988/2903/1966 1973/2886/1951
f 1989/2904/1967 1975/2888/1953 1973/2886/1951 1988/2903/1966
f 1990/2905/1968 1977/2890/1955 1975/2888/1953 1989/2904/1967
f 1979/2906/1957 1956/2892/1934 1977/2890/1955 1990/2905/1968
f 1992/2908/1970 1980/2895/1958 1979/2894/1957 1991/2907/1969
f 1993/2909/1971 1981/2896/1959 1980/2895/1958 1992/2908/1970
f 1994/2910/1972 1982/2897/1960 1981/2896/1959 1993/2909/1971
f 1982/2897/1960 1994/2910/1972 1995/2911/1973 1983/2898/1961
f 1983/2898/1961 1995/2911/1973 1996/2912/1974 1984/2899/1962
f 1984/2899/1962 1996/2912/1974 1997/2913/1975 1985/2900/1963
f 1985/2900/1963 1997/2913/1975 1998/2914/1976 1986/2901/1964
f 1986/2901/1964 1998/2914/1976 1999/2915/1977 1987/2902/1965
f 1987/2902/1965 1999/2915/1977 2000/2916/1978 1988/2903/1966
f 2001/2917/1979 1989/2904/1967 1988/2903/1966 2000/2916/1978
f 2002/2918/1980 1990/2905/1968 1989/2904/1967 2001/2917/1979
f 1991/2919/1969 1979/2906/1957 1990/2905/1968 2002/2918/1980
f 2004/2921/1982 1992/2908/1970 1991/2907/1969 2003/2920/1981
f 2005/2922/1983 1993/2909/1971 1992/2908/1970 2004/2921/1982
f 2006/2923/1984 1994/2910/1972 1993/2909/1971 2005/2922/1983
f 1994/2910/1972 2006/2923/1984 2007/2924/1985 1995/2911/1973
f 1995/2911/1973 2007/2924/1985 2008/2925/1986 1996/2912/1974
f 1996/2912/1974 2008/2925/1986 2009/2926/1987 1997/2913/1975
f 1997/2913/1975 2009/2926/1987 2010/2927/1988 1998/2914/1976
f 1998/2914/1976 2010/2927/1988 2011/2928/1989 1999/2915/1977
f 1999/2915/1977 2011/2928/1989 2012/2929/1990 2000/2916/1978
f 2013/2930/1991 2001/2917/1979 2000/2916/1978 2012/2929/1990
f 2014/2931/1992 2002/2918/1980 2001/2917/1979 2013/2930/1991
f 2003/2932/1981 1991/2919/1969 2002/2918/1980 2014/2931/1992
f 2016/2934/1994 2004/2921/1982 2003/2920/1981 2015/2933/1993
f 2017/2935/1995 2005/2922/1983 2004/2921/1982 2016/2934/1994
f 2018/2936/1996 2006/2923/1984 2005/2922/1983 2017/2935/1995
f 2006/2923/1984 2018/2936/1996 2019/2937/1997 2007/2924/1985
f 2007/2924/1985 2019/2937/1997 2020/2938/1998 2008/2925/1986
f 2008/2925/1986 2020/2938/1998 2021/2939/1999 2009/2926/1987
f 2009/2926/1987 2021/2939/1999 2022/2940/2000 2010/2927/1988
f 2010/2927/1988 2022/2940/2000 2023/2941/2001 2011/2928/1989
f 2011/2928/1989 2023/2941/2001 2024/2942/2002 2012/2929/1990
f 2025/2943/2003 2013/2930/1991 2012/2929/1990 2024/2942/2002
f 2026/2944/2004 2014/2931/1992 2013/2930/1991 2025/2943/2003
f 2015/2945/1993 2003/2932/1981 2014/2931/1992 2026/2944/2004
f 2028/2947/2006 2016/2934/1994 2015/2933/1993 2027/2946/2005
f 2029/2948/2007 2017/2935/1995 2016/2934/1994 2028/2947/2006
f 2030/2949/2008 2018/2936/1996 2017/2935/1995 2029/2948/2007
f 2018/2936/1996 2030/2949/2008 2031/2950/2009 2019/2937/1997
f 2019/2937/1997 2031/2950/2009 2032/2951/2010 2020/2938/1998
f 2020/2938/1998 2032/2951/2010 2033/2952/2011 2021/2939/1999
f 2021/2939/1999 2033/2952/2011 2034/2953/2012 2022/2940/2000
f 2022/2940/2000 2034/2953/2012 2035/2954/2013 2023/2941/2001
f 2023/2941/2001 2035/2954/2013 2036/2955/2014 2024/2942/2002
f 2037/2956/2015 2025/2943/2003 2024/2942/2002 2036/2955/2014
f 2038/2957/2016 2026/2944/2004 2025/2943/2003 2037/2956/2015
f 2027/2958/2005 2015/2945/1993 2026/2944/2004 2038/2957/2016
f 2040/2960/2018 2028/2947/2006 2027/2946/2005 2039/2959/2017
f 2041/2961/2019 2029/2948/2007 2028/2947/2006 2040/2960/2018
f 2042/2962/2020 2030/2949/2008 2029/2948/2007 2041/2961/2019
f 2030/2949/2008 2042/2962/2020 2043/2963/2021 2031/2950/2009
f 2031/2950/2009 2043/2963/2021 2044/2964/2022 2032/2951/2010
f 2032/2951/2010 2044/2964/2022 2045/2965/2023 2033/2952/2011
f 2033/2952/2011 2045/2965/2023 2046/2966/2024 2034/2953/2012
f 2034/2953/2012 2046/2966/2024 2047/2967/2025 2035/2954/2013
f 2035/2954/2013 2047/2967/2025 2048/2968/2026 2036/2955/2014
f 2049/2969/2027 2037/2956/2015 2036/2955/2014 2048/2968/2026
f 2050/2970/2028 2038/2957/2016 2037/2956/2015 2049/2969/2027
f 2039/2971/2017 2027/2958/2005 2038/2957/2016 2050/2970/2028
f 2052/2973/2030 2040/2960/2018 2039/2959/2017 2051/2972/2029
f 2053/2974/2031 2041/2961/2019 2040/2960/2018 2052/2973/2030
f 2054/2975/2032 2042/2962/2020 2041/2961/2019 2053/2974/2031
f 2042/2962/2020 2054/2975/2032 2055/2976/2033 2043/2963/2021
f 2043/2963/2021 2055/2976/2033 2056/2977/2034 2044/2964/2022
f 2044/2964/2022 2056/2977/2034 2057/2978/2035 2045/2965/2023
f 2045/2965/2023 2057/2978/2035 2058/2979/2036 2046/2966/2024
f 2046/2966/2024 2058/2979/2036 2059/2980/2037 2047/2967/2025
f 2047/2967/2025 2059/2980/2037 2060/2981/2038 2048/2968/2026
f 2061/2982/2039 2049/2969/2027 2048/2968/2026 2060/2981/2038
f 2062/2983/2040 2050/2970/2028 2049/2969/2027 2061/2982/2039
f 2051/2984/2029 2039/2971/2017 2050/2970/2028 2062/2983/2040
f 2064/2986/2042 2052/2973/2030 2051/2972/2029 2063/2985/2041
f 2065/2987/2043 2053/2974/2031 2052/2973/2030 2064/2986/2042
f 2066/2988/2044 2054/2975/2032 2053/2974/2031 2065/2987/2043
f 2054/2975/2032 2066/2988/2044 2067/2989/2045 2055/2976/2033
f 2055/2976/2033 2067/2989/2045 2068/2990/2046 2056/2977/2034
f 2056/2977/2034 2068/2990/2046 2069/2991/2047 2057/2978/2035
f 2057/2978/2035 2069/2991/2047 2070/2992/2048 2058/2979/2036
f 2058/2979/2036 2070/2992/2048 2071/2993/2049 2059/2980/2037
f 2059/2980/2037 2071/2993/2049 2072/2994/2050 2060/2981/2038
f 2073/2995/2051 2061/2982/2039 2060/2981/2038 2072/2994/2050
f 2074/2996/2052 2062/2983/2040 2061/2982/2039 2073/2995/2051
f 2063/2997/2041 2051/2984/2029 2062/2983/2040 2074/2996/2052
f 2076/2999/2054 2064/2986/2042 2063/2985/2041 2075/2998/2053
f 2077/3000/2055 2065/2987/2043 2064/2986/2042 2076/2999/2054
f 2078/3001/2056 2066/2988/2044 2065/2987/2043 2077/3000/2055
f 2066/2988/2044 2078/3001/2056 2079/3002/2057 2067/2989/2045
f 2067/2989/2045 2079/3002/2057 2080/3003/2058 2068/2990/2046
f 2068/2990/2046 2080/3003/2058 2081/3004/2059 2069/2991/2047
f 2069/2991/2047 2081/3004/2059 2082/3005/2060 2070/2992/2048
f 2070/2992/2048 2082/3005/2060 2083/3006/2061 2071/2993/2049
f 2071/2993/2049 2083/3006/2061 2084/3007/2062 2072/2994/2050
f 2085/3008/2063 2073/2995/2051 2072/2994/2050 2084/3007/2062
f 2086/3009/2064 2074/2996/2052 2073/2995/2051 2085/3008/2063
f 2075/3010/2053 2063/2997/2041 2074/2996/2052 2086/3009/2064
f 2088/3012/2066 2076/2999/2054 2075/2998/2053 2087/3011/2065
f 2089/3013/2067 2077/3000/2055 2076/2999/2054 2088/3012/2066
f 2090/3014/2068 2078/3001/2056 2077/3000/2055 2089/3013/2067
f 2078/3001/2056 2090/3014/2068 2091/3015/2069 2079/3002/2057
f 2079/3002/2057 2091/3015/2069 2092/3016/2070 2080/3003/2058
f 2080/3003/2058 2092/3016/2070 2093/3017/2071 2081/3004/2059
f 2081/3004/2059 2093/3017/2071 2094/3018/2072 2082/3005/2060
f 2082/3005/2060 2094/3018/2072 2095/3019/2073 2083/3006/2061
f 2083/3006/2061 2095/3019/2073 2096/3020/2074 2084/3007/2062
f 2097/3021/2075 2085/3008/2063 2084/3007/2062 2096/3020/2074
f 2098/3022/1678 2086/3009/2064 2085/3008/2063 2097/3021/2075
f 2087/3023/2065 2075/3010/2053 2086/3009/2064 2098/3022/1678
f 2100/3025/2077 2088/3012/2066 2087/3011/2065 2099/3024/2076
f 2101/3026/2078 2089/3013/2067 2088/3012/2066 2100/3025/2077
f 2102/3027/2079 2090/3014/2068 2089/3013/2067 2101/3026/2078
f 2090/3014/2068 2102/3027/2079 2103/3028/2080 2091/3015/2069
f 2091/3015/2069 2103/3028/2080 2104/3029/2081 2092/3016/2070
f 2092/3016/2070 2104/3029/2081 2105/3030/2082 2093/3017/2071
f 2093/3017/2071 2105/3030/2082 2106/3031/2083 2094/3018/2072
f 2094/3018/2072 2106/3031/2083 2107/3032/2084 2095/3019/2073
f 2095/3019/2073 2107/3032/2084 2108/3033/2085 2096/3020/2074
f 2109/3034/2086 2097/3021/2075 2096/3020/2074 2108/3033/2085
f 2110/3035/2087 2098/3022/1678 2097/3021/2075 2109/3034/2086
f 2099/3036/2076 2087/3023/2065 2098/3022/1678 2110/3035/2087
f 2112/3038/2089 2100/3025/2077 2099/3024/2076 2111/3037/2088
f 2113/3039/2090 2101/3026/2078 2100/3025/2077 2112/3038/2089
f 2114/3040/2091 2102/3027/2079 2101/3026/2078 2113/3039/2090
f 2102/3027/2079 2114/3040/2091 2115/3041/2092 2103/3028/2080
f 2103/3028/2080 2115/3041/2092 2116/3042/2093 2104/3029/2081
f 2104/3029/2081 2116/3042/2093 2117/3043/2094 2105/3030/2082
f 2105/3030/2082 2117/3043/2094 2118/3044/2095 2106/3031/2083
f 2106/3031/2083 2118/3044/2095 2119/3045/2096 2107/3032/2084
f 2107/3032/2084 2119/3045/2096 2120/3046/2097 2108/3033/2085
f 2121/3047/2098 2109/3034/2086 2108/3033/2085 2120/3046/2097
f 2122/3048/2099 2110/3035/2087 2109/3034/2086 2121/3047/2098
f 2111/3049/2088 2099/3036/2076 2110/3035/2087 2122/3048/2099
f 2124/3051/2101 2112/3038/2089 2111/3037/2088 2123/3050/2100
f 2125/3052/2102 2113/3039/2090 2112/3038/2089 2124/3051/2101
f 2126/3053/2103 2114/3040/2091 2113/3039/2090 2125/3052/2102
f 2114/3040/2091 2126/3053/2103 2127/3054/2104 2115/3041/2092
f 2115/3041/2092 2127/3054/2104 2128/3055/2105 2116/3042/2093
f 2116/3042/2093 2128/3055/2105 2129/3056/2106 2117/3043/2094
f 2117/3043/2094 2129/3056/2106 2130/3057/2107 2118/3044/2095
f 2118/3044/2095 2130/3057/2107 2131/3058/2108 2119/3045/2096
f 2119/3045/2096 2131/3058/2108 2132/3059/2109 2120/3046/2097
f 2133/3060/2110 2121/3047/2098 2120/3046/2097 2132/3059/2109
f 2134/3061/2111 2122/3048/2099 2121/3047/2098 2133/3060/2110
f 2123/3062/2100 2111/3049/2088 2122/3048/2099 2134/3061/2111
f 2136/3064/2113 2124/3051/2101 2123/3050/2100 2135/3063/2112
f 2137/3065/2114 2125/3052/2102 2124/3051/2101 2136/3064/2113
f 2138/3066/2115 2126/3053/2103 2125/3052/2102 2137/3065/2114
f 2126/3053/2103 2138/3066/2115 2139/3067/2116 2127/3054/2104
f 2127/3054/2104 2139/3067/2116 2140/3068/2117 2128/3055/2105
f 2128/3055/2105 2140/3068/2117 2141/3069/2118 2129/3056/2106
f 2129/3056/2106 2141/3069/2118 2142/3070/2119 2130/3057/2107
f 2130/3057/2107 2142/3070/2119 2143/3071/2120 2131/3058/2108
f 2131/3058/2108 2143/3071/2120 2144/3072/2121 2132/3059/2109
f 2145/3073/2122 2133/3060/2110 2132/3059/2109 2144/3072/2121
f 2146/3074/2123 2134/3061/2111 2133/3060/2110 2145/3073/2122
f 2135/3075/2112 2123/3062/2100 2134/3061/2111 2146/3074/2123
f 2148/3077/2125 2136/3064/2113 2135/3063/2112 2147/3076/2124
f 2149/3078/2126 2137/3065/2114 2136/3064/2113 2148/3077/2125
f 2150/3079/2127 2138/3066/2115 2137/3065/2114 2149/3078/2126
f 2138/3066/2115 2150/3079/2127 2151/3080/2128 2139/3067/2116
f 2139/3067/2116 2151/3080/2128 2152/3081/2129 2140/3068/2117
f 2140/3068/2117 2152/3081/2129 2153/3082/2130 2141/3069/2118
f 2141/3069/2118 2153/3082/2130 2154/3083/2131 2142/3070/2119
f 2142/3070/2119 2154/3083/2131 2155/3084/2132 2143/3071/2120
f 2143/3071/2120 2155/3084/2132 2156/3085/2133 2144/3072/2121
f 2157/3086/2134 2145/3073/2122 2144/3072/2121 2156/3085/2133
f 2158/3087/2135 2146/3074/2123 2145/3073/2122 2157/3086/2134
f 2147/3088/2124 2135/3075/2112 2146/3074/2123 2158/3087/2135
f 2160/3090/2137 2148/3077/2125 2147/3076/2124 2159/3089/2136
f 2161/3091/2138 2149/3078/2126 2148/3077/2125 2160/3090/2137
f 2162/3092/2139 2150/3079/2127 2149/3078/2126 2161/3091/2138
f 2150/3079/2127 2162/3092/2139 2163/3093/2140 2151/3080/2128
f 2151/3080/2128 2163/3093/2140 2164/3094/2141 2152/3081/2129
f 2152/3081/2129 2164/3094/2141 2165/3095/2142 2153/3082/2130
f 2153/3082/2130 2165/3095/2142 2166/3096/2143 2154/3083/2131
f 2154/3083/2131 2166/3096/2143 2167/3097/2144 2155/3084/2132
f 2155/3084/2132 2167/3097/2144 2168/3098/2145 2156/3085/2133
f 2169/3099/2146 2157/3086/2134 2156/3085/2133 2168/3098/2145
f 2170/3100/2147 2158/3087/2135 2157/3086/2134 2169/3099/2146
f 2159/3101/2136 2147/3088/2124 2158/3087/2135 2170/3100/2147
f 2172/3103/2149 2160/3090/2137 2159/3089/2136 2171/3102/2148
f 2173/3104/2150 2161/3091/2138 2160/3090/2137 2172/3103/2149
f 2174/3105/2151 2162/3092/2139 2161/3091/2138 2173/3104/2150
f 2162/3092/2139 2174/3105/2151 2175/3106/2152 2163/3093/2140
f 2163/3093/2140 2175/3106/2152 2176/3107/2153 2164/3094/2141
f 2164/3094/2141 2176/3107/2153 2177/3108/2154 2165/3095/2142
f 2165/3095/2142 2177/3108/2154 2178/3109/2155 2166/3096/2143
f 2166/3096/2143 2178/3109/2155 2179/3110/2156 2167/3097/2144
f 2167/3097/2144 2179/3110/2156 2180/3111/2157 2168/3098/2145
f 2181/3112/2158 2169/3099/2146 2168/3098/2145 2180/3111/2157
f 2182/3113/2159 2170/3100/2147 2169/3099/2146 2181/3112/2158
f 2171/3114/2148 2159/3101/2136 2170/3100/2147 2182/3113/2159
f 2184/3116/2161 2172/3103/2149 2171/3102/2148 2183/3115/2160
f 2185/3117/2162 2173/3104/2150 2172/3103/2149 2184/3116/2161
f 2186/3118/2163 2174/3105/2151 2173/3104/2150 2185/3117/2162
f 2174/3105/2151 2186/3118/2163 2187/3119/2164 2175/3106/2152
f 2175/3106/2152 2187/3119/2164 2188/3120/2165 2176/3107/2153
f 2176/3107/2153 2188/3120/2165 2189/3121/2166 2177/3108/2154
f 2177/3108/2154 2189/3121/2166 2190/3122/2167 2178/3109/2155
f 2178/3109/2155 2190/3122/2167 2191/3123/2168 2179/3110/2156
f 2179/3110/2156 2191/3123/2168 2192/3124/2169 2180/3111/2157
f 2193/3125/2170 2181/3112/2158 2180/3111/2157 2192/3124/2169
f 2194/3126/2171 2182/3113/2159 2181/3112/2158 2193/3125/2170
f 2183/3127/2160 2171/3114/2148 2182/3113/2159 2194/3126/2171
f 2196/3129/2173 2184/3116/2161 2183/3115/2160 2195/3128/2172
f 2197/3130/2174 2185/3117/2162 2184/3116/2161 2196/3129/2173
f 2198/3131/2175 2186/3118/2163 2185/3117/2162 2197/3130/2174
f 2186/3118/2163 2198/3131/2175 2199/3132/2176 2187/3119/2164
f 2187/3119/2164 2199/3132/2176 2200/3133/2177 2188/3120/2165
f 2188/3120/2165 2200/3133/2177 2201/3134/2178 2189/3121/2166
f 2189/3121/2166 2201/3134/2178 2202/3135/2179 2190/3122/2167
f 2190/3122/2167 2202/3135/2179 2203/3136/2180 2191/3123/2168
f 2191/3123/2168 2203/3136/2180 2204/3137/2181 2192/3124/2169
f 2205/3138/2182 2193/3125/2170 2192/3124/2169 2204/3137/2181
f 2206/3139/2183 2194/3126/2171 2193/3125/2170 2205/3138/2182
f 2195/3140/2172 2183/3127/2160 2194/3126/2171 2206/3139/2183
f 2208/3142/2185 2196/3129/2173 2195/3128/2172 2207/3141/2184
f 2209/3143/2186 2197/3130/2174 2196/3129/2173 2208/3142/2185
f 2210/3144/2187 2198/3131/2175 2197/3130/2174 2209/3143/2186
f 2198/3131/2175 2210/3144/2187 2211/3145/2188 2199/3132/2176
f 2199/3132/2176 2211/3145/2188 2212/3146/2189 2200/3133/2177
f 2200/3133/2177 2212/3146/2189 2213/3147/2190 2201/3134/2178
f 2201/3134/2178 2213/3147/2190 2214/3148/2191 2202/3135/2179
f 2202/3135/2179 2214/3148/2191 2215/3149/2192 2203/3136/2180
f 2203/3136/2180 2215/3149/2192 2216/3150/2193 2204/3137/2181
f 2217/3151/2194 2205/3138/2182 2204/3137/2181 2216/3150/2193
f 2218/3152/2195 2206/3139/2183 2205/3138/2182 2217/3151/2194
f 2207/3153/2184 2195/3140/2172 2206/3139/2183 2218/3152/2195
f 2219/3154/2196 2220/3155/2197 2221/3156/2198
f 2220/3155/2197 2222/3157/2199 2221/3156/2198
f 2222/3157/2199 2223/3158/2200 2221/3156/2198
f 2223/3158/2200 2224/3159/2201 2221/3156/2198
f 2224/3159/2201 2225/3160/2202 2221/3156/2198
f 2225/3160/2202 2226/3161/2203 2221/3156/2198
f 2226/3161/2203 2227/3162/2204 2221/3156/2198
f 2227/3162/2204 2228/3163/2205 2221/3156/2198
f 2228/3163/2205 2229/3164/2206 2221/3156/2198
f 2229/3164/2206 2230/3165/2207 2221/3156/2198
f 2230/3165/2207 2231/3166/2208 2221/3156/2198
f 2231/3166/2208 2219/3154/2196 2221/3156/2198
f 2232/3167/2209 2233/3168/2210 2234/3169/2211
f 2233/3168/2210 2235/3170/2212 2234/3169/2211
f 2235/3170/2212 2236/3171/2213 2234/3169/2211
f 2236/3171/2213 2237/3172/2214 2234/3169/2211
f 2237/3172/2214 2238/3173/2215 2234/3169/2211
f 2238/3173/2215 2239/3174/2216 2234/3169/2211
f 2239/3174/2216 2240/3175/2217 2234/3169/2211
f 2240/3175/2217 2241/3176/2218 2234/3169/2211
f 2241/3176/2218 2242/3177/2219 2234/3169/2211
f 2242/3177/2219 2243/3178/2220 2234/3169/2211
f 2243/3178/2220 2244/3179/2221 2234/3169/2211
f 2244/3179/2221 2232/3167/2209 2234/3169/2211
f 2248/3183/2225 2245/3180/2222 2246/3181/2223 2247/3182/2224
f 2247/3187/2224 2246/3184/2223 2249/3185/2226 2250/3186/2227
f 2250/3186/2227 2249/3185/2226 2251/3188/2228 2252/3189/2229
f 2252/3189/2229 2251/3188/2228 2253/3190/2230 2254/3191/2231
f 2255/3192/2232 2256/3193/2233 2254/3191/2231 2253/3190/2230
f 2257/3194/2234 2258/3195/2235 2256/3193/2233 2255/3192/2232
f 2259/3196/2236 2260/3197/2237 2258/3195/2235 2257/3194/2234
f 2261/3198/2238 2262/3199/2239 2260/3197/2237 2259/3196/2236
f 2263/3200/2240 2264/3201/2241 2262/3199/2239 2261/3198/2238
f 2265/3202/2242 2266/3203/2243 2264/3201/2241 2263/3200/2240
f 2266/3203/2243 2265/3202/2242 2267/3204/2244 2268/3205/2245
f 2268/3205/2245 2267/3204/2244 2245/3180/2222 2248/3183/2225
f 2270/3207/2247 2271/3208/2248 2272/3209/2249 2269/3206/2246
f 2273/3210/2250 2274/3211/2251 2271/3208/2248 2270/3207/2247
f 2275/3212/2252 2276/3213/2253 2274/3211/2251 2273/3210/2250
f 2276/3213/2253 2275/3212/2252 2277/3214/2254 2278/3215/2255
f 2278/3215/2255 2277/3214/2254 2279/3216/2256 2280/3217/2257
f 2280/3217/2257 2279/3216/2256 2281/3218/2258 2282/3219/2259
f 2282/3219/2259 2281/3218/2258 2283/3220/2260 2284/3221/2261
f 2284/3221/2261 2283/3220/2260 2285/3222/2262 2286/3223/2263
f 2286/3223/2263 2285/3222/2262 2287/3224/2264 2288/3225/2265
f 2289/3226/2266 2290/3227/2267 2288/3225/2265 2287/3224/2264
f 2291/3228/2268 2292/3229/2269 2290/3227/2267 2289/3226/2266
f 2269/3230/2246 2272/3231/2249 2292/3229/2269 2291/3228/2268
f 2245/3235/2273 2208/3232/2270 2207/3233/2271 2246/3234/2272
f 2246/3234/2272 2207/3233/2271 2218/3236/2274 2249/3237/2275
f 2249/3237/2275 2218/3236/2274 2217/3238/2276 2251/3239/2277
f 2217/3238/2276 2216/3240/2278 2253/3241/2279 2251/3239/2277
f 2216/3240/2278 2215/3242/2280 2255/3243/2281 2253/3241/2279
f 2214/3244/2282 2257/3245/2283 2255/3243/2281 2215/3242/2280
f 2213/3246/2284 2259/3247/2285 2257/3245/2283 2214/3244/2282
f 2212/3248/2286 2261/3249/2287 2259/3247/2285 2213/3246/2284
f 2211/3250/2288 2263/3251/2289 2261/3249/2287 2212/3248/2286
f 2265/3253/2291 2263/3251/2289 2211/3250/2288 2210/3252/2290
f 2267/3255/2293 2265/3253/2291 2210/3252/2290 2209/3254/2292
f 2267/3255/2293 2209/3254/2292 2208/3232/2270 2245/3235/2273
f 2232/3167/2209 2248/3256/2294 2247/3257/2295 2233/3168/2210
f 2244/3179/2221 2268/3258/2296 2248/3256/2294 2232/3167/2209
f 2266/3259/2297 2268/3258/2296 2244/3179/2221 2243/3178/2220
f 2264/3260/2298 2266/3259/2297 2243/3178/2220 2242/3177/2219
f 2264/3260/2298 2242/3177/2219 2241/3176/2218 2262/3261/2299
f 2262/3261/2299 2241/3176/2218 2240/3175/2217 2260/3262/2300
f 2260/3262/2300 2240/3175/2217 2239/3174/2216 2258/3263/2301
f 2258/3263/2301 2239/3174/2216 2238/3173/2215 2256/3264/2302
f 2238/3173/2215 2237/3172/2214 2254/3265/2303 2256/3264/2302
f 2237/3172/2214 2236/3171/2213 2252/3266/2304 2254/3265/2303
f 2235/3170/2212 2250/3267/2305 2252/3266/2304 2236/3171/2213
f 2233/3168/2210 2247/3257/2295 2250/3267/2305 2235/3170/2212
f 1958/3269/2307 2270/3270/2308 2269/3271/2309 1955/3268/2306
f 1960/3272/2310 2273/3273/2311 2270/3270/2308 1958/3269/2307
f 2275/3275/2313 2273/3273/2311 1960/3272/2310 1962/3274/2312
f 2277/3277/2315 2275/3275/2313 1962/3274/2312 1964/3276/2314
f 2277/3277/2315 1964/3276/2314 1966/3278/2316 2279/3279/2317
f 2279/3279/2317 1966/3278/2316 1968/3280/2318 2281/3281/2319
f 2281/3281/2319 1968/3280/2318 1970/3282/2320 2283/3283/2321
f 2283/3283/2321 1970/3282/2320 1972/3284/2322 2285/3285/2323
f 1972/3284/2322 1974/3286/2324 2287/3287/2325 2285/3285/2323
f 1974/3286/2324 1976/3288/2326 2289/3289/2327 2287/3287/2325
f 1978/3290/2328 2291/3291/2329 2289/3289/2327 1976/3288/2326
f 1955/3268/2306 2269/3271/2309 2291/3291/2329 1978/3290/2328
f 2271/3293/2331 2220/3155/2197 2219/3154/2196 2272/3292/2330
f 2272/3292/2330 2219/3154/2196 2231/3166/2208 2292/3294/2332
f 2292/3294/2332 2231/3166/2208 2230/3165/2207 2290/3295/2333
f 2230/3165/2207 2229/3164/2206 2288/3296/2334 2290/3295/2333
f 2229/3164/2206 2228/3163/2205 2286/3297/2335 2288/3296/2334
f 2227/3162/2204 2284/3298/2336 2286/3297/2335 2228/3163/2205
f 2226/3161/2203 2282/3299/2337 2284/3298/2336 2227/3162/2204
f 2225/3160/2202 2280/3300/2338 2282/3299/2337 2226/3161/2203
f 2224/3159/2201 2278/3301/2339 2280/3300/2338 2225/3160/2202
f 2276/3302/2340 2278/3301/2339 2224/3159/2201 2223/3158/2200
f 2274/3303/2341 2276/3302/2340 2223/3158/2200 2222/3157/2199
f 2274/3303/2341 2222/3157/2199 2220/3155/2197 2271/3293/2331
