# Blender v2.80 (sub 44) OBJ File: 'assets.blend'
# www.blender.org
mtllib foliage.mtl
o Vert.007_Vert.012
v 21.059528 -0.044868 1.882167
v 21.036938 -0.050754 1.885977
v 21.036144 -0.061380 1.864859
v 21.058735 -0.055494 1.861048
v 20.916368 0.364232 1.679603
v 20.898165 0.359489 1.682673
v 20.896742 0.351646 1.664843
v 20.915783 0.356607 1.661631
v 20.638840 1.285981 1.459170
v 20.620977 1.281327 1.462183
v 20.617004 1.281036 1.443017
v 20.636358 1.286079 1.439752
v 20.578163 1.541962 1.497289
v 20.561050 1.537503 1.500175
v 20.555590 1.542154 1.482243
v 20.574936 1.547195 1.478980
v 20.537180 1.783098 1.620112
v 20.518005 1.778102 1.623346
v 20.512913 1.786226 1.605715
v 20.532093 1.791223 1.602480
v 20.720280 0.987716 1.481175
v 20.702391 0.983055 1.484192
v 20.699509 0.978857 1.465293
v 20.718834 0.983893 1.462033
v 20.821804 0.662005 1.577959
v 20.803301 0.657183 1.581080
v 20.801945 0.650107 1.562942
v 20.820705 0.654995 1.559777
v 20.879400 1.792500 1.524847
v 20.795359 1.820355 1.364250
v 20.643177 1.817124 1.261976
v 20.463629 1.783673 1.245428
v 20.304825 1.728966 1.319042
v 20.209318 1.667661 1.463091
v 20.202700 1.616185 1.638979
v 20.286739 1.588331 1.799576
v 20.438923 1.591562 1.901851
v 20.618469 1.625013 1.918398
v 20.777273 1.679719 1.844785
v 20.872780 1.741024 1.700735
v 20.766502 1.836841 1.564486
v 20.707115 1.856525 1.451000
v 20.599575 1.854241 1.378728
v 20.472698 1.830604 1.367035
v 20.360481 1.791945 1.419054
v 20.292990 1.748624 1.520846
v 20.288313 1.712249 1.645138
v 20.347700 1.692565 1.758623
v 20.455240 1.694849 1.830896
v 20.582117 1.718486 1.842589
v 20.694334 1.757145 1.790570
v 20.761826 1.800466 1.688777
v 20.669394 1.826420 1.584373
v 20.633381 1.838355 1.515558
v 20.568172 1.836971 1.471733
v 20.491236 1.822638 1.464643
v 20.423189 1.799196 1.496186
v 20.382265 1.772927 1.557911
v 20.379429 1.750870 1.633278
v 20.415440 1.738934 1.702093
v 20.480650 1.740318 1.745918
v 20.557585 1.754652 1.753008
v 20.625631 1.778094 1.721465
v 20.666555 1.804362 1.659740
v 20.599627 1.794434 1.592885
v 20.581635 1.800397 1.558503
v 20.549055 1.799706 1.536608
v 20.510616 1.792544 1.533066
v 20.476620 1.780833 1.548825
v 20.456175 1.767708 1.579664
v 20.454758 1.756688 1.617318
v 20.472748 1.750725 1.651699
v 20.505327 1.751417 1.673594
v 20.543766 1.758578 1.677137
v 20.577763 1.770290 1.661377
v 20.598209 1.783414 1.630539
v 20.573084 1.817059 1.604326
v 20.560207 1.821326 1.579720
v 20.536890 1.820831 1.564049
v 20.509380 1.815706 1.561514
v 20.485050 1.807324 1.572793
v 20.470415 1.797931 1.594864
v 20.469402 1.790044 1.621813
v 20.482279 1.785777 1.646419
v 20.505594 1.786272 1.662089
v 20.533104 1.791397 1.664624
v 20.557436 1.799779 1.653345
v 20.572069 1.809172 1.631275
v 21.034674 -0.049131 1.866811
v 21.055622 -0.047182 1.861761
v 21.060995 -0.057119 1.880215
v 21.040047 -0.059067 1.885265
v 21.050432 0.337007 2.072131
v 21.067312 0.338577 2.068062
v 21.072161 0.331389 2.083682
v 21.054502 0.329747 2.087938
v 21.030190 1.204769 2.322208
v 21.046755 1.206309 2.318215
v 21.051641 1.206338 2.335441
v 21.033695 1.204669 2.339768
v 21.003307 1.445584 2.302054
v 21.019176 1.447060 2.298228
v 21.023781 1.451856 2.314595
v 21.005840 1.450188 2.318920
v 20.957806 1.671728 2.204764
v 20.975586 1.673382 2.200477
v 20.978815 1.681075 2.216829
v 20.961029 1.679421 2.221117
v 21.047489 0.924127 2.285767
v 21.064079 0.925670 2.281768
v 21.069172 0.922013 2.298538
v 21.051250 0.920347 2.302858
v 21.050306 0.617358 2.180376
v 21.067467 0.618953 2.176240
v 21.072050 0.612390 2.192197
v 21.054653 0.610773 2.196390
v 20.662622 1.592468 2.302844
v 20.738253 1.634166 2.446647
v 20.877686 1.672509 2.531651
v 21.043562 1.697223 2.535080
v 21.191437 1.701686 2.456016
v 21.281683 1.684702 2.315643
v 21.290123 1.650821 2.151574
v 21.214495 1.609123 2.007772
v 21.075062 1.570779 1.922768
v 20.909184 1.546065 1.919338
v 20.761311 1.541603 1.998402
v 20.671062 1.558587 2.138775
v 20.748167 1.645959 2.271044
v 20.801609 1.675426 2.372662
v 20.900141 1.702521 2.432730
v 21.017357 1.719985 2.435153
v 21.121851 1.723138 2.379282
v 21.185625 1.711136 2.280088
v 21.191589 1.687195 2.164149
v 21.138145 1.657729 2.062531
v 21.039616 1.630633 2.002463
v 20.922398 1.613169 2.000040
v 20.817904 1.610016 2.055910
v 20.754131 1.622018 2.155105
v 20.833521 1.667327 2.247171
v 20.865929 1.685195 2.308789
v 20.925674 1.701625 2.345213
v 20.996752 1.712214 2.346683
v 21.060116 1.714127 2.312804
v 21.098787 1.706849 2.252655
v 21.102404 1.692331 2.182352
v 21.069996 1.674464 2.120733
v 21.010250 1.658033 2.084309
v 20.939171 1.647444 2.082839
v 20.875809 1.645532 2.116718
v 20.837137 1.652809 2.176867
v 20.902571 1.661286 2.233584
v 20.918762 1.670213 2.264370
v 20.948612 1.678421 2.282568
v 20.984123 1.683712 2.283302
v 21.015781 1.684668 2.266376
v 21.035101 1.681032 2.236324
v 21.036907 1.673778 2.201200
v 21.020718 1.664851 2.170414
v 20.990868 1.656643 2.152216
v 20.955357 1.651352 2.151482
v 20.923698 1.650397 2.168409
v 20.904379 1.654033 2.198460
v 20.917864 1.689370 2.223352
v 20.929453 1.695758 2.245385
v 20.950815 1.701633 2.258409
v 20.976231 1.705420 2.258934
v 20.998888 1.706104 2.246821
v 21.012714 1.703501 2.225313
v 21.014008 1.698310 2.200175
v 21.002420 1.691921 2.178142
v 20.981056 1.686047 2.165118
v 20.955643 1.682260 2.164593
v 20.932985 1.681576 2.176707
v 20.919157 1.684178 2.198214
v 21.043268 -0.047021 1.888401
v 21.034124 -0.046500 1.866591
v 21.052402 -0.059228 1.858625
v 21.061544 -0.059749 1.880435
v 21.284718 0.355142 1.794294
v 21.277351 0.355561 1.776720
v 21.292841 0.346088 1.769525
v 21.300547 0.345649 1.787908
v 21.610052 1.280499 1.679812
v 21.602823 1.280911 1.662568
v 21.620470 1.279149 1.654281
v 21.628304 1.278703 1.672966
v 21.607843 1.546223 1.686658
v 21.600918 1.546618 1.670137
v 21.617981 1.550129 1.661799
v 21.625811 1.549683 1.680477
v 21.525135 1.803726 1.728649
v 21.517374 1.804168 1.710137
v 21.534847 1.810958 1.702971
v 21.542610 1.810516 1.721488
v 21.550694 0.976782 1.697460
v 21.543453 0.977195 1.680189
v 21.560350 0.971445 1.672153
v 21.568171 0.971000 1.690810
v 21.418196 0.651373 1.745583
v 21.410707 0.651800 1.727718
v 21.426645 0.643004 1.720682
v 21.434238 0.642572 1.738793
v 21.679802 1.738024 2.036721
v 21.823271 1.765061 1.925745
v 21.891607 1.786943 1.756980
v 21.866499 1.797807 1.575647
v 21.754673 1.794742 1.430334
v 21.586096 1.778570 1.359977
v 21.405935 1.753622 1.383428
v 21.262466 1.726586 1.494404
v 21.194130 1.704703 1.663168
v 21.219238 1.693839 1.844501
v 21.331062 1.696903 1.989815
v 21.499640 1.713076 2.060172
v 21.633192 1.790484 1.944797
v 21.734573 1.809590 1.866375
v 21.782864 1.825053 1.747118
v 21.765121 1.832730 1.618979
v 21.686100 1.830564 1.516294
v 21.566975 1.819136 1.466576
v 21.439665 1.801507 1.483148
v 21.338282 1.782401 1.561568
v 21.289993 1.766938 1.680826
v 21.307735 1.759261 1.808965
v 21.386755 1.761426 1.911650
v 21.505880 1.772855 1.961368
v 21.593204 1.807451 1.855089
v 21.654680 1.819036 1.807536
v 21.683962 1.828412 1.735221
v 21.673203 1.833068 1.657520
v 21.625286 1.831754 1.595254
v 21.553051 1.824825 1.565106
v 21.475853 1.814135 1.575155
v 21.414377 1.802549 1.622707
v 21.385096 1.793173 1.695022
v 21.395855 1.788518 1.772723
v 21.443771 1.789831 1.834989
v 21.516006 1.796761 1.865137
v 21.565605 1.795392 1.783984
v 21.596321 1.801180 1.760226
v 21.610950 1.805865 1.724097
v 21.605576 1.808191 1.685277
v 21.581635 1.807535 1.654167
v 21.545546 1.804072 1.639105
v 21.506977 1.798731 1.644126
v 21.476261 1.792943 1.667884
v 21.461632 1.788259 1.704013
v 21.467009 1.785933 1.742833
v 21.490948 1.786589 1.773942
v 21.527037 1.790051 1.789005
v 21.553501 1.825242 1.766385
v 21.575483 1.829385 1.749381
v 21.585953 1.832737 1.723524
v 21.582106 1.834402 1.695741
v 21.564972 1.833932 1.673476
v 21.539145 1.831454 1.662696
v 21.511539 1.827632 1.666289
v 21.489559 1.823490 1.683293
v 21.479088 1.820137 1.709150
v 21.482935 1.818472 1.736933
v 21.500069 1.818942 1.759198
v 21.525898 1.821420 1.769978
vt 0.000000 0.000000
vt 0.000000 0.000000
vt 0.000000 0.000000
vt 0.000000 0.000000
vt 0.000000 0.000000
vt 0.000000 0.000000
vt 0.000000 0.000000
vt 0.000000 0.000000
vt 0.000000 0.000000
vt 0.000000 0.000000
vt 0.000000 0.000000
vt 0.000000 0.000000
vt 0.000000 0.000000
vt 0.000000 0.000000
vt 0.000000 0.000000
vt 0.000000 0.000000
vt 0.000000 0.000000
vt 0.000000 0.000000
vt 0.000000 0.000000
vt 0.000000 0.000000
vt 0.000000 0.000000
vt 0.000000 0.000000
vt 0.000000 0.000000
vt 0.000000 0.000000
vt 0.000000 0.000000
vt 0.000000 0.000000
vt 0.000000 0.000000
vt 0.000000 0.000000
vt 0.000000 0.000000
vt 0.000000 0.000000
vt 0.000000 0.000000
vt 0.000000 0.000000
vt 0.000000 0.000000
vt 0.000000 0.000000
vt 0.000000 0.000000
vt 0.000000 0.000000
vt 0.000000 0.000000
vt 0.000000 0.000000
vt 0.000000 0.000000
vt 0.000000 0.000000
vt 0.000000 0.000000
vt 0.000000 0.000000
vt 0.000000 0.000000
vt 0.000000 0.000000
vt 0.000000 0.000000
vt 0.000000 0.000000
vt 0.000000 0.000000
vt 0.000000 0.000000
vt 0.000000 0.000000
vt 0.000000 0.000000
vt 0.000000 0.000000
vt 0.000000 0.000000
vt 0.000000 0.000000
vt 0.000000 0.000000
vt 0.000000 0.000000
vt 0.000000 0.000000
vt 0.000000 0.000000
vt 0.000000 0.000000
vt 0.000000 0.000000
vt 0.000000 0.000000
vt 0.000000 0.000000
vt 0.000000 0.000000
vt 0.000000 0.000000
vt 0.000000 0.000000
vt 0.000000 0.000000
vt 0.000000 0.000000
vt 0.000000 0.000000
vt 0.000000 0.000000
vt 0.000000 0.000000
vt 0.000000 0.000000
vt 0.000000 0.000000
vt 0.000000 0.000000
vt 0.000000 0.000000
vt 0.000000 0.000000
vt 0.000000 0.000000
vt 0.000000 0.000000
vt 0.000000 0.000000
vt 0.000000 0.000000
vt 0.000000 0.000000
vt 0.000000 0.000000
vt 0.000000 0.000000
vt 0.000000 0.000000
vt 0.000000 0.000000
vt 0.000000 0.000000
vt 0.986592 0.877449
vt 0.946096 0.866450
vt 0.945999 0.809085
vt 0.982973 0.800425
vt 0.878440 0.690241
vt 0.867431 0.730773
vt 0.810034 0.730872
vt 0.799308 0.690289
vt 0.730918 0.945990
vt 0.760722 0.916390
vt 0.810505 0.945025
vt 0.799496 0.985556
vt 0.689792 0.798348
vt 0.731840 0.809347
vt 0.731937 0.866713
vt 0.691344 0.877441
vt 0.947088 0.945929
vt 0.917518 0.916158
vt 0.947018 0.729808
vt 0.917214 0.759408
vt 0.730848 0.729868
vt 0.760418 0.759639
vt 0.878628 0.985508
vt 0.867903 0.944925
vt 0.785842 0.785093
vt 0.766597 0.818655
vt 0.858614 0.910146
vt 0.892094 0.890704
vt 0.911227 0.818426
vt 0.891749 0.784891
vt 0.819322 0.765652
vt 0.819842 0.910232
vt 0.766709 0.857372
vt 0.786187 0.890906
vt 0.911339 0.857142
vt 0.858094 0.765566
vt 0.868470 0.808795
vt 0.849803 0.797927
vt 0.809557 0.808423
vt 0.798800 0.826923
vt 0.849717 0.878008
vt 0.868379 0.867374
vt 0.879187 0.827458
vt 0.828220 0.797789
vt 0.828134 0.877870
vt 0.798749 0.848339
vt 0.809466 0.867003
vt 0.879136 0.848875
vt 0.855422 0.821352
vt 0.844650 0.815363
vt 0.821789 0.821563
vt 0.815941 0.832077
vt 0.845619 0.860384
vt 0.856147 0.854235
vt 0.861750 0.831732
vt 0.832317 0.815414
vt 0.833286 0.860435
vt 0.816186 0.844066
vt 0.822514 0.854445
vt 0.861995 0.843720
vt 0.986592 0.877449
vt 0.946096 0.866450
vt 0.945999 0.809085
vt 0.982973 0.800425
vt 0.878440 0.690241
vt 0.867431 0.730773
vt 0.810034 0.730872
vt 0.799308 0.690289
vt 0.730918 0.945990
vt 0.760722 0.916390
vt 0.810505 0.945025
vt 0.799496 0.985556
vt 0.689792 0.798348
vt 0.731840 0.809347
vt 0.731937 0.866713
vt 0.691344 0.877441
vt 0.947088 0.945929
vt 0.917518 0.916158
vt 0.947018 0.729808
vt 0.917214 0.759408
vt 0.730848 0.729868
vt 0.760418 0.759639
vt 0.878628 0.985508
vt 0.867903 0.944925
vt 0.785842 0.785093
vt 0.766597 0.818655
vt 0.858614 0.910146
vt 0.892094 0.890704
vt 0.911227 0.818426
vt 0.891749 0.784891
vt 0.819322 0.765652
vt 0.819842 0.910232
vt 0.766709 0.857372
vt 0.786187 0.890906
vt 0.911339 0.857142
vt 0.858094 0.765566
vt 0.868470 0.808795
vt 0.849803 0.797927
vt 0.809557 0.808423
vt 0.798800 0.826923
vt 0.849717 0.878008
vt 0.868379 0.867374
vt 0.879187 0.827458
vt 0.828220 0.797789
vt 0.828134 0.877870
vt 0.798749 0.848339
vt 0.809466 0.867003
vt 0.879136 0.848875
vt 0.855422 0.821352
vt 0.844650 0.815363
vt 0.821789 0.821563
vt 0.815941 0.832077
vt 0.845619 0.860384
vt 0.856147 0.854235
vt 0.861750 0.831732
vt 0.832317 0.815414
vt 0.833286 0.860435
vt 0.816186 0.844066
vt 0.822514 0.854445
vt 0.861995 0.843720
vt 0.986592 0.877449
vt 0.946096 0.866450
vt 0.945999 0.809085
vt 0.982973 0.800425
vt 0.878440 0.690241
vt 0.867431 0.730773
vt 0.810034 0.730872
vt 0.799308 0.690289
vt 0.730918 0.945990
vt 0.760722 0.916390
vt 0.810505 0.945025
vt 0.799496 0.985556
vt 0.689792 0.798348
vt 0.731840 0.809347
vt 0.731937 0.866713
vt 0.691344 0.877441
vt 0.947088 0.945929
vt 0.917518 0.916158
vt 0.947018 0.729808
vt 0.917214 0.759408
vt 0.730848 0.729868
vt 0.760418 0.759639
vt 0.878628 0.985508
vt 0.867903 0.944925
vt 0.785842 0.785093
vt 0.766597 0.818655
vt 0.858614 0.910146
vt 0.892094 0.890704
vt 0.911227 0.818426
vt 0.891749 0.784891
vt 0.819322 0.765652
vt 0.819842 0.910232
vt 0.766709 0.857372
vt 0.786187 0.890906
vt 0.911339 0.857142
vt 0.858094 0.765566
vt 0.868470 0.808795
vt 0.849803 0.797927
vt 0.809557 0.808423
vt 0.798800 0.826923
vt 0.849717 0.878008
vt 0.868379 0.867374
vt 0.879187 0.827458
vt 0.828220 0.797789
vt 0.828134 0.877870
vt 0.798749 0.848339
vt 0.809466 0.867003
vt 0.879136 0.848875
vt 0.855422 0.821352
vt 0.844650 0.815363
vt 0.821789 0.821563
vt 0.815941 0.832077
vt 0.845619 0.860384
vt 0.856147 0.854235
vt 0.861750 0.831732
vt 0.832317 0.815414
vt 0.833286 0.860435
vt 0.816186 0.844066
vt 0.822514 0.854445
vt 0.861995 0.843720
vn 0.6531 -0.1338 -0.7454
vn 0.6290 -0.1073 -0.7699
vn 0.7192 0.4572 0.5231
vn 0.6941 0.4992 0.5186
vn -0.6499 0.1491 0.7452
vn -0.6492 0.1007 0.7539
vn -0.7044 -0.4547 -0.5450
vn -0.7041 -0.4873 -0.5165
vn 0.7261 0.4054 0.5553
vn -0.6203 0.0546 0.7824
vn -0.7298 -0.4052 -0.5506
vn 0.6247 -0.0522 -0.7791
vn -0.6114 -0.0342 0.7906
vn 0.7635 0.3240 0.5586
vn 0.5853 0.0218 -0.8105
vn -0.7422 -0.3241 -0.5866
vn 0.7990 0.1815 0.5732
vn -0.5685 -0.1748 0.8039
vn -0.7852 -0.1769 -0.5933
vn 0.5488 0.1706 -0.8183
vn 0.8510 0.0076 0.5250
vn -0.5436 -0.3557 0.7602
vn -0.8190 0.0153 -0.5736
vn 0.4913 0.3567 -0.7946
vn 0.8479 -0.1174 0.5169
vn 0.5082 0.4569 -0.7300
vn -0.8607 0.1003 -0.4992
vn -0.4841 -0.4644 0.7416
vn -0.5130 -0.3814 0.7690
vn -0.4971 -0.3498 0.7941
vn -0.8678 0.2204 -0.4453
vn -0.8575 0.2680 -0.4391
vn 0.5050 0.3947 -0.7675
vn 0.5195 0.3494 -0.7797
vn 0.8547 -0.2241 0.4682
vn 0.8628 -0.2534 0.4373
vn -0.8599 0.1710 -0.4810
vn 0.5051 0.2980 -0.8100
vn 0.8629 -0.1693 0.4761
vn -0.5102 -0.2970 0.8071
vn 0.5250 0.2118 -0.8243
vn -0.8688 0.0821 -0.4883
vn -0.4948 -0.2159 0.8417
vn 0.8509 -0.0907 0.5173
vn -0.8569 -0.0631 -0.5116
vn 0.5295 0.0657 -0.8457
vn 0.8440 0.0618 0.5327
vn -0.5084 -0.0639 0.8587
vn -0.8454 -0.2467 -0.4738
vn 0.5685 -0.1152 -0.8146
vn 0.8115 0.2552 0.5257
vn -0.5168 0.1317 0.8459
vn -0.8010 -0.3639 -0.4754
vn -0.5705 0.2239 0.7902
vn 0.8172 0.3529 0.4556
vn 0.5493 -0.2384 -0.8009
vn 0.8216 -0.3888 0.4169
vn 0.8453 -0.3606 0.3941
vn -0.2812 0.3257 0.9027
vn -0.2741 0.3717 0.8869
vn -0.8180 0.4027 -0.4106
vn -0.8350 0.3572 -0.4184
vn 0.3057 -0.3298 -0.8931
vn 0.2724 -0.3575 -0.8933
vn -0.3204 0.2785 0.9054
vn -0.8653 0.3095 -0.3944
vn 0.3151 -0.2767 -0.9078
vn 0.8633 -0.3079 0.3999
vn -0.8874 0.2231 -0.4033
vn -0.3310 0.1914 0.9240
vn 0.8993 -0.2310 0.3713
vn 0.3620 -0.2004 -0.9103
vn -0.3639 0.0476 0.9302
vn -0.9174 0.0791 -0.3900
vn 0.3868 -0.0493 -0.9208
vn 0.9267 -0.0801 0.3671
vn -0.3388 -0.1384 0.9306
vn -0.9032 -0.1063 -0.4158
vn 0.3960 0.1461 -0.9065
vn 0.9263 0.1159 0.3584
vn -0.3542 -0.2587 0.8986
vn 0.8855 0.2161 0.4112
vn 0.3316 0.2477 -0.9103
vn -0.8933 -0.2280 -0.3872
vn -0.3336 0.5690 0.7516
vn -0.3009 0.7244 0.6202
vn -0.4777 0.7229 0.4993
vn -0.5857 0.5692 0.5770
vn -0.7037 0.7100 0.0241
vn -0.5634 0.8188 0.1101
vn -0.4528 0.8899 -0.0540
vn -0.5465 0.8115 -0.2069
vn 0.3992 0.9089 0.1204
vn 0.2120 0.9606 0.1795
vn 0.2070 0.8995 0.3846
vn 0.3949 0.8203 0.4136
vn 0.0015 0.9532 -0.3024
vn -0.0650 0.9905 -0.1207
vn 0.1118 0.9937 -0.0052
vn 0.2537 0.9569 -0.1409
vn -0.0307 0.6223 0.7821
vn -0.0901 0.7624 0.6407
vn -0.7195 0.6214 0.3100
vn -0.5731 0.7576 0.3122
vn -0.2899 0.8999 -0.3257
vn -0.2711 0.9526 -0.1382
vn 0.2375 0.7149 0.6576
vn 0.0964 0.8268 0.5542
vn -0.2030 0.9450 0.2564
vn -0.1967 0.9462 0.2570
vn -0.1920 0.9413 0.2774
vn -0.1975 0.9394 0.2800
vn -0.2092 0.9381 0.2759
vn -0.2121 0.9391 0.2702
vn -0.2085 0.9431 0.2590
vn -0.1886 0.9435 0.2724
vn -0.1913 0.9463 0.2606
vn -0.1884 0.9453 0.2662
vn -0.2038 0.9383 0.2795
vn -0.2119 0.9409 0.2640
vn -0.4693 0.8292 0.3035
vn -0.4639 0.8715 0.1591
vn -0.2551 0.9667 -0.0195
vn -0.1078 0.9941 -0.0059
vn 0.0022 0.8814 0.4724
vn -0.1281 0.8365 0.5328
vn -0.4003 0.8064 0.4353
vn -0.3854 0.9218 0.0409
vn 0.0806 0.9317 0.3541
vn 0.0171 0.9968 0.0780
vn 0.0860 0.9739 0.2098
vn -0.2754 0.8090 0.5192
vn -0.6594 0.6836 0.3129
vn -0.6499 0.7577 0.0596
vn -0.2837 0.9247 -0.2537
vn -0.0252 0.9729 -0.2299
vn 0.1678 0.7750 0.6092
vn -0.0608 0.6963 0.7152
vn -0.5384 0.6435 0.5441
vn -0.5123 0.8459 -0.1477
vn 0.3053 0.8633 0.4018
vn 0.1939 0.9775 -0.0826
vn 0.3149 0.9374 0.1485
vn -0.3193 0.6481 0.6913
vn 0.0078 0.8012 -0.5983
vn -0.0350 0.8669 -0.4972
vn 0.1028 0.9048 -0.4132
vn 0.1966 0.8531 -0.4832
vn 0.2875 0.9554 -0.0664
vn 0.1693 0.9795 -0.1088
vn 0.0800 0.9963 0.0300
vn 0.1653 0.9785 0.1236
vn -0.5505 0.8306 -0.0837
vn -0.4428 0.8883 -0.1214
vn -0.4345 0.8548 -0.2836
vn -0.5391 0.7847 -0.3059
vn -0.2594 0.9389 0.2260
vn -0.2302 0.9675 0.1048
vn -0.3680 0.9296 0.0207
vn -0.4481 0.8871 0.1109
vn -0.2167 0.7678 -0.6029
vn -0.1990 0.8425 -0.5006
vn 0.2989 0.9096 -0.2885
vn 0.1776 0.9460 -0.2710
vn -0.0348 0.9724 0.2306
vn -0.0661 0.9919 0.1082
vn -0.4169 0.7617 -0.4959
vn -0.3452 0.8380 -0.4224
vn -0.1374 0.9711 -0.1953
vn -0.1437 0.9701 -0.1954
vn -0.1482 0.9651 -0.2159
vn -0.1425 0.9652 -0.2189
vn -0.1308 0.9677 -0.2156
vn -0.1279 0.9693 -0.2100
vn -0.1317 0.9712 -0.1983
vn -0.1517 0.9657 -0.2105
vn -0.1491 0.9686 -0.1987
vn -0.1520 0.9670 -0.2042
vn -0.1361 0.9662 -0.2188
vn -0.1282 0.9706 -0.2037
vn 0.1476 0.9526 -0.2660
vn 0.1400 0.9830 -0.1188
vn -0.0736 0.9942 0.0780
vn -0.2224 0.9720 0.0749
vn -0.3269 0.8546 -0.4035
vn -0.1942 0.8586 -0.4744
vn 0.0797 0.9152 -0.3951
vn 0.0590 0.9982 0.0071
vn -0.4078 0.8698 -0.2775
vn -0.3475 0.9377 -0.0013
vn -0.4154 0.9002 -0.1303
vn -0.0454 0.8808 -0.4713
vn 0.3735 0.8787 -0.2972
vn 0.3602 0.9321 -0.0390
vn -0.0146 0.9518 0.3064
vn -0.2757 0.9129 0.3010
vn -0.4589 0.7068 -0.5383
vn -0.2261 0.7138 -0.6628
vn 0.2544 0.8131 -0.5235
vn 0.2181 0.9588 0.1820
vn -0.6010 0.7335 -0.3174
vn -0.4952 0.8525 0.1672
vn -0.6142 0.7869 -0.0591
vn 0.0349 0.7527 -0.6574
vn -0.5459 0.8378 0.0109
vn -0.4357 0.8996 0.0303
vn -0.3739 0.9194 -0.1223
vn -0.4613 0.8649 -0.1980
vn -0.0605 0.9292 -0.3645
vn -0.0811 0.9664 -0.2438
vn 0.0713 0.9810 -0.1802
vn 0.1482 0.9492 -0.2774
vn 0.0555 0.8790 0.4735
vn 0.0036 0.9297 0.3682
vn -0.1593 0.9072 0.3894
vn -0.1676 0.8481 0.5025
vn 0.3178 0.9396 0.1271
vn 0.1951 0.9740 0.1152
vn 0.1333 0.9542 0.2678
vn 0.2331 0.9125 0.3361
vn -0.5148 0.8243 0.2355
vn -0.4129 0.8898 0.1943
vn -0.2836 0.8983 -0.3354
vn -0.2441 0.9438 -0.2226
vn 0.2867 0.9531 -0.0974
vn 0.1724 0.9838 -0.0488
vn -0.3763 0.8281 0.4154
vn -0.3118 0.8925 0.3258
vn -0.1155 0.9907 0.0721
vn -0.1147 0.9903 0.0785
vn -0.1343 0.9871 0.0866
vn -0.1383 0.9870 0.0815
vn -0.1368 0.9882 0.0692
vn -0.1317 0.9891 0.0653
vn -0.1195 0.9906 0.0670
vn -0.1284 0.9877 0.0891
vn -0.1171 0.9895 0.0844
vn -0.1221 0.9886 0.0883
vn -0.1392 0.9874 0.0752
vn -0.1254 0.9900 0.0645
vn -0.2338 0.9526 -0.1945
vn -0.0860 0.9731 -0.2138
vn 0.1441 0.9889 -0.0368
vn 0.1647 0.9799 0.1120
vn -0.2953 0.9061 0.3030
vn -0.3870 0.9035 0.1838
vn -0.3515 0.9304 -0.1035
vn 0.0523 0.9864 -0.1560
vn -0.1569 0.9193 0.3608
vn 0.1086 0.9620 0.2505
vn -0.0091 0.9398 0.3416
vn -0.4076 0.9124 0.0350
vn -0.3063 0.8618 -0.4042
vn -0.0469 0.8977 -0.4380
vn 0.3567 0.9254 -0.1274
vn 0.3929 0.9098 0.1336
vn -0.4141 0.7802 0.4688
vn -0.5751 0.7757 0.2596
vn -0.5129 0.8229 -0.2444
vn 0.1957 0.9210 -0.3367
vn -0.1714 0.8035 0.5701
vn 0.2945 0.8783 0.3766
vn 0.0880 0.8394 0.5364
vn -0.6113 0.7914 -0.0014
usemtl FlowerStand
s 1
f 4/1/1 8/2/2 5/3/3 1/4/4
f 2/5/5 6/6/6 7/7/7 3/8/8
f 1/4/4 5/3/3 6/6/6 2/5/5
f 3/8/8 7/7/7 8/2/2 4/1/1
f 5/3/3 25/9/9 26/10/10 6/6/6
f 7/7/7 27/11/11 28/12/12 8/2/2
f 6/6/6 26/10/10 27/11/11 7/7/7
f 8/2/2 28/12/12 25/9/9 5/3/3
f 22/13/13 26/10/10 25/9/9 21/14/14
f 24/15/15 28/12/12 27/11/11 23/16/16
f 21/14/14 25/9/9 28/12/12 24/15/15
f 23/16/16 27/11/11 26/10/10 22/13/13
f 21/14/14 9/17/17 10/18/18 22/13/13
f 23/16/16 11/19/19 12/20/20 24/15/15
f 22/13/13 10/18/18 11/19/19 23/16/16
f 24/15/15 12/20/20 9/17/17 21/14/14
f 9/17/17 13/21/21 14/22/22 10/18/18
f 11/19/19 15/23/23 16/24/24 12/20/20
f 10/18/18 14/22/22 15/23/23 11/19/19
f 12/20/20 16/24/24 13/21/21 9/17/17
f 17/25/25 13/21/21 16/24/24 20/26/26
f 19/27/27 15/23/23 14/22/22 18/28/28
f 20/26/26 16/24/24 15/23/23 19/27/27
f 18/28/28 14/22/22 13/21/21 17/25/25
f 92/29/29 96/30/30 93/31/31 89/32/32
f 90/33/33 94/34/34 95/35/35 91/36/36
f 89/32/32 93/31/31 94/34/34 90/33/33
f 91/36/36 95/35/35 96/30/30 92/29/29
f 93/31/31 113/37/37 114/38/38 94/34/34
f 95/35/35 115/39/39 116/40/40 96/30/30
f 94/34/34 114/38/38 115/39/39 95/35/35
f 96/30/30 116/40/40 113/37/37 93/31/31
f 110/41/41 114/38/38 113/37/37 109/42/42
f 112/43/43 116/40/40 115/39/39 111/44/44
f 109/42/42 113/37/37 116/40/40 112/43/43
f 111/44/44 115/39/39 114/38/38 110/41/41
f 109/42/42 97/45/45 98/46/46 110/41/41
f 111/44/44 99/47/47 100/48/48 112/43/43
f 110/41/41 98/46/46 99/47/47 111/44/44
f 112/43/43 100/48/48 97/45/45 109/42/42
f 97/45/45 101/49/49 102/50/50 98/46/46
f 99/47/47 103/51/51 104/52/52 100/48/48
f 98/46/46 102/50/50 103/51/51 99/47/47
f 100/48/48 104/52/52 101/49/49 97/45/45
f 105/53/53 101/49/49 104/52/52 108/54/54
f 107/55/55 103/51/51 102/50/50 106/56/56
f 108/54/54 104/52/52 103/51/51 107/55/55
f 106/56/56 102/50/50 101/49/49 105/53/53
f 180/57/57 184/58/58 181/59/59 177/60/60
f 178/61/61 182/62/62 183/63/63 179/64/64
f 177/60/60 181/59/59 182/62/62 178/61/61
f 179/64/64 183/63/63 184/58/58 180/57/57
f 181/59/59 201/65/65 202/66/66 182/62/62
f 183/63/63 203/67/67 204/68/68 184/58/58
f 182/62/62 202/66/66 203/67/67 183/63/63
f 184/58/58 204/68/68 201/65/65 181/59/59
f 198/69/69 202/66/66 201/65/65 197/70/70
f 200/71/71 204/68/68 203/67/67 199/72/72
f 197/70/70 201/65/65 204/68/68 200/71/71
f 199/72/72 203/67/67 202/66/66 198/69/69
f 197/70/70 185/73/73 186/74/74 198/69/69
f 199/72/72 187/75/75 188/76/76 200/71/71
f 198/69/69 186/74/74 187/75/75 199/72/72
f 200/71/71 188/76/76 185/73/73 197/70/70
f 185/73/73 189/77/77 190/78/78 186/74/74
f 187/75/75 191/79/79 192/80/80 188/76/76
f 186/74/74 190/78/78 191/79/79 187/75/75
f 188/76/76 192/80/80 189/77/77 185/73/73
f 193/81/81 189/77/77 192/80/80 196/82/82
f 195/83/83 191/79/79 190/78/78 194/84/84
f 196/82/82 192/80/80 191/79/79 195/83/83
f 194/84/84 190/78/78 189/77/77 193/81/81
usemtl Plant1
f 37/85/85 49/86/86 48/87/87 36/88/88
f 34/89/89 46/90/90 45/91/91 33/92/92
f 29/93/93 41/94/94 52/95/95 40/96/96
f 31/97/97 43/98/98 42/99/99 30/100/100
f 38/101/101 50/102/102 49/86/86 37/85/85
f 35/103/103 47/104/104 46/90/90 34/89/89
f 32/105/105 44/106/106 43/98/98 31/97/97
f 39/107/107 51/108/108 50/102/102 38/101/101
f 36/88/88 48/87/87 47/104/104 35/103/103
f 33/92/92 45/91/91 44/106/106 32/105/105
f 40/96/96 52/95/95 51/108/108 39/107/107
f 30/100/100 42/99/99 41/94/94 29/93/93
f 44/106/106 56/109/109 55/110/110 43/98/98
f 51/108/108 63/111/111 62/112/112 50/102/102
f 48/87/87 60/113/113 59/114/114 47/104/104
f 45/91/91 57/115/115 56/109/109 44/106/106
f 52/95/95 64/116/116 63/111/111 51/108/108
f 42/99/99 54/117/117 53/118/118 41/94/94
f 49/86/86 61/119/119 60/113/113 48/87/87
f 46/90/90 58/120/120 57/115/115 45/91/91
f 41/94/94 53/118/118 64/116/116 52/95/95
f 43/98/98 55/110/110 54/117/117 42/99/99
f 50/102/102 62/112/112 61/119/119 49/86/86
f 47/104/104 59/114/114 58/120/120 46/90/90
f 59/114/114 71/121/121 70/122/122 58/120/120
f 56/109/109 68/123/123 67/124/124 55/110/110
f 63/111/111 75/125/125 74/126/126 62/112/112
f 60/113/113 72/127/127 71/121/121 59/114/114
f 57/115/115 69/128/128 68/123/123 56/109/109
f 64/116/116 76/129/129 75/125/125 63/111/111
f 54/117/117 66/130/130 65/131/131 53/118/118
f 61/119/119 73/132/132 72/127/127 60/113/113
f 58/120/120 70/122/122 69/128/128 57/115/115
f 53/118/118 65/131/131 76/129/129 64/116/116
f 55/110/110 67/124/124 66/130/130 54/117/117
f 62/112/112 74/126/126 73/132/132 61/119/119
f 71/121/121 83/133/133 82/134/134 70/122/122
f 68/123/123 80/135/135 79/136/136 67/124/124
f 75/125/125 87/137/137 86/138/138 74/126/126
f 72/127/127 84/139/139 83/133/133 71/121/121
f 69/128/128 81/140/140 80/135/135 68/123/123
f 76/129/129 88/141/141 87/137/137 75/125/125
f 66/130/130 78/142/142 77/143/143 65/131/131
f 73/132/132 85/144/144 84/139/139 72/127/127
f 70/122/122 82/134/134 81/140/140 69/128/128
f 65/131/131 77/143/143 88/141/141 76/129/129
f 67/124/124 79/136/136 78/142/142 66/130/130
f 74/126/126 86/138/138 85/144/144 73/132/132
f 83/133/133 88/141/141 77/143/143 82/134/134
f 84/139/139 87/137/137 88/141/141 83/133/133
f 85/144/144 86/138/138 87/137/137 84/139/139
f 78/142/142 81/140/140 82/134/134 77/143/143
f 79/136/136 80/135/135 81/140/140 78/142/142
f 125/145/145 137/146/146 136/147/147 124/148/148
f 122/149/149 134/150/150 133/151/151 121/152/152
f 117/153/153 129/154/154 140/155/155 128/156/156
f 119/157/157 131/158/158 130/159/159 118/160/160
f 126/161/161 138/162/162 137/146/146 125/145/145
f 123/163/163 135/164/164 134/150/150 122/149/149
f 120/165/165 132/166/166 131/158/158 119/157/157
f 127/167/167 139/168/168 138/162/162 126/161/161
f 124/148/148 136/147/147 135/164/164 123/163/163
f 121/152/152 133/151/151 132/166/166 120/165/165
f 128/156/156 140/155/155 139/168/168 127/167/167
f 118/160/160 130/159/159 129/154/154 117/153/153
f 132/166/166 144/169/169 143/170/170 131/158/158
f 139/168/168 151/171/171 150/172/172 138/162/162
f 136/147/147 148/173/173 147/174/174 135/164/164
f 133/151/151 145/175/175 144/169/169 132/166/166
f 140/155/155 152/176/176 151/171/171 139/168/168
f 130/159/159 142/177/177 141/178/178 129/154/154
f 137/146/146 149/179/179 148/173/173 136/147/147
f 134/150/150 146/180/180 145/175/175 133/151/151
f 129/154/154 141/178/178 152/176/176 140/155/155
f 131/158/158 143/170/170 142/177/177 130/159/159
f 138/162/162 150/172/172 149/179/179 137/146/146
f 135/164/164 147/174/174 146/180/180 134/150/150
f 147/174/174 159/181/181 158/182/182 146/180/180
f 144/169/169 156/183/183 155/184/184 143/170/170
f 151/171/171 163/185/185 162/186/186 150/172/172
f 148/173/173 160/187/187 159/181/181 147/174/174
f 145/175/175 157/188/188 156/183/183 144/169/169
f 152/176/176 164/189/189 163/185/185 151/171/171
f 142/177/177 154/190/190 153/191/191 141/178/178
f 149/179/179 161/192/192 160/187/187 148/173/173
f 146/180/180 158/182/182 157/188/188 145/175/175
f 141/178/178 153/191/191 164/189/189 152/176/176
f 143/170/170 155/184/184 154/190/190 142/177/177
f 150/172/172 162/186/186 161/192/192 149/179/179
f 159/181/181 171/193/193 170/194/194 158/182/182
f 156/183/183 168/195/195 167/196/196 155/184/184
f 163/185/185 175/197/197 174/198/198 162/186/186
f 160/187/187 172/199/199 171/193/193 159/181/181
f 157/188/188 169/200/200 168/195/195 156/183/183
f 164/189/189 176/201/201 175/197/197 163/185/185
f 154/190/190 166/202/202 165/203/203 153/191/191
f 161/192/192 173/204/204 172/199/199 160/187/187
f 158/182/182 170/194/194 169/200/200 157/188/188
f 153/191/191 165/203/203 176/201/201 164/189/189
f 155/184/184 167/196/196 166/202/202 154/190/190
f 162/186/186 174/198/198 173/204/204 161/192/192
f 171/193/193 176/201/201 165/203/203 170/194/194
f 172/199/199 175/197/197 176/201/201 171/193/193
f 173/204/204 174/198/198 175/197/197 172/199/199
f 166/202/202 169/200/200 170/194/194 165/203/203
f 167/196/196 168/195/195 169/200/200 166/202/202
f 213/205/205 225/206/206 224/207/207 212/208/208
f 210/209/209 222/210/210 221/211/211 209/212/212
f 205/213/213 217/214/214 228/215/215 216/216/216
f 207/217/217 219/218/218 218/219/219 206/220/220
f 214/221/221 226/222/222 225/206/206 213/205/205
f 211/223/223 223/224/224 222/210/210 210/209/209
f 208/225/225 220/226/226 219/218/218 207/217/217
f 215/227/227 227/228/228 226/222/222 214/221/221
f 212/208/208 224/207/207 223/224/224 211/223/223
f 209/212/212 221/211/211 220/226/226 208/225/225
f 216/216/216 228/215/215 227/228/228 215/227/227
f 206/220/220 218/219/219 217/214/214 205/213/213
f 220/226/226 232/229/229 231/230/230 219/218/218
f 227/228/228 239/231/231 238/232/232 226/222/222
f 224/207/207 236/233/233 235/234/234 223/224/224
f 221/211/211 233/235/235 232/229/229 220/226/226
f 228/215/215 240/236/236 239/231/231 227/228/228
f 218/219/219 230/237/237 229/238/238 217/214/214
f 225/206/206 237/239/239 236/233/233 224/207/207
f 222/210/210 234/240/240 233/235/235 221/211/211
f 217/214/214 229/238/238 240/236/236 228/215/215
f 219/218/218 231/230/230 230/237/237 218/219/219
f 226/222/222 238/232/232 237/239/239 225/206/206
f 223/224/224 235/234/234 234/240/240 222/210/210
f 235/234/234 247/241/241 246/242/242 234/240/240
f 232/229/229 244/243/243 243/244/244 231/230/230
f 239/231/231 251/245/245 250/246/246 238/232/232
f 236/233/233 248/247/247 247/241/241 235/234/234
f 233/235/235 245/248/248 244/243/243 232/229/229
f 240/236/236 252/249/249 251/245/245 239/231/231
f 230/237/237 242/250/250 241/251/251 229/238/238
f 237/239/239 249/252/252 248/247/247 236/233/233
f 234/240/240 246/242/242 245/248/248 233/235/235
f 229/238/238 241/251/251 252/249/249 240/236/236
f 231/230/230 243/244/244 242/250/250 230/237/237
f 238/232/232 250/246/246 249/252/252 237/239/239
f 247/241/241 259/253/253 258/254/254 246/242/242
f 244/243/243 256/255/255 255/256/256 243/244/244
f 251/245/245 263/257/257 262/258/258 250/246/246
f 248/247/247 260/259/259 259/253/253 247/241/241
f 245/248/248 257/260/260 256/255/255 244/243/243
f 252/249/249 264/261/261 263/257/257 251/245/245
f 242/250/250 254/262/262 253/263/263 241/251/251
f 249/252/252 261/264/264 260/259/259 248/247/247
f 246/242/242 258/254/254 257/260/260 245/248/248
f 241/251/251 253/263/263 264/261/261 252/249/249
f 243/244/244 255/256/256 254/262/262 242/250/250
f 250/246/246 262/258/258 261/264/264 249/252/252
f 259/253/253 264/261/261 253/263/263 258/254/254
f 260/259/259 263/257/257 264/261/261 259/253/253
f 261/264/264 262/258/258 263/257/257 260/259/259
f 254/262/262 257/260/260 258/254/254 253/263/263
f 255/256/256 256/255/255 257/260/260 254/262/262
o Plane.031_Plane.006
v 15.647332 0.592224 3.276505
v 16.072893 0.588421 3.589580
v 16.801420 -0.043825 1.693179
v 17.226980 -0.047627 2.006254
v 16.603621 0.031667 1.963284
v 16.425863 0.164012 2.213111
v 16.265076 0.361898 2.443895
v 16.087143 0.528260 2.692909
v 15.872344 0.626966 2.980644
v 16.297903 0.623164 3.293719
v 16.512703 0.524458 3.005984
v 16.690636 0.358095 2.756970
v 16.851423 0.160209 2.526186
v 17.029181 0.027864 2.276359
v 15.208240 0.907589 2.224859
v 15.410706 0.955903 2.710457
v 16.912966 -0.069883 1.606918
v 17.115431 -0.021569 2.092516
v 16.617071 0.064586 1.717118
v 16.355947 0.249997 1.811796
v 16.127485 0.495189 1.888990
v 15.871056 0.713728 1.977471
v 15.554747 0.874983 2.089803
v 15.757212 0.923297 2.575400
v 16.073523 0.762042 2.463069
v 16.329952 0.543503 2.374588
v 16.558413 0.298311 2.297394
v 16.819536 0.112900 2.202716
v 15.800911 1.101320 2.766531
v 16.185015 1.176793 3.064455
v 16.859127 -0.088589 1.697392
v 17.243231 -0.013116 1.995316
v 16.674692 0.086124 1.891214
v 16.514704 0.301015 2.049051
v 16.377090 0.564207 2.168749
v 16.220119 0.808032 2.314034
v 16.021553 1.010154 2.513881
v 16.405655 1.085627 2.811805
v 16.604223 0.883505 2.611958
v 16.761194 0.639680 2.466672
v 16.898809 0.376488 2.346975
v 17.058796 0.161597 2.189137
v 18.480743 0.456969 2.278187
v 18.538500 0.472259 1.789903
v 16.950953 -0.046152 2.097507
v 17.017298 -0.039550 1.610121
v 17.203638 0.130918 2.133761
v 17.378302 0.315627 2.153586
v 17.540445 0.501199 2.168654
v 17.789536 0.602728 2.195623
v 18.133472 0.583152 2.236871
v 18.191936 0.597046 1.748621
v 17.849817 0.613505 1.707489
v 17.602949 0.509545 1.680740
v 17.442961 0.322757 1.665955
v 17.269783 0.137472 1.646340
v 16.551861 0.360675 3.682332
v 17.037472 0.426492 3.725241
v 16.771395 -0.078634 1.828261
v 17.257006 -0.012818 1.871170
v 16.737745 -0.034161 2.142900
v 16.702122 0.065194 2.435384
v 16.661533 0.226975 2.708723
v 16.620720 0.357544 3.002805
v 16.579170 0.421109 3.341116
v 17.064781 0.486925 3.384026
v 17.106331 0.423360 3.045714
v 17.147144 0.292791 2.751632
v 17.187733 0.131010 2.478292
v 17.223356 0.031655 2.185810
v 18.750828 0.875679 1.181760
v 18.496769 0.869596 0.718566
v 17.141228 -0.042684 2.081312
v 16.887169 -0.048768 1.618117
v 17.420984 0.081414 1.926020
v 17.666836 0.257558 1.784400
v 17.880920 0.494763 1.657221
v 18.122124 0.704473 1.518701
v 18.421423 0.855131 1.356235
v 18.167364 0.849047 0.893041
v 17.868065 0.698390 1.055506
v 17.626862 0.488680 1.194026
v 17.412779 0.251475 1.321205
v 17.166925 0.075331 1.462825
v 15.846898 0.170364 0.683116
v 15.542957 0.192349 1.096018
v 17.158461 -0.057307 1.637839
v 16.869934 -0.034144 2.061594
v 16.909134 0.067262 1.461536
v 16.734552 0.234384 1.338499
v 16.582872 0.414485 1.228676
v 16.371140 0.483851 1.073002
v 16.101057 0.390265 0.870169
v 15.798614 0.413699 1.284162
v 16.071953 0.511348 1.489396
v 16.287420 0.444887 1.647771
v 16.442808 0.264010 1.760175
v 16.620205 0.092100 1.885054
v 18.113647 0.622000 1.022621
v 17.832724 0.640119 0.753953
v 17.154659 -0.054786 1.984049
v 16.873735 -0.036666 1.715381
v 17.320484 0.036687 1.816625
v 17.467125 0.166596 1.667887
v 17.596527 0.341499 1.538167
v 17.741615 0.496065 1.393641
v 17.920383 0.606944 1.217635
v 17.639460 0.625064 0.948967
v 17.460691 0.514185 1.124973
v 17.315603 0.359618 1.269500
v 17.186201 0.184716 1.399219
v 17.039560 0.054807 1.547957
v 18.390465 0.567712 3.278216
v 18.720304 0.564765 2.865507
v 16.849279 -0.044252 2.056069
v 17.179119 -0.047200 1.643360
v 17.111876 0.027125 2.265183
v 17.355501 0.155705 2.453969
v 17.581345 0.350136 2.625621
v 17.824442 0.512737 2.814853
v 18.104172 0.607024 3.041866
v 18.434010 0.604076 2.629157
v 18.154282 0.509789 2.402143
v 17.911182 0.347189 2.212911
v 17.685341 0.152757 2.041259
v 17.441715 0.024178 1.852473
v 15.205617 0.553055 2.178188
v 15.356102 0.551711 2.646529
v 16.938957 -0.045054 1.615547
v 17.089441 -0.046398 2.083887
v 16.642515 0.026240 1.711189
v 16.372345 0.150400 1.802178
v 16.125469 0.335520 1.887727
v 15.855664 0.491350 1.977841
v 15.536815 0.584316 2.077407
v 15.687299 0.582972 2.545747
v 16.006149 0.490005 2.446182
v 16.275955 0.334175 2.356068
v 16.522829 0.149056 2.270519
v 16.792999 0.024895 2.179530
v 17.245413 0.264255 3.437239
v 17.717739 0.236047 3.302691
v 16.777367 -0.026752 1.913336
v 17.251034 -0.064700 1.786095
v 16.860161 0.114532 2.177346
v 16.929749 0.273327 2.364320
v 16.999125 0.434422 2.538074
v 17.079960 0.500986 2.787305
v 17.168549 0.435474 3.116299
v 17.640938 0.405788 2.982267
v 17.552549 0.467972 2.654657
v 17.472048 0.398708 2.407292
v 17.403074 0.236124 2.235496
v 17.333780 0.076563 2.049904
v 18.849859 0.520492 2.066850
v 18.843124 0.520552 1.574970
v 17.017565 -0.045756 2.095654
v 17.010832 -0.045696 1.603775
v 17.330219 0.020094 2.091203
v 17.617317 0.139276 2.083647
v 17.881618 0.319827 2.074630
v 18.168665 0.470681 2.067886
v 18.504267 0.557800 2.066304
v 18.497532 0.557860 1.574425
v 18.161930 0.470741 1.576007
v 17.874884 0.319887 1.582751
v 17.610582 0.139336 1.591768
v 17.323484 0.020155 1.599324
v 17.224785 0.448376 0.294066
v 16.806026 0.452118 0.294066
v 17.223576 -0.047597 1.849716
v 16.804817 -0.043855 1.849715
v 17.223948 0.010837 1.584039
v 17.221775 0.114499 1.340484
v 17.218552 0.270241 1.116783
v 17.217310 0.400858 0.873522
v 17.220551 0.477546 0.588506
v 16.801792 0.481288 0.588506
v 16.798552 0.404600 0.873522
v 16.799793 0.273983 1.116783
v 16.803017 0.118241 1.340484
v 16.805189 0.014578 1.584039
v 17.012724 -0.047119 1.860911
v 17.024097 -0.050356 1.876951
v 17.008694 -0.059067 1.886114
v 16.997322 -0.055830 1.870074
v 16.900904 0.308394 2.014349
v 16.910069 0.305786 2.027273
v 16.897310 0.299436 2.035496
v 16.887724 0.302164 2.021976
v 16.810993 1.104370 2.238928
v 16.819986 1.101811 2.251610
v 16.806950 1.102000 2.261709
v 16.797207 1.104774 2.247967
v 16.855183 1.323497 2.252234
v 16.863796 1.321045 2.264384
v 16.852106 1.325485 2.274792
v 16.842367 1.328257 2.261056
v 16.956640 1.528093 2.220459
v 16.966293 1.525345 2.234073
v 16.954601 1.532668 2.243845
v 16.944944 1.535417 2.230227
v 16.805832 0.847776 2.190787
v 16.814837 0.845213 2.203489
v 16.801706 0.842040 2.212945
v 16.791979 0.844809 2.199224
v 16.850630 0.566117 2.101843
v 16.859943 0.563465 2.114982
v 16.846907 0.557755 2.123213
v 16.837463 0.560443 2.109893
v 16.759949 1.507247 2.003103
v 16.668581 1.538125 2.123790
v 16.647335 1.547737 2.276507
v 16.701902 1.533510 2.420335
v 16.817661 1.499254 2.516734
v 16.963594 1.454149 2.539876
v 17.100599 1.410281 2.483558
v 17.191965 1.379404 2.362872
v 17.213211 1.369792 2.210154
v 17.158644 1.384019 2.066326
v 17.042885 1.418275 1.969927
v 16.896954 1.463379 1.946785
v 16.828535 1.556028 2.064334
v 16.763971 1.577847 2.149617
v 16.748959 1.584640 2.257535
v 16.787518 1.574586 2.359170
v 16.869318 1.550380 2.427291
v 16.972441 1.518506 2.443644
v 17.069256 1.487507 2.403847
v 17.133820 1.465688 2.318564
v 17.148834 1.458895 2.210646
v 17.110273 1.468949 2.109011
v 17.028473 1.493156 2.040890
v 16.925350 1.525029 2.024537
v 16.879667 1.554573 2.130919
v 16.840517 1.567804 2.182633
v 16.831413 1.571922 2.248072
v 16.854795 1.565826 2.309702
v 16.904396 1.551147 2.351008
v 16.966928 1.531820 2.360924
v 17.025635 1.513023 2.336792
v 17.064785 1.499792 2.285079
v 17.073889 1.495673 2.219640
v 17.050507 1.501770 2.158010
v 17.000906 1.516448 2.116703
v 16.938374 1.535775 2.106787
v 16.912703 1.533014 2.182645
v 16.893143 1.539624 2.208482
v 16.888594 1.541682 2.241176
v 16.900276 1.538636 2.271967
v 16.925058 1.531303 2.292604
v 16.956299 1.521647 2.297559
v 16.985630 1.512255 2.285502
v 17.005190 1.505645 2.259665
v 17.009737 1.503587 2.226971
v 16.998056 1.506633 2.196180
v 16.973274 1.513966 2.175543
v 16.942032 1.523623 2.170589
v 16.930525 1.553945 2.196801
v 16.916527 1.558676 2.215292
v 16.913271 1.560149 2.238691
v 16.921631 1.557969 2.260728
v 16.939367 1.552721 2.275497
v 16.961727 1.545810 2.279043
v 16.982718 1.539088 2.270414
v 16.996717 1.534358 2.251923
v 16.999971 1.532885 2.228524
v 16.991611 1.535065 2.206488
v 16.973875 1.540313 2.191718
v 16.951517 1.547224 2.188172
v 17.023193 -0.046091 1.882167
v 17.000114 -0.049607 1.885977
v 16.998226 -0.060095 1.864859
v 17.021305 -0.056579 1.861048
v 16.923155 0.375630 1.679603
v 16.904556 0.372797 1.682673
v 16.902328 0.365144 1.664843
v 16.921783 0.368107 1.661631
v 16.742540 1.321158 1.459170
v 16.724291 1.318378 1.462183
v 16.720308 1.318500 1.443017
v 16.740080 1.321512 1.439752
v 16.708689 1.582045 1.497289
v 16.691206 1.579382 1.500175
v 16.686255 1.584572 1.482243
v 16.706020 1.587583 1.478980
v 16.692888 1.826128 1.620112
v 16.673300 1.823144 1.623346
v 16.669075 1.831751 1.605715
v 16.688669 1.834736 1.602480
v 16.792665 1.016064 1.481175
v 16.774387 1.013280 1.484192
v 16.771088 1.009404 1.465293
v 16.790831 1.012411 1.462033
v 16.859924 0.681593 1.577959
v 16.841021 0.678713 1.581080
v 16.838940 0.671815 1.562942
v 16.858105 0.674735 1.559777
v 17.034243 1.800052 1.524848
v 16.953537 1.836457 1.364250
v 16.801838 1.848998 1.261976
v 16.619793 1.834314 1.245428
v 16.456179 1.796341 1.319042
v 16.354839 1.745253 1.463091
v 16.342926 1.694739 1.638979
v 16.423632 1.658334 1.799576
v 16.575331 1.645793 1.901851
v 16.757376 1.660476 1.918398
v 16.920990 1.698450 1.844785
v 17.022329 1.749538 1.700735
v 16.926542 1.855843 1.564487
v 16.869513 1.881568 1.451001
v 16.762314 1.890430 1.378728
v 16.633671 1.880054 1.367035
v 16.518055 1.853220 1.419054
v 16.446442 1.817119 1.520846
v 16.438025 1.781423 1.645137
v 16.495054 1.755698 1.758623
v 16.602253 1.746836 1.830896
v 16.730896 1.757212 1.842589
v 16.846512 1.784045 1.790570
v 16.918125 1.820147 1.688778
v 16.828876 1.855530 1.584373
v 16.794294 1.871129 1.515558
v 16.729292 1.876503 1.471734
v 16.651285 1.870211 1.464643
v 16.581177 1.853940 1.496186
v 16.537754 1.832049 1.557911
v 16.532648 1.810404 1.633278
v 16.567230 1.794804 1.702093
v 16.632233 1.789430 1.745918
v 16.710239 1.795722 1.753008
v 16.780348 1.811994 1.721465
v 16.823771 1.833885 1.659741
v 16.756172 1.830939 1.592884
v 16.738895 1.838732 1.558503
v 16.706419 1.841417 1.536608
v 16.667446 1.838274 1.533066
v 16.632420 1.830144 1.548825
v 16.610725 1.819207 1.579664
v 16.608173 1.808393 1.617318
v 16.625452 1.800599 1.651699
v 16.657928 1.797915 1.673594
v 16.696901 1.801058 1.677137
v 16.731928 1.809187 1.661377
v 16.753622 1.820125 1.630539
v 16.732115 1.856189 1.604326
v 16.719749 1.861767 1.579720
v 16.696507 1.863689 1.564049
v 16.668613 1.861439 1.561514
v 16.643545 1.855621 1.572793
v 16.628019 1.847793 1.594864
v 16.626194 1.840054 1.621813
v 16.638559 1.834476 1.646419
v 16.661802 1.832555 1.662089
v 16.689693 1.834804 1.664624
v 16.714762 1.840622 1.653345
v 16.730289 1.848450 1.631275
v 17.016926 -0.048494 1.871833
v 17.012039 -0.052067 1.881246
v 17.004494 -0.057692 1.875192
v 17.009380 -0.054118 1.865779
v 16.881081 0.132554 1.871336
v 16.877144 0.129674 1.878920
v 16.870501 0.125426 1.874105
v 16.874619 0.128438 1.866171
v 16.675436 0.548910 1.922749
v 16.671572 0.546085 1.930191
v 16.663336 0.545250 1.926037
v 16.667522 0.548312 1.917974
v 16.659859 0.667985 1.960092
v 16.656157 0.665278 1.967222
v 16.647713 0.666743 1.964052
v 16.651897 0.669804 1.955991
v 16.682056 0.783246 2.014771
v 16.677908 0.780212 2.022760
v 16.669519 0.783335 2.019592
v 16.673668 0.786369 2.011600
v 16.721292 0.412462 1.894743
v 16.717422 0.409632 1.902196
v 16.709787 0.407011 1.897659
v 16.713968 0.410068 1.889608
v 16.801956 0.266007 1.880836
v 16.797955 0.263080 1.888546
v 16.791180 0.259186 1.883625
v 16.795238 0.262154 1.875809
v 16.747307 0.809452 1.864373
v 16.662111 0.814665 1.848819
v 16.580133 0.804140 1.875205
v 16.523338 0.780698 1.936460
v 16.506945 0.750619 2.016172
v 16.535345 0.721963 2.092981
v 16.600931 0.702408 2.146307
v 16.686127 0.697195 2.161861
v 16.768105 0.707720 2.135475
v 16.824900 0.731162 2.074220
v 16.841293 0.761242 1.994509
v 16.812891 0.789898 1.917699
v 16.725670 0.816219 1.914170
v 16.665466 0.819903 1.903179
v 16.607536 0.812466 1.921824
v 16.567402 0.795900 1.965110
v 16.555819 0.774644 2.021438
v 16.575888 0.754395 2.075716
v 16.622234 0.740577 2.113398
v 16.682436 0.736893 2.124389
v 16.740366 0.744330 2.105744
v 16.780500 0.760896 2.062458
v 16.792086 0.782151 2.006130
v 16.772017 0.802401 1.951853
v 16.705263 0.807958 1.955871
v 16.668756 0.810192 1.949206
v 16.633631 0.805682 1.960512
v 16.609293 0.795637 1.986760
v 16.602268 0.782748 2.020916
v 16.614439 0.770469 2.053828
v 16.642542 0.762090 2.076678
v 16.679049 0.759856 2.083343
v 16.714176 0.764366 2.072037
v 16.738512 0.774411 2.045789
v 16.745537 0.787300 2.011633
v 16.733366 0.799579 1.978721
v 16.689617 0.790333 1.983785
v 16.671377 0.791449 1.980455
v 16.653828 0.789196 1.986104
v 16.641668 0.784178 1.999218
v 16.638159 0.777738 2.016282
v 16.644239 0.771604 2.032726
v 16.658279 0.767417 2.044142
v 16.676519 0.766301 2.047472
v 16.694069 0.768554 2.041823
v 16.706228 0.773573 2.028709
v 16.709738 0.780012 2.011645
v 16.703657 0.786147 1.995201
v 16.685064 0.800230 1.997309
v 16.672010 0.801029 1.994926
v 16.659451 0.799417 1.998968
v 16.650749 0.795825 2.008354
v 16.648237 0.791216 2.020567
v 16.652588 0.786825 2.032335
v 16.662638 0.783830 2.040506
v 16.675690 0.783031 2.042889
v 16.688251 0.784643 2.038846
v 16.696953 0.788235 2.029461
v 16.699465 0.792844 2.017248
v 16.695112 0.797234 2.005479
v 17.011925 -0.045437 1.888335
v 16.995096 -0.047339 1.871820
v 17.009495 -0.060748 1.858691
v 17.026323 -0.058847 1.875206
v 17.179434 0.345551 1.669341
v 17.165874 0.344019 1.656034
v 17.177843 0.333911 1.644372
v 17.192028 0.335513 1.658292
v 17.391729 1.254918 1.348069
v 17.378424 1.253415 1.335011
v 17.391600 1.250868 1.320759
v 17.406015 1.252497 1.334908
v 17.379749 1.519800 1.329220
v 17.367002 1.518360 1.316710
v 17.379370 1.521045 1.302122
v 17.393782 1.522674 1.316265
v 17.307417 1.779850 1.374535
v 17.293133 1.778237 1.360518
v 17.306175 1.784311 1.346525
v 17.320463 1.785925 1.360546
v 17.358131 0.954565 1.416903
v 17.344805 0.953060 1.403825
v 17.357574 0.946572 1.390484
v 17.371969 0.948198 1.404611
v 17.269812 0.635527 1.544088
v 17.256027 0.633969 1.530561
v 17.268440 0.624556 1.518805
v 17.282415 0.626135 1.532519
v 17.571415 1.748853 1.603643
v 17.659840 1.764532 1.443751
v 17.657036 1.768381 1.260427
v 17.563759 1.759367 1.102794
v 17.405001 1.739907 1.013089
v 17.223299 1.715214 1.015348
v 17.067343 1.691904 1.108967
v 16.978918 1.676225 1.268859
v 16.981722 1.672377 1.452183
v 17.074999 1.681390 1.609816
v 17.233757 1.700851 1.699521
v 17.415459 1.725544 1.697262
v 17.490664 1.790761 1.532246
v 17.553148 1.801840 1.419258
v 17.551168 1.804560 1.289712
v 17.485254 1.798191 1.178321
v 17.373066 1.784439 1.114931
v 17.244667 1.766989 1.116528
v 17.134462 1.750518 1.182683
v 17.071978 1.739438 1.295671
v 17.073957 1.736719 1.425216
v 17.139872 1.743088 1.536608
v 17.252058 1.756840 1.599998
v 17.380457 1.774289 1.598401
v 17.418550 1.797664 1.463790
v 17.456438 1.804382 1.395276
v 17.455238 1.806031 1.316723
v 17.415268 1.802169 1.249178
v 17.347240 1.793830 1.210739
v 17.269382 1.783249 1.211707
v 17.202557 1.773262 1.251823
v 17.164667 1.766543 1.320336
v 17.165867 1.764894 1.398890
v 17.205837 1.768756 1.466435
v 17.273865 1.777095 1.504873
v 17.351723 1.787676 1.503905
v 17.366375 1.777803 1.410439
v 17.385305 1.781160 1.376209
v 17.384705 1.781984 1.336963
v 17.364735 1.780054 1.303217
v 17.330748 1.775888 1.284013
v 17.291849 1.770602 1.284496
v 17.258461 1.765612 1.304538
v 17.239532 1.762255 1.338768
v 17.240131 1.761431 1.378015
v 17.260101 1.763361 1.411761
v 17.294088 1.767527 1.430965
v 17.332987 1.772813 1.430482
v 17.347044 1.805497 1.396064
v 17.360592 1.807900 1.371566
v 17.360163 1.808490 1.343478
v 17.345871 1.807108 1.319326
v 17.321547 1.804127 1.305581
v 17.293707 1.800343 1.305928
v 17.269812 1.796772 1.320271
v 17.256264 1.794370 1.344770
v 17.256693 1.793780 1.372858
v 17.270985 1.795161 1.397010
v 17.295309 1.798143 1.410754
v 17.323149 1.801926 1.410408
v 17.001379 -0.045588 1.863989
v 17.022154 -0.051616 1.863466
v 17.020039 -0.060598 1.883037
v 16.999266 -0.054570 1.883559
v 17.117891 0.332112 2.051804
v 17.134632 0.327255 2.051383
v 17.133560 0.320686 2.067961
v 17.116051 0.325767 2.068402
v 17.368013 1.175807 2.255710
v 17.384438 1.171041 2.255296
v 17.385725 1.171361 2.273153
v 17.367928 1.176526 2.273601
v 17.434578 1.406976 2.220344
v 17.450314 1.402409 2.219948
v 17.453230 1.407168 2.236709
v 17.435440 1.412330 2.237156
v 17.493088 1.622038 2.106317
v 17.510721 1.616921 2.105873
v 17.513435 1.624851 2.122206
v 17.495798 1.629969 2.122649
v 17.288719 0.904351 2.235433
v 17.305168 0.899577 2.235020
v 17.305389 0.896344 2.252627
v 17.287619 0.901501 2.253074
v 17.199476 0.605633 2.145845
v 17.216494 0.600695 2.145417
v 17.215343 0.594839 2.162242
v 17.198093 0.599845 2.162676
v 17.176594 1.661852 2.142090
v 17.234180 1.691061 2.296906
v 17.359705 1.688252 2.408144
v 17.519529 1.654178 2.445995
v 17.670830 1.597969 2.400319
v 17.773066 1.534687 2.283355
v 17.798843 1.481287 2.126442
v 17.741255 1.452079 1.971625
v 17.615732 1.454888 1.860388
v 17.455908 1.488961 1.822536
v 17.304607 1.545170 1.868212
v 17.202370 1.608452 1.985177
v 17.280014 1.678338 2.127168
v 17.320707 1.698978 2.236569
v 17.409409 1.696993 2.315174
v 17.522348 1.672915 2.341922
v 17.629265 1.633195 2.309645
v 17.701511 1.588477 2.226992
v 17.719727 1.550742 2.116110
v 17.679031 1.530102 2.006709
v 17.590330 1.532087 1.928103
v 17.477390 1.556165 1.901355
v 17.370474 1.595885 1.933632
v 17.298229 1.640603 2.016285
v 17.370138 1.665899 2.121267
v 17.394814 1.678415 2.187606
v 17.448601 1.677211 2.235270
v 17.517084 1.662611 2.251490
v 17.581917 1.638525 2.231918
v 17.625725 1.611409 2.181799
v 17.636770 1.588528 2.114562
v 17.612093 1.576012 2.048224
v 17.558308 1.577215 2.000559
v 17.489822 1.591816 1.984340
v 17.424992 1.615901 2.003911
v 17.381184 1.643017 2.054031
v 17.433521 1.634781 2.123045
v 17.445850 1.641034 2.156189
v 17.472723 1.640433 2.180003
v 17.506939 1.633138 2.188106
v 17.539330 1.621105 2.178328
v 17.561216 1.607558 2.153288
v 17.566734 1.596125 2.119695
v 17.554405 1.589872 2.086552
v 17.527534 1.590474 2.062738
v 17.493319 1.597768 2.054635
v 17.460928 1.609802 2.064413
v 17.439041 1.623349 2.089453
v 17.459574 1.654445 2.115176
v 17.468397 1.658920 2.138896
v 17.487629 1.658489 2.155940
v 17.512117 1.653269 2.161739
v 17.535299 1.644657 2.154741
v 17.550962 1.634961 2.136820
v 17.554913 1.626779 2.112778
v 17.546089 1.622304 2.089058
v 17.526857 1.622735 2.072015
v 17.502369 1.627955 2.066215
v 17.479187 1.636567 2.073214
v 17.463522 1.646263 2.091134
v 17.021492 -0.049774 1.862230
v 17.021492 -0.049774 1.884795
v 16.999928 -0.056412 1.884795
v 16.999928 -0.056412 1.862230
v 16.885559 0.385873 1.864421
v 16.885559 0.385873 1.882603
v 16.867456 0.381490 1.883022
v 16.867456 0.381490 1.864003
v 16.804300 1.324376 1.864592
v 16.804300 1.324375 1.882433
v 16.785938 1.327691 1.883178
v 16.785938 1.327691 1.863847
v 16.876171 1.567544 1.864967
v 16.876171 1.567544 1.882059
v 16.859625 1.575569 1.883175
v 16.859625 1.575569 1.863851
v 17.026709 1.780854 1.863937
v 17.026709 1.780854 1.883089
v 17.011070 1.791899 1.883091
v 17.011070 1.791899 1.863934
v 16.783678 1.029419 1.864578
v 16.783678 1.029419 1.882447
v 16.765030 1.028868 1.883163
v 16.765030 1.028868 1.863862
v 16.830389 0.694379 1.864271
v 16.830389 0.694379 1.882754
v 16.812136 0.690716 1.882881
v 16.812136 0.690716 1.864144
v 16.974466 1.696953 1.540846
v 16.819979 1.765398 1.586121
v 16.706886 1.815503 1.709816
v 16.665491 1.833843 1.878786
v 16.706886 1.815503 2.047757
v 16.819979 1.765398 2.171452
v 16.974466 1.696953 2.216727
v 17.128954 1.628508 2.171452
v 17.242046 1.578403 2.047757
v 17.283440 1.560063 1.878787
v 17.242046 1.578403 1.709816
v 17.128954 1.628508 1.586121
v 16.999176 1.752962 1.637959
v 16.890009 1.801328 1.669953
v 16.810093 1.836735 1.757361
v 16.780840 1.849695 1.876764
v 16.810093 1.836735 1.996167
v 16.890009 1.801328 2.083576
v 16.999176 1.752962 2.115570
v 17.108345 1.704595 2.083576
v 17.188261 1.669188 1.996167
v 17.217514 1.656228 1.876764
v 17.188261 1.669188 1.757362
v 17.108345 1.704595 1.669953
v 17.012228 1.782754 1.729079
v 16.946032 1.812083 1.748480
v 16.897572 1.833552 1.801483
v 16.879833 1.841411 1.873886
v 16.897572 1.833553 1.946289
v 16.946032 1.812083 1.999292
v 17.012228 1.782754 2.018692
v 17.078426 1.753426 1.999292
v 17.126884 1.731956 1.946289
v 17.144623 1.724097 1.873886
v 17.126884 1.731956 1.801483
v 17.078426 1.753426 1.748480
v 17.010088 1.778071 1.800262
v 16.977015 1.792724 1.809955
v 16.952805 1.803450 1.836436
v 16.943943 1.807377 1.872609
v 16.952805 1.803451 1.908783
v 16.977015 1.792724 1.935263
v 17.010088 1.778071 1.944956
v 17.043161 1.763418 1.935264
v 17.067371 1.752691 1.908783
v 17.076233 1.748765 1.872609
v 17.067371 1.752692 1.836436
v 17.043161 1.763418 1.809955
v 17.021793 1.804500 1.820741
v 16.998123 1.814986 1.827678
v 16.980795 1.822664 1.846630
v 16.974453 1.825473 1.872519
v 16.980795 1.822664 1.898408
v 16.998123 1.814986 1.917360
v 17.021793 1.804500 1.924297
v 17.045462 1.794013 1.917360
v 17.062790 1.786336 1.898408
v 17.069132 1.783526 1.872519
v 17.062790 1.786336 1.846630
v 17.045462 1.794013 1.827678
vt 0.232877 0.112725
vt 0.023539 0.112724
vt 0.023539 0.004769
vt 0.232877 0.004769
vt 0.232877 0.652500
vt 0.023539 0.652500
vt 0.023539 0.544545
vt 0.232877 0.544544
vt 0.023539 0.436590
vt 0.232877 0.436590
vt 0.023539 0.328634
vt 0.232877 0.328635
vt 0.023539 0.220679
vt 0.232877 0.220680
vt 0.232877 0.112725
vt 0.023539 0.112724
vt 0.023539 0.004769
vt 0.232877 0.004769
vt 0.232877 0.652500
vt 0.023539 0.652500
vt 0.023539 0.544545
vt 0.232877 0.544544
vt 0.023539 0.436590
vt 0.232877 0.436590
vt 0.023539 0.328634
vt 0.232877 0.328635
vt 0.023539 0.220679
vt 0.232877 0.220680
vt 0.232877 0.112725
vt 0.023539 0.112724
vt 0.023539 0.004769
vt 0.232877 0.004769
vt 0.232877 0.652500
vt 0.023539 0.652500
vt 0.023539 0.544545
vt 0.232877 0.544544
vt 0.023539 0.436590
vt 0.232877 0.436590
vt 0.023539 0.328634
vt 0.232877 0.328635
vt 0.023539 0.220679
vt 0.232877 0.220680
vt 0.232877 0.112725
vt 0.023539 0.112724
vt 0.023539 0.004769
vt 0.232877 0.004769
vt 0.232877 0.652500
vt 0.023539 0.652500
vt 0.023539 0.544545
vt 0.232877 0.544544
vt 0.023539 0.436590
vt 0.232877 0.436590
vt 0.023539 0.328634
vt 0.232877 0.328635
vt 0.023539 0.220679
vt 0.232877 0.220680
vt 0.232877 0.112725
vt 0.023539 0.112724
vt 0.023539 0.004769
vt 0.232877 0.004769
vt 0.232877 0.652500
vt 0.023539 0.652500
vt 0.023539 0.544545
vt 0.232877 0.544544
vt 0.023539 0.436590
vt 0.232877 0.436590
vt 0.023539 0.328634
vt 0.232877 0.328635
vt 0.023539 0.220679
vt 0.232877 0.220680
vt 0.232877 0.112725
vt 0.023539 0.112724
vt 0.023539 0.004769
vt 0.232877 0.004769
vt 0.232877 0.652500
vt 0.023539 0.652500
vt 0.023539 0.544545
vt 0.232877 0.544544
vt 0.023539 0.436590
vt 0.232877 0.436590
vt 0.023539 0.328634
vt 0.232877 0.328635
vt 0.023539 0.220679
vt 0.232877 0.220680
vt 0.232877 0.112725
vt 0.023539 0.112724
vt 0.023539 0.004769
vt 0.232877 0.004769
vt 0.232877 0.652500
vt 0.023539 0.652500
vt 0.023539 0.544545
vt 0.232877 0.544544
vt 0.023539 0.436590
vt 0.232877 0.436590
vt 0.023539 0.328634
vt 0.232877 0.328635
vt 0.023539 0.220679
vt 0.232877 0.220680
vt 0.232877 0.112725
vt 0.023539 0.112724
vt 0.023539 0.004769
vt 0.232877 0.004769
vt 0.232877 0.652500
vt 0.023539 0.652500
vt 0.023539 0.544545
vt 0.232877 0.544544
vt 0.023539 0.436590
vt 0.232877 0.436590
vt 0.023539 0.328634
vt 0.232877 0.328635
vt 0.023539 0.220679
vt 0.232877 0.220680
vt 0.232877 0.112725
vt 0.023539 0.112724
vt 0.023539 0.004769
vt 0.232877 0.004769
vt 0.232877 0.652500
vt 0.023539 0.652500
vt 0.023539 0.544545
vt 0.232877 0.544544
vt 0.023539 0.436590
vt 0.232877 0.436590
vt 0.023539 0.328634
vt 0.232877 0.328635
vt 0.023539 0.220679
vt 0.232877 0.220680
vt 0.232877 0.112725
vt 0.023539 0.112724
vt 0.023539 0.004769
vt 0.232877 0.004769
vt 0.232877 0.652500
vt 0.023539 0.652500
vt 0.023539 0.544545
vt 0.232877 0.544544
vt 0.023539 0.436590
vt 0.232877 0.436590
vt 0.023539 0.328634
vt 0.232877 0.328635
vt 0.023539 0.220679
vt 0.232877 0.220680
vt 0.232877 0.112725
vt 0.023539 0.112724
vt 0.023539 0.004769
vt 0.232877 0.004769
vt 0.232877 0.652500
vt 0.023539 0.652500
vt 0.023539 0.544545
vt 0.232877 0.544544
vt 0.023539 0.436590
vt 0.232877 0.436590
vt 0.023539 0.328634
vt 0.232877 0.328635
vt 0.023539 0.220679
vt 0.232877 0.220680
vt 0.232877 0.112725
vt 0.023539 0.112724
vt 0.023539 0.004769
vt 0.232877 0.004769
vt 0.232877 0.652500
vt 0.023539 0.652500
vt 0.023539 0.544545
vt 0.232877 0.544544
vt 0.023539 0.436590
vt 0.232877 0.436590
vt 0.023539 0.328634
vt 0.232877 0.328635
vt 0.023539 0.220679
vt 0.232877 0.220680
vt 0.232877 0.112725
vt 0.023539 0.112724
vt 0.023539 0.004769
vt 0.232877 0.004769
vt 0.232877 0.652500
vt 0.023539 0.652500
vt 0.023539 0.544545
vt 0.232877 0.544544
vt 0.023539 0.436590
vt 0.232877 0.436590
vt 0.023539 0.328634
vt 0.232877 0.328635
vt 0.023539 0.220679
vt 0.232877 0.220680
vt 0.313973 0.863991
vt 0.273078 0.852883
vt 0.272981 0.794954
vt 0.310318 0.786209
vt 0.204757 0.674941
vt 0.193639 0.715871
vt 0.135678 0.715972
vt 0.124846 0.674989
vt 0.055784 0.933205
vt 0.085881 0.903314
vt 0.136154 0.932230
vt 0.125036 0.973161
vt 0.014254 0.784111
vt 0.056715 0.795218
vt 0.056813 0.853148
vt 0.015820 0.863982
vt 0.274080 0.933144
vt 0.244220 0.903080
vt 0.274009 0.714897
vt 0.243912 0.744788
vt 0.055713 0.714957
vt 0.085574 0.745022
vt 0.204947 0.973112
vt 0.194116 0.932130
vt 0.117258 0.776699
vt 0.100000 0.806795
vt 0.182514 0.888836
vt 0.212535 0.871402
vt 0.229692 0.806589
vt 0.212226 0.776518
vt 0.147280 0.759266
vt 0.147746 0.888913
vt 0.100101 0.841512
vt 0.117567 0.871583
vt 0.229793 0.841307
vt 0.182047 0.759189
vt 0.188525 0.800741
vt 0.173574 0.792038
vt 0.141341 0.800444
vt 0.132726 0.815260
vt 0.173505 0.856175
vt 0.188452 0.847658
vt 0.197108 0.815689
vt 0.156288 0.791927
vt 0.156219 0.856064
vt 0.132685 0.832413
vt 0.141269 0.847360
vt 0.197067 0.832842
vt 0.178074 0.810799
vt 0.169448 0.806002
vt 0.151138 0.810968
vt 0.146454 0.819388
vt 0.170223 0.842059
vt 0.178655 0.837134
vt 0.183143 0.819112
vt 0.159570 0.806042
vt 0.160346 0.842100
vt 0.146651 0.828990
vt 0.151719 0.837303
vt 0.183339 0.828713
vt 0.313973 0.863991
vt 0.273078 0.852883
vt 0.272981 0.794954
vt 0.310318 0.786209
vt 0.204757 0.674941
vt 0.193639 0.715871
vt 0.135678 0.715972
vt 0.124846 0.674989
vt 0.055784 0.933205
vt 0.085881 0.903314
vt 0.136154 0.932230
vt 0.125036 0.973161
vt 0.014254 0.784111
vt 0.056715 0.795218
vt 0.056813 0.853148
vt 0.015820 0.863982
vt 0.274080 0.933144
vt 0.244220 0.903080
vt 0.274009 0.714897
vt 0.243912 0.744788
vt 0.055713 0.714957
vt 0.085574 0.745022
vt 0.204947 0.973112
vt 0.194116 0.932130
vt 0.117258 0.776699
vt 0.100000 0.806795
vt 0.182514 0.888836
vt 0.212535 0.871402
vt 0.229692 0.806589
vt 0.212226 0.776518
vt 0.147280 0.759266
vt 0.147746 0.888913
vt 0.100101 0.841512
vt 0.117567 0.871583
vt 0.229793 0.841307
vt 0.182047 0.759189
vt 0.188525 0.800741
vt 0.173574 0.792038
vt 0.141341 0.800444
vt 0.132726 0.815260
vt 0.173505 0.856175
vt 0.188452 0.847658
vt 0.197108 0.815689
vt 0.156288 0.791927
vt 0.156219 0.856064
vt 0.132685 0.832413
vt 0.141269 0.847360
vt 0.197067 0.832842
vt 0.178074 0.810799
vt 0.169448 0.806002
vt 0.151138 0.810968
vt 0.146454 0.819388
vt 0.170223 0.842059
vt 0.178655 0.837134
vt 0.183143 0.819112
vt 0.159570 0.806042
vt 0.160346 0.842100
vt 0.146651 0.828990
vt 0.151719 0.837303
vt 0.183339 0.828713
vt 0.313973 0.863991
vt 0.273078 0.852883
vt 0.272981 0.794954
vt 0.310318 0.786209
vt 0.204757 0.674941
vt 0.193639 0.715871
vt 0.135678 0.715972
vt 0.124846 0.674989
vt 0.055784 0.933205
vt 0.085881 0.903314
vt 0.136154 0.932230
vt 0.125036 0.973161
vt 0.014254 0.784111
vt 0.056715 0.795218
vt 0.056813 0.853148
vt 0.015820 0.863982
vt 0.274080 0.933144
vt 0.244220 0.903080
vt 0.274009 0.714897
vt 0.243912 0.744788
vt 0.055713 0.714957
vt 0.085574 0.745022
vt 0.204947 0.973112
vt 0.194116 0.932130
vt 0.117258 0.776699
vt 0.100000 0.806795
vt 0.182514 0.888836
vt 0.212535 0.871402
vt 0.229692 0.806589
vt 0.212226 0.776518
vt 0.147280 0.759266
vt 0.147746 0.888913
vt 0.100101 0.841512
vt 0.117567 0.871583
vt 0.229793 0.841307
vt 0.182047 0.759189
vt 0.188525 0.800741
vt 0.173574 0.792038
vt 0.141341 0.800444
vt 0.132726 0.815260
vt 0.173505 0.856175
vt 0.188452 0.847658
vt 0.197108 0.815689
vt 0.156288 0.791927
vt 0.156219 0.856064
vt 0.132685 0.832413
vt 0.141269 0.847360
vt 0.197067 0.832842
vt 0.178074 0.810799
vt 0.169448 0.806002
vt 0.151138 0.810968
vt 0.146454 0.819388
vt 0.170223 0.842059
vt 0.178655 0.837134
vt 0.183143 0.819112
vt 0.159570 0.806042
vt 0.160346 0.842100
vt 0.146651 0.828990
vt 0.151719 0.837303
vt 0.183339 0.828713
vt 0.313973 0.863991
vt 0.273078 0.852883
vt 0.272981 0.794954
vt 0.310318 0.786209
vt 0.204757 0.674941
vt 0.193639 0.715871
vt 0.135678 0.715972
vt 0.124846 0.674989
vt 0.055784 0.933205
vt 0.085881 0.903314
vt 0.136154 0.932230
vt 0.125036 0.973161
vt 0.014254 0.784111
vt 0.056715 0.795218
vt 0.056813 0.853148
vt 0.015820 0.863982
vt 0.274080 0.933144
vt 0.244220 0.903080
vt 0.274009 0.714897
vt 0.243912 0.744788
vt 0.055713 0.714957
vt 0.085574 0.745022
vt 0.204947 0.973112
vt 0.194116 0.932130
vt 0.117258 0.776699
vt 0.100000 0.806795
vt 0.182514 0.888836
vt 0.212535 0.871402
vt 0.229692 0.806589
vt 0.212226 0.776518
vt 0.147280 0.759266
vt 0.147746 0.888913
vt 0.100101 0.841512
vt 0.117567 0.871583
vt 0.229793 0.841307
vt 0.182047 0.759189
vt 0.188525 0.800741
vt 0.173574 0.792038
vt 0.141341 0.800444
vt 0.132726 0.815260
vt 0.173505 0.856175
vt 0.188452 0.847658
vt 0.197108 0.815689
vt 0.156288 0.791927
vt 0.156219 0.856064
vt 0.132685 0.832413
vt 0.141269 0.847360
vt 0.197067 0.832842
vt 0.178074 0.810799
vt 0.169448 0.806002
vt 0.151138 0.810968
vt 0.146454 0.819388
vt 0.170223 0.842059
vt 0.178655 0.837134
vt 0.183143 0.819112
vt 0.159570 0.806042
vt 0.160346 0.842100
vt 0.146651 0.828990
vt 0.151719 0.837303
vt 0.183339 0.828713
vt 0.313973 0.863991
vt 0.273078 0.852883
vt 0.272981 0.794954
vt 0.310318 0.786209
vt 0.204757 0.674941
vt 0.193639 0.715871
vt 0.135678 0.715972
vt 0.124846 0.674989
vt 0.055784 0.933205
vt 0.085881 0.903314
vt 0.136154 0.932230
vt 0.125036 0.973161
vt 0.014254 0.784111
vt 0.056715 0.795218
vt 0.056813 0.853148
vt 0.015820 0.863982
vt 0.274080 0.933144
vt 0.244220 0.903080
vt 0.274009 0.714897
vt 0.243912 0.744788
vt 0.055713 0.714957
vt 0.085574 0.745022
vt 0.204947 0.973112
vt 0.194116 0.932130
vt 0.117258 0.776699
vt 0.100000 0.806795
vt 0.182514 0.888836
vt 0.212535 0.871402
vt 0.229692 0.806589
vt 0.212226 0.776518
vt 0.147280 0.759266
vt 0.147746 0.888913
vt 0.100101 0.841512
vt 0.117567 0.871583
vt 0.229793 0.841307
vt 0.182047 0.759189
vt 0.188525 0.800741
vt 0.173574 0.792038
vt 0.141341 0.800444
vt 0.132726 0.815260
vt 0.173505 0.856175
vt 0.188452 0.847658
vt 0.197108 0.815689
vt 0.156288 0.791927
vt 0.156219 0.856064
vt 0.132685 0.832413
vt 0.141269 0.847360
vt 0.197067 0.832842
vt 0.178074 0.810799
vt 0.169448 0.806002
vt 0.151138 0.810968
vt 0.146454 0.819388
vt 0.170223 0.842059
vt 0.178655 0.837134
vt 0.183143 0.819112
vt 0.159570 0.806042
vt 0.160346 0.842100
vt 0.146651 0.828990
vt 0.151719 0.837303
vt 0.183339 0.828713
vt 0.313973 0.863991
vt 0.273078 0.852883
vt 0.272981 0.794954
vt 0.310318 0.786209
vt 0.204757 0.674941
vt 0.193639 0.715871
vt 0.135678 0.715972
vt 0.124846 0.674989
vt 0.055784 0.933205
vt 0.085881 0.903314
vt 0.136154 0.932230
vt 0.125036 0.973161
vt 0.014254 0.784111
vt 0.056715 0.795218
vt 0.056813 0.853148
vt 0.015820 0.863982
vt 0.274080 0.933144
vt 0.244220 0.903080
vt 0.274009 0.714897
vt 0.243912 0.744788
vt 0.055713 0.714957
vt 0.085574 0.745022
vt 0.204947 0.973112
vt 0.194116 0.932130
vt 0.117258 0.776699
vt 0.100000 0.806795
vt 0.182514 0.888836
vt 0.212535 0.871402
vt 0.229692 0.806589
vt 0.212226 0.776518
vt 0.147280 0.759266
vt 0.147746 0.888913
vt 0.100101 0.841512
vt 0.117567 0.871583
vt 0.229793 0.841307
vt 0.182047 0.759189
vt 0.188525 0.800741
vt 0.173574 0.792038
vt 0.141341 0.800444
vt 0.132726 0.815260
vt 0.173505 0.856175
vt 0.188452 0.847658
vt 0.197108 0.815689
vt 0.156288 0.791927
vt 0.156219 0.856064
vt 0.132685 0.832413
vt 0.141269 0.847360
vt 0.197067 0.832842
vt 0.178074 0.810799
vt 0.169448 0.806002
vt 0.151138 0.810968
vt 0.146454 0.819388
vt 0.170223 0.842059
vt 0.178655 0.837134
vt 0.183143 0.819112
vt 0.159570 0.806042
vt 0.160346 0.842100
vt 0.146651 0.828990
vt 0.151719 0.837303
vt 0.183339 0.828713
vt 0.000000 0.000000
vt 0.000000 0.000000
vt 0.000000 0.000000
vt 0.000000 0.000000
vt 0.000000 0.000000
vt 0.000000 0.000000
vt 0.000000 0.000000
vt 0.000000 0.000000
vt 0.000000 0.000000
vt 0.000000 0.000000
vt 0.000000 0.000000
vt 0.000000 0.000000
vt 0.000000 0.000000
vt 0.000000 0.000000
vt 0.000000 0.000000
vt 0.000000 0.000000
vt 0.000000 0.000000
vt 0.000000 0.000000
vt 0.000000 0.000000
vt 0.000000 0.000000
vt 0.000000 0.000000
vt 0.000000 0.000000
vt 0.000000 0.000000
vt 0.000000 0.000000
vt 0.000000 0.000000
vt 0.000000 0.000000
vt 0.000000 0.000000
vt 0.000000 0.000000
vt 0.000000 0.000000
vt 0.000000 0.000000
vt 0.000000 0.000000
vt 0.000000 0.000000
vt 0.000000 0.000000
vt 0.000000 0.000000
vt 0.000000 0.000000
vt 0.000000 0.000000
vt 0.000000 0.000000
vt 0.000000 0.000000
vt 0.000000 0.000000
vt 0.000000 0.000000
vt 0.000000 0.000000
vt 0.000000 0.000000
vt 0.000000 0.000000
vt 0.000000 0.000000
vt 0.000000 0.000000
vt 0.000000 0.000000
vt 0.000000 0.000000
vt 0.000000 0.000000
vt 0.000000 0.000000
vt 0.000000 0.000000
vt 0.000000 0.000000
vt 0.000000 0.000000
vt 0.000000 0.000000
vt 0.000000 0.000000
vt 0.000000 0.000000
vt 0.000000 0.000000
vt 0.000000 0.000000
vt 0.000000 0.000000
vt 0.000000 0.000000
vt 0.000000 0.000000
vt 0.000000 0.000000
vt 0.000000 0.000000
vt 0.000000 0.000000
vt 0.000000 0.000000
vt 0.000000 0.000000
vt 0.000000 0.000000
vt 0.000000 0.000000
vt 0.000000 0.000000
vt 0.000000 0.000000
vt 0.000000 0.000000
vt 0.000000 0.000000
vt 0.000000 0.000000
vt 0.000000 0.000000
vt 0.000000 0.000000
vt 0.000000 0.000000
vt 0.000000 0.000000
vt 0.000000 0.000000
vt 0.000000 0.000000
vt 0.000000 0.000000
vt 0.000000 0.000000
vt 0.000000 0.000000
vt 0.000000 0.000000
vt 0.000000 0.000000
vt 0.000000 0.000000
vt 0.000000 0.000000
vt 0.000000 0.000000
vt 0.000000 0.000000
vt 0.000000 0.000000
vt 0.000000 0.000000
vt 0.000000 0.000000
vt 0.000000 0.000000
vt 0.000000 0.000000
vt 0.000000 0.000000
vt 0.000000 0.000000
vt 0.000000 0.000000
vt 0.000000 0.000000
vt 0.000000 0.000000
vt 0.000000 0.000000
vt 0.000000 0.000000
vt 0.000000 0.000000
vt 0.000000 0.000000
vt 0.000000 0.000000
vt 0.000000 0.000000
vt 0.000000 0.000000
vt 0.000000 0.000000
vt 0.000000 0.000000
vt 0.000000 0.000000
vt 0.000000 0.000000
vt 0.000000 0.000000
vt 0.000000 0.000000
vt 0.000000 0.000000
vt 0.000000 0.000000
vt 0.000000 0.000000
vt 0.000000 0.000000
vt 0.000000 0.000000
vt 0.000000 0.000000
vt 0.000000 0.000000
vt 0.000000 0.000000
vt 0.000000 0.000000
vt 0.000000 0.000000
vt 0.000000 0.000000
vt 0.000000 0.000000
vt 0.000000 0.000000
vt 0.000000 0.000000
vt 0.000000 0.000000
vt 0.000000 0.000000
vt 0.000000 0.000000
vt 0.000000 0.000000
vt 0.000000 0.000000
vt 0.000000 0.000000
vt 0.000000 0.000000
vt 0.000000 0.000000
vt 0.000000 0.000000
vt 0.000000 0.000000
vt 0.000000 0.000000
vt 0.000000 0.000000
vt 0.000000 0.000000
vt 0.000000 0.000000
vt 0.000000 0.000000
vt 0.000000 0.000000
vt 0.000000 0.000000
vt 0.000000 0.000000
vt 0.000000 0.000000
vt 0.000000 0.000000
vt 0.000000 0.000000
vt 0.000000 0.000000
vt 0.000000 0.000000
vt 0.000000 0.000000
vt 0.000000 0.000000
vt 0.000000 0.000000
vt 0.000000 0.000000
vt 0.000000 0.000000
vt 0.000000 0.000000
vt 0.000000 0.000000
vt 0.000000 0.000000
vt 0.000000 0.000000
vt 0.000000 0.000000
vt 0.000000 0.000000
vt 0.000000 0.000000
vt 0.000000 0.000000
vt 0.000000 0.000000
vt 0.000000 0.000000
vt 0.000000 0.000000
vt 0.000000 0.000000
vt 0.000000 0.000000
vt 0.000000 0.000000
vt 0.000000 0.000000
vt 0.000000 0.000000
vn 0.1887 0.9510 -0.2450
vn 0.1891 0.9507 -0.2455
vn 0.1360 0.9755 -0.1730
vn -0.0494 0.9956 0.0793
vn 0.0584 0.9960 -0.0672
vn 0.0567 0.9962 -0.0650
vn 0.2269 0.9275 -0.2971
vn 0.3173 0.8498 -0.4210
vn 0.3178 0.8492 -0.4216
vn 0.2951 0.8720 -0.3905
vn 0.2941 0.8729 -0.3892
vn 0.4090 0.8754 -0.2576
vn 0.4096 0.8750 -0.2579
vn 0.3308 0.9155 -0.2290
vn 0.0472 0.9918 -0.1184
vn 0.2135 0.9593 -0.1845
vn 0.2110 0.9601 -0.1835
vn 0.4650 0.8407 -0.2775
vn 0.5948 0.7369 -0.3213
vn 0.5954 0.7362 -0.3215
vn 0.5633 0.7655 -0.3110
vn 0.5619 0.7667 -0.3106
vn 0.2904 0.7691 -0.5693
vn 0.2908 0.7687 -0.5697
vn 0.2380 0.8231 -0.5155
vn 0.0473 0.9521 -0.3022
vn 0.1594 0.8884 -0.4306
vn 0.1577 0.8896 -0.4287
vn 0.3277 0.7247 -0.6061
vn 0.4140 0.5989 -0.6855
vn 0.4144 0.5982 -0.6858
vn 0.3931 0.6327 -0.6671
vn 0.3922 0.6342 -0.6663
vn -0.6465 0.7590 -0.0768
vn -0.6478 0.7578 -0.0770
vn -0.5664 0.8215 -0.0659
vn 0.3322 0.9408 0.0676
vn 0.1920 0.9801 0.0499
vn 0.1930 0.9799 0.0500
vn -0.1680 0.9858 0.0010
vn -0.1714 0.9852 0.0005
vn -0.5768 0.8147 -0.0595
vn -0.5841 0.8094 -0.0607
vn -0.7360 0.6713 -0.0872
vn -0.7354 0.6720 -0.0872
vn -0.1093 0.9641 -0.2418
vn -0.1092 0.9640 -0.2425
vn -0.1196 0.9812 -0.1515
vn -0.1465 0.9760 0.1611
vn -0.1326 0.9910 -0.0196
vn -0.1328 0.9910 -0.0168
vn -0.1010 0.9461 -0.3076
vn -0.1010 0.9461 -0.3077
vn -0.0783 0.8816 -0.4653
vn -0.0782 0.8812 -0.4662
vn -0.0844 0.9006 -0.4263
vn -0.0846 0.9014 -0.4247
vn -0.3962 0.8948 0.2055
vn -0.3968 0.8945 0.2059
vn -0.3222 0.9322 0.1645
vn -0.0536 0.9984 0.0163
vn -0.2113 0.9720 0.1031
vn -0.2089 0.9726 0.1018
vn -0.4490 0.8621 0.2349
vn -0.4490 0.8621 0.2350
vn -0.5713 0.7626 0.3034
vn -0.5720 0.7620 0.3037
vn -0.5417 0.7901 0.2867
vn -0.5404 0.7913 0.2860
vn 0.4394 0.8631 0.2490
vn 0.4407 0.8621 0.2499
vn 0.3383 0.9240 0.1782
vn -0.4393 0.8198 -0.3672
vn -0.3172 0.9046 -0.2846
vn -0.3215 0.9022 -0.2876
vn 0.0249 0.9985 -0.0488
vn 0.0204 0.9984 -0.0519
vn 0.4239 0.8743 0.2363
vn 0.4271 0.8721 0.2387
vn 0.5625 0.7542 0.3387
vn 0.5615 0.7552 0.3380
vn -0.2787 0.8936 0.3517
vn -0.2792 0.8933 0.3522
vn -0.2190 0.9311 0.2918
vn -0.0048 0.9973 0.0722
vn -0.1300 0.9708 0.2015
vn -0.1281 0.9715 0.1995
vn -0.3216 0.8609 0.3943
vn -0.3216 0.8608 0.3943
vn -0.4218 0.7613 0.4924
vn -0.4223 0.7607 0.4928
vn -0.3974 0.7889 0.4687
vn -0.3963 0.7901 0.4676
vn -0.2290 0.9547 -0.1899
vn -0.2296 0.9545 -0.1903
vn -0.1591 0.9781 -0.1341
vn 0.0858 0.9944 0.0615
vn -0.0563 0.9970 -0.0521
vn -0.0541 0.9973 -0.0504
vn -0.2798 0.9320 -0.2303
vn -0.4006 0.8562 -0.3263
vn -0.4012 0.8557 -0.3268
vn -0.3709 0.8780 -0.3027
vn -0.3696 0.8789 -0.3016
vn 0.2980 0.9500 -0.0930
vn 0.2987 0.9498 -0.0932
vn 0.2132 0.9748 -0.0657
vn -0.0848 0.9959 0.0301
vn 0.0883 0.9958 -0.0255
vn 0.0857 0.9960 -0.0247
vn 0.3595 0.9263 -0.1128
vn 0.5051 0.8481 -0.1599
vn 0.5059 0.8476 -0.1601
vn 0.4693 0.8704 -0.1483
vn 0.4678 0.8714 -0.1478
vn -0.0797 0.8361 -0.5427
vn -0.0802 0.8351 -0.5441
vn -0.0522 0.8871 -0.4585
vn 0.1762 0.8860 0.4288
vn 0.1448 0.9436 0.2976
vn 0.1450 0.9433 0.2985
vn 0.0555 0.9972 -0.0505
vn 0.0546 0.9970 -0.0539
vn -0.0627 0.8824 -0.4664
vn -0.0651 0.8781 -0.4740
vn -0.1143 0.7616 -0.6378
vn -0.1140 0.7621 -0.6373
vn -0.2956 0.9553 0.0042
vn -0.2963 0.9551 0.0042
vn -0.2060 0.9785 0.0029
vn 0.1073 0.9942 -0.0013
vn -0.0745 0.9972 0.0011
vn -0.0717 0.9974 0.0011
vn -0.3605 0.9327 0.0050
vn -0.5149 0.8572 0.0071
vn -0.5157 0.8567 0.0071
vn -0.4769 0.8789 0.0066
vn -0.4752 0.8798 0.0066
vn 0.0085 0.9526 0.3041
vn 0.0085 0.9524 0.3048
vn 0.0087 0.9766 0.2148
vn 0.0089 0.9951 -0.0985
vn 0.0089 0.9965 0.0834
vn 0.0089 0.9967 0.0807
vn 0.0083 0.9294 0.3689
vn 0.0076 0.8525 0.5226
vn 0.0076 0.8520 0.5234
vn 0.0078 0.8746 0.4848
vn 0.0078 0.8755 0.4831
vn 0.8080 0.5842 -0.0755
vn 0.6687 0.7403 -0.0690
vn 0.6328 0.7609 0.1432
vn 0.7515 0.6209 0.2230
vn 0.3088 0.7772 0.5482
vn 0.3177 0.8688 0.3798
vn 0.1187 0.9290 0.3505
vn 0.0312 0.8599 0.5095
vn -0.1332 0.8425 -0.5220
vn 0.0175 0.9273 -0.3738
vn 0.2171 0.8618 -0.4585
vn 0.1582 0.7447 -0.6483
vn -0.3312 0.9418 0.0580
vn -0.1300 0.9912 0.0246
vn -0.1093 0.9748 -0.1946
vn -0.3112 0.9148 -0.2575
vn 0.7106 0.5941 -0.3769
vn 0.5967 0.7530 -0.2772
vn 0.5685 0.6912 0.4461
vn 0.5041 0.8079 0.3052
vn -0.2020 0.9202 0.3352
vn -0.0448 0.9738 0.2228
vn 0.4725 0.6524 -0.5925
vn 0.4312 0.7974 -0.4221
vn 0.2884 0.9574 -0.0112
vn 0.2861 0.9580 -0.0172
vn 0.3026 0.9526 -0.0300
vn 0.3074 0.9512 -0.0260
vn 0.3088 0.9510 -0.0136
vn 0.3050 0.9523 -0.0086
vn 0.2932 0.9560 -0.0072
vn 0.2965 0.9545 -0.0310
vn 0.2870 0.9576 -0.0236
vn 0.2908 0.9563 -0.0286
vn 0.3097 0.9506 -0.0200
vn 0.2993 0.9541 -0.0062
vn 0.4510 0.8659 0.2162
vn 0.3175 0.9087 0.2711
vn 0.0626 0.9860 0.1546
vn 0.0094 0.9998 0.0145
vn 0.3948 0.8737 -0.2841
vn 0.5075 0.8404 -0.1902
vn 0.5400 0.8359 0.0986
vn 0.1754 0.9526 0.2485
vn 0.2526 0.9177 -0.3067
vn 0.0301 0.9905 -0.1343
vn 0.1191 0.9604 -0.2518
vn 0.5607 0.8265 -0.0501
vn 0.5473 0.7381 0.3945
vn 0.3132 0.8130 0.4908
vn -0.1341 0.9486 0.2865
vn -0.2273 0.9730 0.0407
vn 0.4487 0.7517 -0.4833
vn 0.6466 0.6931 -0.3185
vn 0.7035 0.6853 0.1883
vn 0.0638 0.8901 0.4512
vn 0.1993 0.8288 -0.5228
vn -0.1910 0.9565 -0.2203
vn -0.0348 0.9037 -0.4266
vn 0.7398 0.6688 -0.0727
vn -0.2729 0.6005 0.7516
vn -0.2243 0.7517 0.6202
vn -0.4003 0.7684 0.4993
vn -0.5236 0.6268 0.5770
vn -0.6264 0.7791 0.0241
vn -0.4756 0.8727 0.1101
vn -0.3583 0.9320 -0.0540
vn -0.4595 0.8637 -0.2069
vn 0.4912 0.8627 0.1204
vn 0.3103 0.9335 0.1795
vn 0.2991 0.8733 0.3846
vn 0.4777 0.7750 0.4136
vn 0.1002 0.9479 -0.3024
vn 0.0378 0.9919 -0.1207
vn 0.2141 0.9768 -0.0052
vn 0.3514 0.9255 -0.1409
vn 0.0338 0.6222 0.7821
vn -0.0107 0.7677 0.6407
vn -0.6513 0.6925 0.3100
vn -0.4916 0.8129 0.3122
vn -0.1951 0.9251 -0.3257
vn -0.1710 0.9755 -0.1382
vn 0.3103 0.6865 0.6576
vn 0.1815 0.8123 0.5542
vn -0.1040 0.9609 0.2564
vn -0.0977 0.9615 0.2570
vn -0.0934 0.9562 0.2774
vn -0.0992 0.9548 0.2800
vn -0.1109 0.9547 0.2759
vn -0.1138 0.9560 0.2702
vn -0.1098 0.9596 0.2590
vn -0.0899 0.9579 0.2724
vn -0.0923 0.9610 0.2606
vn -0.0895 0.9597 0.2662
vn -0.1056 0.9543 0.2795
vn -0.1133 0.9578 0.2640
vn -0.3809 0.8734 0.3035
vn -0.3711 0.9148 0.1591
vn -0.1537 0.9879 -0.0195
vn -0.0043 1.0000 -0.0059
vn 0.0934 0.8764 0.4724
vn -0.0408 0.8452 0.5328
vn -0.3147 0.8435 0.4353
vn -0.2880 0.9568 0.0409
vn 0.1766 0.9183 0.3542
vn 0.1202 0.9897 0.0780
vn 0.1864 0.9598 0.2098
vn -0.1902 0.8332 0.5192
vn -0.5851 0.7482 0.3129
vn -0.5679 0.8209 0.0596
vn -0.1865 0.9491 -0.2537
vn 0.0756 0.9702 -0.2299
vn 0.2472 0.7535 0.6092
vn 0.0116 0.6988 0.7152
vn -0.4689 0.6957 0.5441
vn -0.4220 0.8944 -0.1477
vn 0.3931 0.8271 0.4018
vn 0.2940 0.9522 -0.0826
vn 0.4102 0.8998 0.1485
vn -0.2505 0.6777 0.6913
vn 0.2397 0.7150 0.6567
vn 0.1731 0.7945 0.5820
vn 0.0164 0.7744 0.6324
vn 0.0252 0.6874 0.7258
vn -0.3695 0.7523 0.5455
vn -0.2719 0.8217 0.5008
vn -0.3262 0.8765 0.3539
vn -0.4438 0.8273 0.3445
vn 0.1853 0.9812 -0.0528
vn 0.1333 0.9890 0.0638
vn 0.2587 0.9516 0.1657
vn 0.3570 0.9301 0.0867
vn -0.2522 0.9673 -0.0245
vn -0.1862 0.9789 0.0844
vn -0.0295 0.9990 0.0340
vn -0.0377 0.9949 -0.0935
vn 0.3884 0.7763 0.4964
vn 0.2817 0.8394 0.4649
vn -0.1978 0.7011 0.6851
vn -0.1465 0.7844 0.6027
vn -0.4009 0.9060 0.1358
vn -0.2948 0.9340 0.2015
vn 0.4313 0.8551 0.2878
vn 0.3130 0.8968 0.3125
vn -0.0181 0.9378 0.3466
vn -0.0139 0.9395 0.3421
vn 0.0055 0.9364 0.3509
vn 0.0042 0.9341 0.3569
vn -0.0060 0.9316 0.3634
vn -0.0124 0.9320 0.3622
vn -0.0193 0.9356 0.3525
vn 0.0033 0.9385 0.3453
vn -0.0078 0.9403 0.3401
vn -0.0015 0.9399 0.3413
vn 0.0000 0.9324 0.3614
vn -0.0172 0.9334 0.3583
vn -0.1336 0.8028 0.5811
vn -0.2474 0.8367 0.4886
vn -0.2681 0.9386 0.2171
vn -0.1697 0.9792 0.1108
vn 0.2833 0.9048 0.3178
vn 0.2549 0.8527 0.4561
vn 0.0142 0.7937 0.6081
vn -0.2966 0.8864 0.3554
vn 0.2340 0.9545 0.1846
vn -0.0275 0.9975 0.0651
vn 0.1203 0.9884 0.0921
vn 0.1564 0.8120 0.5623
vn -0.2287 0.6422 0.7316
vn -0.4283 0.7017 0.5693
vn -0.4648 0.8805 0.0930
vn -0.2920 0.9518 -0.0934
vn 0.5028 0.8213 0.2696
vn 0.4529 0.7298 0.5122
vn 0.0305 0.6264 0.7789
vn -0.5147 0.7890 0.3355
vn 0.4163 0.9085 0.0359
vn -0.0425 0.9839 -0.1737
vn 0.2167 0.9680 -0.1264
vn 0.2800 0.6584 0.6986
vn -0.5388 0.8308 0.1393
vn -0.4326 0.8950 0.1083
vn -0.4352 0.8985 -0.0574
vn -0.5423 0.8356 -0.0877
vn -0.2397 0.8838 -0.4017
vn -0.2141 0.9337 -0.2867
vn -0.0498 0.9561 -0.2887
vn -0.0147 0.9144 -0.4045
vn 0.1914 0.9255 0.3268
vn 0.1007 0.9642 0.2453
vn -0.0403 0.9431 0.3300
vn -0.0017 0.8966 0.4427
vn 0.2974 0.9497 -0.0982
vn 0.1781 0.9818 -0.0651
vn 0.1806 0.9784 0.1007
vn 0.3009 0.9449 0.1288
vn -0.4233 0.8420 0.3344
vn -0.3483 0.9032 0.2509
vn -0.4328 0.8550 -0.2857
vn -0.3552 0.9127 -0.2020
vn 0.1819 0.9385 -0.2934
vn 0.0938 0.9737 -0.2076
vn -0.2268 0.8661 0.4455
vn -0.2047 0.9208 0.3320
vn -0.1257 0.9919 0.0139
vn -0.1225 0.9923 0.0195
vn -0.1373 0.9899 0.0349
vn -0.1429 0.9892 0.0317
vn -0.1463 0.9890 0.0198
vn -0.1432 0.9896 0.0141
vn -0.1313 0.9913 0.0108
vn -0.1310 0.9908 0.0348
vn -0.1224 0.9921 0.0259
vn -0.1255 0.9916 0.0315
vn -0.1462 0.9889 0.0262
vn -0.1377 0.9904 0.0109
vn -0.3354 0.9245 -0.1811
vn -0.2074 0.9436 -0.2579
vn 0.0720 0.9799 -0.1862
vn 0.1485 0.9872 -0.0568
vn -0.1988 0.9318 0.3035
vn -0.3291 0.9159 0.2299
vn -0.4079 0.9116 -0.0499
vn -0.0583 0.9639 -0.2598
vn -0.0497 0.9521 0.3017
vn 0.1508 0.9841 0.0936
vn 0.0783 0.9712 0.2248
vn -0.4056 0.9085 0.1005
vn -0.4784 0.8111 -0.3364
vn -0.2539 0.8447 -0.4712
vn 0.2363 0.9082 -0.3453
vn 0.3706 0.9212 -0.1184
vn -0.2388 0.8240 0.5138
vn -0.4674 0.7960 0.3846
vn -0.6057 0.7885 -0.1062
vn 0.0077 0.8802 -0.4745
vn 0.0228 0.8595 0.5105
vn 0.3746 0.9157 0.1455
vn 0.2473 0.8931 0.3757
vn -0.6017 0.7830 0.1577
vn 0.4086 0.6741 -0.6153
vn 0.3746 0.7617 -0.5286
vn 0.4987 0.7590 -0.4186
vn 0.5785 0.6703 -0.4647
vn 0.6216 0.7822 -0.0427
vn 0.5302 0.8407 -0.1103
vn 0.4291 0.9032 0.0053
vn 0.4832 0.8678 0.1156
vn -0.1859 0.9543 -0.2339
vn -0.0596 0.9664 -0.2500
vn -0.0341 0.9136 -0.4052
vn -0.1510 0.8820 -0.4463
vn 0.0620 0.9901 0.1262
vn 0.1215 0.9925 0.0130
vn -0.0026 0.9953 -0.0969
vn -0.1079 0.9938 -0.0243
vn 0.1922 0.7203 -0.6665
vn 0.2166 0.7954 -0.5660
vn 0.6565 0.7099 -0.2551
vn 0.5557 0.7879 -0.2655
vn 0.2784 0.9439 0.1775
vn 0.2795 0.9588 0.0504
vn -0.0126 0.7964 -0.6047
vn 0.0670 0.8510 -0.5208
vn 0.2630 0.9290 -0.2601
vn 0.2569 0.9304 -0.2615
vn 0.2548 0.9249 -0.2823
vn 0.2606 0.9227 -0.2840
vn 0.2716 0.9213 -0.2783
vn 0.2738 0.9224 -0.2724
vn 0.2688 0.9269 -0.2618
vn 0.2509 0.9273 -0.2778
vn 0.2521 0.9304 -0.2658
vn 0.2499 0.9293 -0.2718
vn 0.2667 0.9214 -0.2826
vn 0.2728 0.9245 -0.2663
vn 0.5297 0.8049 -0.2673
vn 0.5065 0.8528 -0.1266
vn 0.2791 0.9601 0.0193
vn 0.1357 0.9906 -0.0146
vn 0.0862 0.8622 -0.4990
vn 0.2220 0.8118 -0.5400
vn 0.4780 0.7787 -0.4063
vn 0.4148 0.9096 -0.0216
vn -0.0055 0.9190 -0.3941
vn 0.0231 0.9931 -0.1144
vn -0.0286 0.9669 -0.2533
vn 0.3654 0.7813 -0.5061
vn 0.7149 0.6543 -0.2463
vn 0.6744 0.7384 0.0006
vn 0.2753 0.9265 0.2566
vn 0.0237 0.9801 0.1970
vn -0.0630 0.7549 -0.6528
vn 0.1751 0.6664 -0.7247
vn 0.6243 0.6084 -0.4900
vn 0.5134 0.8380 0.1847
vn -0.2239 0.8545 -0.4687
vn -0.1738 0.9845 0.0219
vn -0.2645 0.9385 -0.2217
vn 0.4267 0.6128 -0.6651
vn 0.7579 0.5976 0.2615
vn 0.7118 0.6673 0.2191
vn 0.5641 0.7342 0.3777
vn 0.5829 0.6769 0.4494
vn 0.1095 0.8864 0.4497
vn 0.1646 0.9110 0.3780
vn 0.0154 0.9755 0.2194
vn -0.0671 0.9627 0.2618
vn 0.3427 0.7734 -0.5332
vn 0.3613 0.8156 -0.4519
vn 0.5673 0.7251 -0.3903
vn 0.5867 0.6662 -0.4604
vn -0.0762 0.9615 -0.2639
vn 0.0077 0.9745 -0.2244
vn 0.1556 0.9073 -0.3906
vn 0.0990 0.8820 -0.4607
vn 0.8248 0.5654 0.0012
vn 0.7682 0.6401 -0.0005
vn 0.3466 0.7822 0.5177
vn 0.3646 0.8231 0.4354
vn -0.1361 0.9907 0.0012
vn -0.0428 0.9991 -0.0005
vn 0.7631 0.5901 -0.2635
vn 0.7162 0.6609 -0.2240
vn 0.2501 0.9682 -0.0013
vn 0.2685 0.9596 -0.0839
vn 0.5300 0.8438 -0.0838
vn 0.5487 0.8360 -0.0013
vn 0.4730 0.8702 0.1375
vn 0.3999 0.9027 0.1585
vn 0.2717 0.9591 0.0796
vn 0.4753 0.8677 -0.1454
vn 0.3231 0.9351 -0.1455
vn 0.3992 0.9013 -0.1682
vn 0.5275 0.8458 0.0794
vn 0.3265 0.9351 0.1376
vn 0.3786 0.8546 0.3552
vn 0.2163 0.9265 0.3077
vn 0.0536 0.9985 0.0003
vn 0.0970 0.9793 -0.1775
vn 0.6602 0.7298 -0.1775
vn 0.7035 0.7106 0.0003
vn 0.5409 0.7827 0.3077
vn 0.0974 0.9792 0.1779
vn 0.5413 0.7824 -0.3078
vn 0.2159 0.9266 -0.3078
vn 0.3786 0.8545 -0.3556
vn 0.6598 0.7300 0.1779
vn 0.3476 0.7845 0.5135
vn 0.1126 0.8885 0.4447
vn -0.1231 0.9924 -0.0002
vn -0.0604 0.9643 -0.2576
vn 0.7548 0.6032 -0.2576
vn 0.8177 0.5757 -0.0002
vn 0.5824 0.6804 0.4447
vn -0.0596 0.9646 0.2568
vn 0.5826 0.6793 -0.4463
vn 0.1117 0.8879 -0.4463
vn 0.3471 0.7835 -0.5154
vn 0.7545 0.6040 0.2568
vn -0.9512 -0.1864 -0.2459
vn -0.9636 -0.1577 -0.2159
vn 0.1404 0.3859 -0.9118
vn 0.1460 0.4300 -0.8909
vn 0.9492 0.2014 0.2418
vn 0.9582 0.1531 0.2416
vn -0.1668 -0.3845 0.9079
vn -0.1402 -0.4172 0.8979
vn 0.1682 0.3334 -0.9276
vn 0.9727 0.1044 0.2071
vn -0.1623 -0.3329 0.9289
vn -0.9717 -0.1024 -0.2127
vn 0.9790 0.0150 0.2032
vn 0.1574 0.2489 -0.9556
vn -0.9851 -0.0249 -0.1700
vn -0.1918 -0.2507 0.9489
vn 0.1596 0.1036 -0.9817
vn 0.9768 -0.1290 0.1709
vn -0.1839 -0.1002 0.9778
vn -0.9810 0.1267 -0.1465
vn 0.0992 -0.0738 -0.9923
vn 0.9326 -0.3110 0.1831
vn -0.1576 0.0941 0.9830
vn -0.9406 0.3170 -0.1213
vn 0.0974 -0.1980 -0.9753
vn -0.8932 0.4148 -0.1733
vn -0.0753 0.1819 0.9804
vn 0.8933 -0.4246 0.1473
vn 0.6357 -0.2006 -0.7454
vn 0.6146 -0.1718 -0.7699
vn 0.7627 0.3803 0.5231
vn 0.7421 0.4247 0.5185
vn -0.6310 0.2156 0.7452
vn -0.6353 0.1674 0.7539
vn -0.7476 -0.3794 -0.5450
vn -0.7507 -0.4118 -0.5165
vn 0.7642 0.3281 0.5553
vn -0.6113 0.1185 0.7824
vn -0.7678 -0.3274 -0.5506
vn 0.6160 -0.1166 -0.7791
vn -0.6117 0.0293 0.7905
vn 0.7929 0.2433 0.5586
vn 0.5844 -0.0389 -0.8105
vn -0.7718 -0.2455 -0.5866
vn 0.8135 0.0978 0.5732
vn -0.5835 -0.1150 0.8039
vn -0.7993 -0.0947 -0.5933
vn 0.5635 0.1129 -0.8184
vn 0.8473 -0.0805 0.5250
vn -0.5775 -0.2975 0.7602
vn -0.8130 0.1000 -0.5736
vn 0.5256 0.3039 -0.7946
vn 0.8312 -0.2046 0.5169
vn 0.5528 0.4018 -0.7300
vn -0.8457 0.1888 -0.4992
vn -0.5295 -0.4118 0.7416
vn -0.1681 -0.1216 -0.9782
vn -0.2047 -0.0988 -0.9738
vn 0.8061 0.5471 -0.2256
vn 0.7830 0.5864 -0.2075
vn 0.1684 0.1370 0.9761
vn 0.1804 0.0895 0.9795
vn -0.8144 -0.5446 0.2004
vn -0.7886 -0.5753 0.2169
vn 0.8407 0.4980 -0.2125
vn 0.2251 0.0479 0.9731
vn -0.8393 -0.4978 0.2184
vn -0.2200 -0.0449 -0.9745
vn 0.2457 -0.0392 0.9685
vn 0.8744 0.4205 -0.2422
vn -0.2761 0.0235 -0.9608
vn -0.8831 -0.4204 0.2082
vn 0.9218 0.2826 -0.2654
vn 0.2965 -0.1747 0.9389
vn -0.9295 -0.2781 0.2422
vn -0.3196 0.1679 -0.9326
vn 0.9333 0.1112 -0.3413
vn 0.2957 -0.3551 0.8868
vn -0.9539 -0.0886 0.2868
vn -0.3548 0.3495 -0.8671
vn 0.9375 -0.0139 -0.3476
vn -0.3039 0.4545 -0.8373
vn -0.9297 -0.0032 0.3681
vn 0.3285 -0.4592 0.8253
vn 0.9361 -0.3365 0.1025
vn 0.9479 -0.3108 0.0697
vn 0.0718 0.4200 0.9047
vn 0.0701 0.4641 0.8830
vn -0.9311 0.3510 -0.0995
vn -0.9476 0.3048 -0.0957
vn -0.0453 -0.4230 -0.9050
vn -0.0749 -0.4507 -0.8895
vn 0.0390 0.3731 0.9269
vn -0.9640 0.2598 -0.0573
vn -0.0448 -0.3716 -0.9273
vn 0.9642 -0.2576 0.0629
vn -0.9837 0.1728 -0.0485
vn 0.0404 0.2886 0.9566
vn 0.9828 -0.1841 0.0152
vn -0.0061 -0.2959 -0.9552
vn 0.0192 0.1461 0.9891
vn -0.9995 0.0310 -0.0106
vn 0.0056 -0.1466 -0.9892
vn 0.9993 -0.0344 -0.0139
vn 0.0513 -0.0387 0.9979
vn -0.9875 -0.1560 -0.0215
vn 0.0103 0.0493 -0.9987
vn 0.9863 0.1595 -0.0409
vn 0.0305 -0.1618 0.9863
vn 0.9642 0.2646 0.0134
vn -0.0554 0.1494 -0.9872
vn -0.9617 -0.2738 0.0126
vn -0.7492 -0.0885 0.6564
vn -0.7278 -0.0618 0.6829
vn -0.6302 0.4545 -0.6295
vn -0.6047 0.4959 -0.6232
vn 0.7465 0.1039 -0.6572
vn 0.7456 0.0553 -0.6641
vn 0.6126 -0.4507 0.6493
vn 0.6151 -0.4844 0.6221
vn -0.6342 0.4017 -0.6606
vn 0.7193 0.0089 -0.6946
vn 0.6385 -0.4017 0.6564
vn -0.7231 -0.0065 0.6907
vn 0.7089 -0.0799 -0.7008
vn -0.6732 0.3211 -0.6660
vn -0.6860 0.0676 0.7244
vn 0.6485 -0.3196 0.6908
vn -0.7108 0.1791 -0.6802
vn 0.6639 -0.2198 -0.7147
vn 0.6947 -0.1734 0.6981
vn -0.6464 0.2157 0.7318
vn -0.7739 0.0085 -0.6332
vn 0.6281 -0.3982 -0.6685
vn 0.7364 0.0170 0.6763
vn -0.5808 0.3993 0.7094
vn -0.7756 -0.1162 -0.6204
vn -0.5860 0.4973 0.6397
vn 0.7901 0.0980 0.6051
vn 0.5634 -0.5047 -0.6541
vn -0.6744 -0.2008 -0.7105
vn -0.6966 -0.1656 -0.6981
vn 0.6773 0.1671 -0.7164
vn 0.6774 0.2145 -0.7036
vn 0.6774 0.2145 0.7036
vn 0.6773 0.1671 0.7164
vn -0.6966 -0.1656 0.6981
vn -0.6744 -0.2008 0.7105
vn 0.7005 0.1114 -0.7049
vn 0.7005 0.1114 0.7049
vn -0.6963 -0.1108 0.7091
vn -0.6963 -0.1108 -0.7091
vn 0.6938 0.0233 0.7198
vn 0.6938 0.0233 -0.7198
vn -0.7186 -0.0252 -0.6950
vn -0.7186 -0.0252 0.6950
vn 0.6870 -0.1241 -0.7159
vn 0.6870 -0.1241 0.7160
vn -0.7042 0.1275 0.6984
vn -0.7042 0.1275 -0.6984
vn 0.6153 -0.2971 -0.7301
vn 0.6153 -0.2971 0.7301
vn -0.6549 0.3171 0.6860
vn -0.6549 0.3171 -0.6860
vn 0.5849 -0.4143 -0.6973
vn -0.5721 0.3989 -0.7166
vn -0.5721 0.3989 0.7166
vn 0.5849 -0.4143 0.6973
usemtl Plant1
s 1
f 269/265/265 278/266/266 268/267/267 267/268/267
f 265/269/268 266/270/268 274/271/269 273/272/270
f 273/272/270 274/271/269 275/273/271 272/274/271
f 272/274/271 275/273/271 276/275/272 271/276/273
f 271/276/273 276/275/272 277/277/274 270/278/275
f 270/278/275 277/277/274 278/266/266 269/265/265
f 283/279/276 292/280/277 282/281/278 281/282/278
f 279/283/279 280/284/279 288/285/280 287/286/281
f 287/286/281 288/285/280 289/287/282 286/288/282
f 286/288/282 289/287/282 290/289/283 285/290/284
f 285/290/284 290/289/283 291/291/285 284/292/286
f 284/292/286 291/291/285 292/280/277 283/279/276
f 297/293/287 306/294/288 296/295/289 295/296/289
f 293/297/290 294/298/290 302/299/291 301/300/292
f 301/300/292 302/299/291 303/301/293 300/302/293
f 300/302/293 303/301/293 304/303/294 299/304/295
f 299/304/295 304/303/294 305/305/296 298/306/297
f 298/306/297 305/305/296 306/294/288 297/293/287
f 311/307/298 320/308/299 310/309/300 309/310/300
f 307/311/301 308/312/301 316/313/302 315/314/303
f 315/314/303 316/313/302 317/315/304 314/316/305
f 314/316/305 317/315/304 318/317/306 313/318/307
f 313/318/307 318/317/306 319/319/308 312/320/309
f 312/320/309 319/319/308 320/308/299 311/307/298
f 325/321/310 334/322/311 324/323/312 323/324/312
f 321/325/313 322/326/313 330/327/314 329/328/315
f 329/328/315 330/327/314 331/329/316 328/330/317
f 328/330/317 331/329/316 332/331/318 327/332/319
f 327/332/319 332/331/318 333/333/320 326/334/321
f 326/334/321 333/333/320 334/322/311 325/321/310
f 339/335/322 348/336/323 338/337/324 337/338/324
f 335/339/325 336/340/325 344/341/326 343/342/327
f 343/342/327 344/341/326 345/343/328 342/344/329
f 342/344/329 345/343/328 346/345/330 341/346/331
f 341/346/331 346/345/330 347/347/332 340/348/333
f 340/348/333 347/347/332 348/336/323 339/335/322
f 353/349/334 362/350/335 352/351/336 351/352/336
f 349/353/337 350/354/337 358/355/338 357/356/339
f 357/356/339 358/355/338 359/357/340 356/358/341
f 356/358/341 359/357/340 360/359/342 355/360/343
f 355/360/343 360/359/342 361/361/344 354/362/345
f 354/362/345 361/361/344 362/350/335 353/349/334
f 367/363/346 376/364/347 366/365/348 365/366/348
f 363/367/349 364/368/349 372/369/350 371/370/351
f 371/370/351 372/369/350 373/371/352 370/372/353
f 370/372/353 373/371/352 374/373/354 369/374/355
f 369/374/355 374/373/354 375/375/356 368/376/357
f 368/376/357 375/375/356 376/364/347 367/363/346
f 381/377/358 390/378/359 380/379/360 379/380/360
f 377/381/361 378/382/361 386/383/362 385/384/363
f 385/384/363 386/383/362 387/385/364 384/386/364
f 384/386/364 387/385/364 388/387/365 383/388/366
f 383/388/366 388/387/365 389/389/367 382/390/368
f 382/390/368 389/389/367 390/378/359 381/377/358
f 395/391/369 404/392/370 394/393/371 393/394/371
f 391/395/372 392/396/372 400/397/373 399/398/374
f 399/398/374 400/397/373 401/399/375 398/400/375
f 398/400/375 401/399/375 402/401/376 397/402/377
f 397/402/377 402/401/376 403/403/378 396/404/379
f 396/404/379 403/403/378 404/392/370 395/391/369
f 409/405/380 418/406/381 408/407/382 407/408/382
f 405/409/383 406/410/383 414/411/384 413/412/385
f 413/412/385 414/411/384 415/413/386 412/414/387
f 412/414/387 415/413/386 416/415/388 411/416/389
f 411/416/389 416/415/388 417/417/390 410/418/391
f 410/418/391 417/417/390 418/406/381 409/405/380
f 423/419/392 432/420/393 422/421/394 421/422/394
f 419/423/395 420/424/395 428/425/396 427/426/397
f 427/426/397 428/425/396 429/427/398 426/428/398
f 426/428/398 429/427/398 430/429/399 425/430/400
f 425/430/400 430/429/399 431/431/401 424/432/402
f 424/432/402 431/431/401 432/420/393 423/419/392
f 437/433/403 446/434/404 436/435/405 435/436/405
f 433/437/406 434/438/406 442/439/407 441/440/408
f 441/440/408 442/439/407 443/441/409 440/442/409
f 440/442/409 443/441/409 444/443/410 439/444/411
f 439/444/411 444/443/410 445/445/412 438/446/413
f 438/446/413 445/445/412 446/434/404 437/433/403
f 483/447/414 495/448/415 494/449/416 482/450/417
f 480/451/418 492/452/419 491/453/420 479/454/421
f 475/455/422 487/456/423 498/457/424 486/458/425
f 477/459/426 489/460/427 488/461/428 476/462/429
f 484/463/430 496/464/431 495/448/415 483/447/414
f 481/465/432 493/466/433 492/452/419 480/451/418
f 478/467/434 490/468/435 489/460/427 477/459/426
f 485/469/436 497/470/437 496/464/431 484/463/430
f 482/450/417 494/449/416 493/466/433 481/465/432
f 479/454/421 491/453/420 490/468/435 478/467/434
f 486/458/425 498/457/424 497/470/437 485/469/436
f 476/462/429 488/461/428 487/456/423 475/455/422
f 490/468/435 502/471/438 501/472/439 489/460/427
f 497/470/437 509/473/440 508/474/441 496/464/431
f 494/449/416 506/475/442 505/476/443 493/466/433
f 491/453/420 503/477/444 502/471/438 490/468/435
f 498/457/424 510/478/445 509/473/440 497/470/437
f 488/461/428 500/479/446 499/480/447 487/456/423
f 495/448/415 507/481/448 506/475/442 494/449/416
f 492/452/419 504/482/449 503/477/444 491/453/420
f 487/456/423 499/480/447 510/478/445 498/457/424
f 489/460/427 501/472/439 500/479/446 488/461/428
f 496/464/431 508/474/441 507/481/448 495/448/415
f 493/466/433 505/476/443 504/482/449 492/452/419
f 505/476/443 517/483/450 516/484/451 504/482/449
f 502/471/438 514/485/452 513/486/453 501/472/439
f 509/473/440 521/487/454 520/488/455 508/474/441
f 506/475/442 518/489/456 517/483/450 505/476/443
f 503/477/444 515/490/457 514/485/452 502/471/438
f 510/478/445 522/491/458 521/487/454 509/473/440
f 500/479/446 512/492/459 511/493/460 499/480/447
f 507/481/448 519/494/461 518/489/456 506/475/442
f 504/482/449 516/484/451 515/490/457 503/477/444
f 499/480/447 511/493/460 522/491/458 510/478/445
f 501/472/439 513/486/453 512/492/459 500/479/446
f 508/474/441 520/488/455 519/494/461 507/481/448
f 517/483/450 529/495/462 528/496/463 516/484/451
f 514/485/452 526/497/464 525/498/465 513/486/453
f 521/487/454 533/499/466 532/500/467 520/488/455
f 518/489/456 530/501/468 529/495/462 517/483/450
f 515/490/457 527/502/469 526/497/464 514/485/452
f 522/491/458 534/503/470 533/499/466 521/487/454
f 512/492/459 524/504/471 523/505/472 511/493/460
f 519/494/461 531/506/473 530/501/468 518/489/456
f 516/484/451 528/496/463 527/502/469 515/490/457
f 511/493/460 523/505/472 534/503/470 522/491/458
f 513/486/453 525/498/465 524/504/471 512/492/459
f 520/488/455 532/500/467 531/506/473 519/494/461
f 529/495/462 534/503/470 523/505/472 528/496/463
f 530/501/468 533/499/466 534/503/470 529/495/462
f 531/506/473 532/500/467 533/499/466 530/501/468
f 524/504/471 527/502/469 528/496/463 523/505/472
f 525/498/465 526/497/464 527/502/469 524/504/471
f 571/507/474 583/508/475 582/509/476 570/510/477
f 568/511/478 580/512/479 579/513/480 567/514/481
f 563/515/482 575/516/483 586/517/484 574/518/485
f 565/519/486 577/520/487 576/521/488 564/522/489
f 572/523/490 584/524/491 583/508/475 571/507/474
f 569/525/492 581/526/493 580/512/479 568/511/478
f 566/527/494 578/528/495 577/520/487 565/519/486
f 573/529/496 585/530/497 584/524/491 572/523/490
f 570/510/477 582/509/476 581/526/493 569/525/492
f 567/514/481 579/513/480 578/528/495 566/527/494
f 574/518/485 586/517/484 585/530/497 573/529/496
f 564/522/489 576/521/488 575/516/483 563/515/482
f 578/528/495 590/531/498 589/532/499 577/520/487
f 585/530/497 597/533/500 596/534/501 584/524/491
f 582/509/476 594/535/502 593/536/503 581/526/493
f 579/513/480 591/537/504 590/531/498 578/528/495
f 586/517/484 598/538/505 597/533/500 585/530/497
f 576/521/488 588/539/506 587/540/507 575/516/483
f 583/508/475 595/541/508 594/535/502 582/509/476
f 580/512/479 592/542/509 591/537/504 579/513/480
f 575/516/483 587/540/507 598/538/505 586/517/484
f 577/520/487 589/532/499 588/539/506 576/521/488
f 584/524/491 596/534/501 595/541/508 583/508/475
f 581/526/493 593/536/503 592/542/509 580/512/479
f 593/536/503 605/543/510 604/544/511 592/542/509
f 590/531/498 602/545/512 601/546/513 589/532/499
f 597/533/500 609/547/514 608/548/515 596/534/501
f 594/535/502 606/549/516 605/543/510 593/536/503
f 591/537/504 603/550/517 602/545/512 590/531/498
f 598/538/505 610/551/518 609/547/514 597/533/500
f 588/539/506 600/552/519 599/553/520 587/540/507
f 595/541/508 607/554/521 606/549/516 594/535/502
f 592/542/509 604/544/511 603/550/517 591/537/504
f 587/540/507 599/553/520 610/551/518 598/538/505
f 589/532/499 601/546/513 600/552/519 588/539/506
f 596/534/501 608/548/515 607/554/521 595/541/508
f 605/543/510 617/555/522 616/556/523 604/544/511
f 602/545/512 614/557/524 613/558/525 601/546/513
f 609/547/514 621/559/526 620/560/527 608/548/515
f 606/549/516 618/561/528 617/555/522 605/543/510
f 603/550/517 615/562/529 614/557/524 602/545/512
f 610/551/518 622/563/530 621/559/526 609/547/514
f 600/552/519 612/564/531 611/565/532 599/553/520
f 607/554/521 619/566/533 618/561/528 606/549/516
f 604/544/511 616/556/523 615/562/529 603/550/517
f 599/553/520 611/565/532 622/563/530 610/551/518
f 601/546/513 613/558/525 612/564/531 600/552/519
f 608/548/515 620/560/527 619/566/533 607/554/521
f 617/555/522 622/563/530 611/565/532 616/556/523
f 618/561/528 621/559/526 622/563/530 617/555/522
f 619/566/533 620/560/527 621/559/526 618/561/528
f 612/564/531 615/562/529 616/556/523 611/565/532
f 613/558/525 614/557/524 615/562/529 612/564/531
f 659/567/534 671/568/535 670/569/536 658/570/537
f 656/571/538 668/572/539 667/573/540 655/574/541
f 651/575/542 663/576/543 674/577/544 662/578/545
f 653/579/546 665/580/547 664/581/548 652/582/549
f 660/583/550 672/584/551 671/568/535 659/567/534
f 657/585/552 669/586/553 668/572/539 656/571/538
f 654/587/554 666/588/555 665/580/547 653/579/546
f 661/589/556 673/590/557 672/584/551 660/583/550
f 658/570/537 670/569/536 669/586/553 657/585/552
f 655/574/541 667/573/540 666/588/555 654/587/554
f 662/578/545 674/577/544 673/590/557 661/589/556
f 652/582/549 664/581/548 663/576/543 651/575/542
f 666/588/555 678/591/558 677/592/559 665/580/547
f 673/590/557 685/593/560 684/594/561 672/584/551
f 670/569/536 682/595/562 681/596/563 669/586/553
f 667/573/540 679/597/564 678/591/558 666/588/555
f 674/577/544 686/598/565 685/593/560 673/590/557
f 664/581/548 676/599/566 675/600/567 663/576/543
f 671/568/535 683/601/568 682/595/562 670/569/536
f 668/572/539 680/602/569 679/597/564 667/573/540
f 663/576/543 675/600/567 686/598/565 674/577/544
f 665/580/547 677/592/559 676/599/566 664/581/548
f 672/584/551 684/594/561 683/601/568 671/568/535
f 669/586/553 681/596/563 680/602/569 668/572/539
f 681/596/563 693/603/570 692/604/571 680/602/569
f 678/591/558 690/605/572 689/606/573 677/592/559
f 685/593/560 697/607/574 696/608/575 684/594/561
f 682/595/562 694/609/576 693/603/570 681/596/563
f 679/597/564 691/610/577 690/605/572 678/591/558
f 686/598/565 698/611/578 697/607/574 685/593/560
f 676/599/566 688/612/579 687/613/580 675/600/567
f 683/601/568 695/614/581 694/609/576 682/595/562
f 680/602/569 692/604/571 691/610/577 679/597/564
f 675/600/567 687/613/580 698/611/578 686/598/565
f 677/592/559 689/606/573 688/612/579 676/599/566
f 684/594/561 696/608/575 695/614/581 683/601/568
f 693/603/570 705/615/582 704/616/583 692/604/571
f 690/605/572 702/617/584 701/618/585 689/606/573
f 697/607/574 709/619/586 708/620/587 696/608/575
f 694/609/576 706/621/588 705/615/582 693/603/570
f 691/610/577 703/622/589 702/617/584 690/605/572
f 698/611/578 710/623/590 709/619/586 697/607/574
f 688/612/579 700/624/591 699/625/592 687/613/580
f 695/614/581 707/626/593 706/621/588 694/609/576
f 692/604/571 704/616/583 703/622/589 691/610/577
f 687/613/580 699/625/592 710/623/590 698/611/578
f 689/606/573 701/618/585 700/624/591 688/612/579
f 696/608/575 708/620/587 707/626/593 695/614/581
f 705/615/582 710/623/590 699/625/592 704/616/583
f 706/621/588 709/619/586 710/623/590 705/615/582
f 707/626/593 708/620/587 709/619/586 706/621/588
f 700/624/591 703/622/589 704/616/583 699/625/592
f 701/618/585 702/617/584 703/622/589 700/624/591
f 747/627/594 759/628/595 758/629/596 746/630/597
f 744/631/598 756/632/599 755/633/600 743/634/601
f 739/635/602 751/636/603 762/637/604 750/638/605
f 741/639/606 753/640/607 752/641/608 740/642/609
f 748/643/610 760/644/611 759/628/595 747/627/594
f 745/645/612 757/646/613 756/632/599 744/631/598
f 742/647/614 754/648/615 753/640/607 741/639/606
f 749/649/616 761/650/617 760/644/611 748/643/610
f 746/630/597 758/629/596 757/646/613 745/645/612
f 743/634/601 755/633/600 754/648/615 742/647/614
f 750/638/605 762/637/604 761/650/617 749/649/616
f 740/642/609 752/641/608 751/636/603 739/635/602
f 754/648/615 766/651/618 765/652/619 753/640/607
f 761/650/617 773/653/620 772/654/621 760/644/611
f 758/629/596 770/655/622 769/656/623 757/646/613
f 755/633/600 767/657/624 766/651/618 754/648/615
f 762/637/604 774/658/625 773/653/620 761/650/617
f 752/641/608 764/659/626 763/660/627 751/636/603
f 759/628/595 771/661/628 770/655/622 758/629/596
f 756/632/599 768/662/629 767/657/624 755/633/600
f 751/636/603 763/660/627 774/658/625 762/637/604
f 753/640/607 765/652/619 764/659/626 752/641/608
f 760/644/611 772/654/621 771/661/628 759/628/595
f 757/646/613 769/656/623 768/662/629 756/632/599
f 769/656/623 781/663/630 780/664/631 768/662/629
f 766/651/618 778/665/632 777/666/633 765/652/619
f 773/653/620 785/667/634 784/668/635 772/654/621
f 770/655/622 782/669/636 781/663/630 769/656/623
f 767/657/624 779/670/637 778/665/632 766/651/618
f 774/658/625 786/671/638 785/667/634 773/653/620
f 764/659/626 776/672/639 775/673/640 763/660/627
f 771/661/628 783/674/641 782/669/636 770/655/622
f 768/662/629 780/664/631 779/670/637 767/657/624
f 763/660/627 775/673/640 786/671/638 774/658/625
f 765/652/619 777/666/633 776/672/639 764/659/626
f 772/654/621 784/668/635 783/674/641 771/661/628
f 781/663/630 793/675/642 792/676/643 780/664/631
f 778/665/632 790/677/644 789/678/645 777/666/633
f 785/667/634 797/679/646 796/680/647 784/668/635
f 782/669/636 794/681/648 793/675/642 781/663/630
f 779/670/637 791/682/649 790/677/644 778/665/632
f 786/671/638 798/683/650 797/679/646 785/667/634
f 776/672/639 788/684/651 787/685/652 775/673/640
f 783/674/641 795/686/653 794/681/648 782/669/636
f 780/664/631 792/676/643 791/682/649 779/670/637
f 775/673/640 787/685/652 798/683/650 786/671/638
f 777/666/633 789/678/645 788/684/651 776/672/639
f 784/668/635 796/680/647 795/686/653 783/674/641
f 793/675/642 798/683/650 787/685/652 792/676/643
f 794/681/648 797/679/646 798/683/650 793/675/642
f 795/686/653 796/680/647 797/679/646 794/681/648
f 788/684/651 791/682/649 792/676/643 787/685/652
f 789/678/645 790/677/644 791/682/649 788/684/651
f 835/687/654 847/688/655 846/689/656 834/690/657
f 832/691/658 844/692/659 843/693/660 831/694/661
f 827/695/662 839/696/663 850/697/664 838/698/665
f 829/699/666 841/700/667 840/701/668 828/702/669
f 836/703/670 848/704/671 847/688/655 835/687/654
f 833/705/672 845/706/673 844/692/659 832/691/658
f 830/707/674 842/708/675 841/700/667 829/699/666
f 837/709/676 849/710/677 848/704/671 836/703/670
f 834/690/657 846/689/656 845/706/673 833/705/672
f 831/694/661 843/693/660 842/708/675 830/707/674
f 838/698/665 850/697/664 849/710/677 837/709/676
f 828/702/669 840/701/668 839/696/663 827/695/662
f 842/708/675 854/711/678 853/712/679 841/700/667
f 849/710/677 861/713/680 860/714/681 848/704/671
f 846/689/656 858/715/682 857/716/683 845/706/673
f 843/693/660 855/717/684 854/711/678 842/708/675
f 850/697/664 862/718/685 861/713/680 849/710/677
f 840/701/668 852/719/686 851/720/687 839/696/663
f 847/688/655 859/721/688 858/715/682 846/689/656
f 844/692/659 856/722/689 855/717/684 843/693/660
f 839/696/663 851/720/687 862/718/685 850/697/664
f 841/700/667 853/712/679 852/719/686 840/701/668
f 848/704/671 860/714/681 859/721/688 847/688/655
f 845/706/673 857/716/683 856/722/689 844/692/659
f 857/716/683 869/723/690 868/724/691 856/722/689
f 854/711/678 866/725/692 865/726/693 853/712/679
f 861/713/680 873/727/694 872/728/695 860/714/681
f 858/715/682 870/729/696 869/723/690 857/716/683
f 855/717/684 867/730/697 866/725/692 854/711/678
f 862/718/685 874/731/698 873/727/694 861/713/680
f 852/719/686 864/732/699 863/733/700 851/720/687
f 859/721/688 871/734/701 870/729/696 858/715/682
f 856/722/689 868/724/691 867/730/697 855/717/684
f 851/720/687 863/733/700 874/731/698 862/718/685
f 853/712/679 865/726/693 864/732/699 852/719/686
f 860/714/681 872/728/695 871/734/701 859/721/688
f 869/723/690 881/735/702 880/736/703 868/724/691
f 866/725/692 878/737/704 877/738/705 865/726/693
f 873/727/694 885/739/706 884/740/707 872/728/695
f 870/729/696 882/741/708 881/735/702 869/723/690
f 867/730/697 879/742/709 878/737/704 866/725/692
f 874/731/698 886/743/710 885/739/706 873/727/694
f 864/732/699 876/744/711 875/745/712 863/733/700
f 871/734/701 883/746/713 882/741/708 870/729/696
f 868/724/691 880/736/703 879/742/709 867/730/697
f 863/733/700 875/745/712 886/743/710 874/731/698
f 865/726/693 877/738/705 876/744/711 864/732/699
f 872/728/695 884/740/707 883/746/713 871/734/701
f 881/735/702 886/743/710 875/745/712 880/736/703
f 882/741/708 885/739/706 886/743/710 881/735/702
f 883/746/713 884/740/707 885/739/706 882/741/708
f 876/744/711 879/742/709 880/736/703 875/745/712
f 877/738/705 878/737/704 879/742/709 876/744/711
f 923/747/714 935/748/715 934/749/716 922/750/717
f 920/751/718 932/752/719 931/753/720 919/754/721
f 915/755/722 927/756/723 938/757/724 926/758/725
f 917/759/726 929/760/727 928/761/728 916/762/729
f 924/763/730 936/764/731 935/748/715 923/747/714
f 921/765/732 933/766/733 932/752/719 920/751/718
f 918/767/734 930/768/735 929/760/727 917/759/726
f 925/769/736 937/770/737 936/764/731 924/763/730
f 922/750/717 934/749/716 933/766/733 921/765/732
f 919/754/721 931/753/720 930/768/735 918/767/734
f 926/758/725 938/757/724 937/770/737 925/769/736
f 916/762/729 928/761/728 927/756/723 915/755/722
f 930/768/735 942/771/738 941/772/739 929/760/727
f 937/770/737 949/773/740 948/774/741 936/764/731
f 934/749/716 946/775/742 945/776/743 933/766/733
f 931/753/720 943/777/744 942/771/738 930/768/735
f 938/757/724 950/778/745 949/773/740 937/770/737
f 928/761/728 940/779/746 939/780/747 927/756/723
f 935/748/715 947/781/748 946/775/742 934/749/716
f 932/752/719 944/782/749 943/777/744 931/753/720
f 927/756/723 939/780/747 950/778/745 938/757/724
f 929/760/727 941/772/739 940/779/746 928/761/728
f 936/764/731 948/774/741 947/781/748 935/748/715
f 933/766/733 945/776/743 944/782/749 932/752/719
f 945/776/743 957/783/750 956/784/751 944/782/749
f 942/771/738 954/785/752 953/786/753 941/772/739
f 949/773/740 961/787/754 960/788/755 948/774/741
f 946/775/742 958/789/756 957/783/750 945/776/743
f 943/777/744 955/790/757 954/785/752 942/771/738
f 950/778/745 962/791/758 961/787/754 949/773/740
f 940/779/746 952/792/759 951/793/760 939/780/747
f 947/781/748 959/794/761 958/789/756 946/775/742
f 944/782/749 956/784/751 955/790/757 943/777/744
f 939/780/747 951/793/760 962/791/758 950/778/745
f 941/772/739 953/786/753 952/792/759 940/779/746
f 948/774/741 960/788/755 959/794/761 947/781/748
f 957/783/750 969/795/762 968/796/763 956/784/751
f 954/785/752 966/797/764 965/798/765 953/786/753
f 961/787/754 973/799/766 972/800/767 960/788/755
f 958/789/756 970/801/768 969/795/762 957/783/750
f 955/790/757 967/802/769 966/797/764 954/785/752
f 962/791/758 974/803/770 973/799/766 961/787/754
f 952/792/759 964/804/771 963/805/772 951/793/760
f 959/794/761 971/806/773 970/801/768 958/789/756
f 956/784/751 968/796/763 967/802/769 955/790/757
f 951/793/760 963/805/772 974/803/770 962/791/758
f 953/786/753 965/798/765 964/804/771 952/792/759
f 960/788/755 972/800/767 971/806/773 959/794/761
f 969/795/762 974/803/770 963/805/772 968/796/763
f 970/801/768 973/799/766 974/803/770 969/795/762
f 971/806/773 972/800/767 973/799/766 970/801/768
f 964/804/771 967/802/769 968/796/763 963/805/772
f 965/798/765 966/797/764 967/802/769 964/804/771
usemtl FlowerStand
f 450/807/774 454/808/775 451/809/776 447/810/777
f 448/811/778 452/812/779 453/813/780 449/814/781
f 447/810/777 451/809/776 452/812/779 448/811/778
f 449/814/781 453/813/780 454/808/775 450/807/774
f 451/809/776 471/815/782 472/816/783 452/812/779
f 453/813/780 473/817/784 474/818/785 454/808/775
f 452/812/779 472/816/783 473/817/784 453/813/780
f 454/808/775 474/818/785 471/815/782 451/809/776
f 468/819/786 472/816/783 471/815/782 467/820/787
f 470/821/788 474/818/785 473/817/784 469/822/789
f 467/820/787 471/815/782 474/818/785 470/821/788
f 469/822/789 473/817/784 472/816/783 468/819/786
f 467/820/787 455/823/790 456/824/791 468/819/786
f 469/822/789 457/825/792 458/826/793 470/821/788
f 468/819/786 456/824/791 457/825/792 469/822/789
f 470/821/788 458/826/793 455/823/790 467/820/787
f 455/823/790 459/827/794 460/828/795 456/824/791
f 457/825/792 461/829/796 462/830/797 458/826/793
f 456/824/791 460/828/795 461/829/796 457/825/792
f 458/826/793 462/830/797 459/827/794 455/823/790
f 463/831/798 459/827/794 462/830/797 466/832/799
f 465/833/800 461/829/796 460/828/795 464/834/801
f 466/832/799 462/830/797 461/829/796 465/833/800
f 464/834/801 460/828/795 459/827/794 463/831/798
f 538/835/802 542/836/803 539/837/804 535/838/805
f 536/839/806 540/840/807 541/841/808 537/842/809
f 535/838/805 539/837/804 540/840/807 536/839/806
f 537/842/809 541/841/808 542/836/803 538/835/802
f 539/837/804 559/843/810 560/844/811 540/840/807
f 541/841/808 561/845/812 562/846/813 542/836/803
f 540/840/807 560/844/811 561/845/812 541/841/808
f 542/836/803 562/846/813 559/843/810 539/837/804
f 556/847/814 560/844/811 559/843/810 555/848/815
f 558/849/816 562/846/813 561/845/812 557/850/817
f 555/848/815 559/843/810 562/846/813 558/849/816
f 557/850/817 561/845/812 560/844/811 556/847/814
f 555/848/815 543/851/818 544/852/819 556/847/814
f 557/850/817 545/853/820 546/854/821 558/849/816
f 556/847/814 544/852/819 545/853/820 557/850/817
f 558/849/816 546/854/821 543/851/818 555/848/815
f 543/851/818 547/855/822 548/856/823 544/852/819
f 545/853/820 549/857/824 550/858/825 546/854/821
f 544/852/819 548/856/823 549/857/824 545/853/820
f 546/854/821 550/858/825 547/855/822 543/851/818
f 551/859/826 547/855/822 550/858/825 554/860/827
f 553/861/828 549/857/824 548/856/823 552/862/829
f 554/860/827 550/858/825 549/857/824 553/861/828
f 552/862/829 548/856/823 547/855/822 551/859/826
f 626/863/830 630/864/831 627/865/832 623/866/833
f 624/867/834 628/868/835 629/869/836 625/870/837
f 623/866/833 627/865/832 628/868/835 624/867/834
f 625/870/837 629/869/836 630/864/831 626/863/830
f 627/865/832 647/871/838 648/872/839 628/868/835
f 629/869/836 649/873/840 650/874/841 630/864/831
f 628/868/835 648/872/839 649/873/840 629/869/836
f 630/864/831 650/874/841 647/871/838 627/865/832
f 644/875/842 648/872/839 647/871/838 643/876/843
f 646/877/844 650/874/841 649/873/840 645/878/845
f 643/876/843 647/871/838 650/874/841 646/877/844
f 645/878/845 649/873/840 648/872/839 644/875/842
f 643/876/843 631/879/846 632/880/847 644/875/842
f 645/878/845 633/881/848 634/882/849 646/877/844
f 644/875/842 632/880/847 633/881/848 645/878/845
f 646/877/844 634/882/849 631/879/846 643/876/843
f 631/879/846 635/883/850 636/884/851 632/880/847
f 633/881/848 637/885/852 638/886/853 634/882/849
f 632/880/847 636/884/851 637/885/852 633/881/848
f 634/882/849 638/886/853 635/883/850 631/879/846
f 639/887/854 635/883/850 638/886/853 642/888/855
f 641/889/856 637/885/852 636/884/851 640/890/857
f 642/888/855 638/886/853 637/885/852 641/889/856
f 640/890/857 636/884/851 635/883/850 639/887/854
f 714/891/858 718/892/859 715/893/860 711/894/861
f 712/895/862 716/896/863 717/897/864 713/898/865
f 711/894/861 715/893/860 716/896/863 712/895/862
f 713/898/865 717/897/864 718/892/859 714/891/858
f 715/893/860 735/899/866 736/900/867 716/896/863
f 717/897/864 737/901/868 738/902/869 718/892/859
f 716/896/863 736/900/867 737/901/868 717/897/864
f 718/892/859 738/902/869 735/899/866 715/893/860
f 732/903/870 736/900/867 735/899/866 731/904/871
f 734/905/872 738/902/869 737/901/868 733/906/873
f 731/904/871 735/899/866 738/902/869 734/905/872
f 733/906/873 737/901/868 736/900/867 732/903/870
f 731/904/871 719/907/874 720/908/875 732/903/870
f 733/906/873 721/909/876 722/910/877 734/905/872
f 732/903/870 720/908/875 721/909/876 733/906/873
f 734/905/872 722/910/877 719/907/874 731/904/871
f 719/907/874 723/911/878 724/912/879 720/908/875
f 721/909/876 725/913/880 726/914/881 722/910/877
f 720/908/875 724/912/879 725/913/880 721/909/876
f 722/910/877 726/914/881 723/911/878 719/907/874
f 727/915/882 723/911/878 726/914/881 730/916/883
f 729/917/884 725/913/880 724/912/879 728/918/885
f 730/916/883 726/914/881 725/913/880 729/917/884
f 728/918/885 724/912/879 723/911/878 727/915/882
f 802/919/886 806/920/887 803/921/888 799/922/889
f 800/923/890 804/924/891 805/925/892 801/926/893
f 799/922/889 803/921/888 804/924/891 800/923/890
f 801/926/893 805/925/892 806/920/887 802/919/886
f 803/921/888 823/927/894 824/928/895 804/924/891
f 805/925/892 825/929/896 826/930/897 806/920/887
f 804/924/891 824/928/895 825/929/896 805/925/892
f 806/920/887 826/930/897 823/927/894 803/921/888
f 820/931/898 824/928/895 823/927/894 819/932/899
f 822/933/900 826/930/897 825/929/896 821/934/901
f 819/932/899 823/927/894 826/930/897 822/933/900
f 821/934/901 825/929/896 824/928/895 820/931/898
f 819/932/899 807/935/902 808/936/903 820/931/898
f 821/934/901 809/937/904 810/938/905 822/933/900
f 820/931/898 808/936/903 809/937/904 821/934/901
f 822/933/900 810/938/905 807/935/902 819/932/899
f 807/935/902 811/939/906 812/940/907 808/936/903
f 809/937/904 813/941/908 814/942/909 810/938/905
f 808/936/903 812/940/907 813/941/908 809/937/904
f 810/938/905 814/942/909 811/939/906 807/935/902
f 815/943/910 811/939/906 814/942/909 818/944/911
f 817/945/912 813/941/908 812/940/907 816/946/913
f 818/944/911 814/942/909 813/941/908 817/945/912
f 816/946/913 812/940/907 811/939/906 815/943/910
f 890/947/914 894/948/915 891/949/916 887/950/917
f 888/951/918 892/952/919 893/953/920 889/954/921
f 887/950/917 891/949/916 892/952/919 888/951/918
f 889/954/921 893/953/920 894/948/915 890/947/914
f 891/949/916 911/955/922 912/956/923 892/952/919
f 893/953/920 913/957/924 914/958/925 894/948/915
f 892/952/919 912/956/923 913/957/924 893/953/920
f 894/948/915 914/958/925 911/955/922 891/949/916
f 908/959/926 912/956/923 911/955/922 907/960/927
f 910/961/928 914/958/925 913/957/924 909/962/929
f 907/960/927 911/955/922 914/958/925 910/961/928
f 909/962/929 913/957/924 912/956/923 908/959/926
f 907/960/927 895/963/930 896/964/931 908/959/926
f 909/962/929 897/965/932 898/966/933 910/961/928
f 908/959/926 896/964/931 897/965/932 909/962/929
f 910/961/928 898/966/933 895/963/930 907/960/927
f 895/963/930 899/967/934 900/968/935 896/964/931
f 897/965/932 901/969/936 902/970/937 898/966/933
f 896/964/931 900/968/935 901/969/936 897/965/932
f 898/966/933 902/970/937 899/967/934 895/963/930
f 903/971/938 899/967/934 902/970/937 906/972/939
f 905/973/940 901/969/936 900/968/935 904/974/941
f 906/972/939 902/970/937 901/969/936 905/973/940
f 904/974/941 900/968/935 899/967/934 903/971/938
o Plane.002_Plane.133
v 13.353887 -0.037325 1.963784
v 13.357562 -0.011526 1.762506
v 13.259464 1.319111 2.170554
v 13.273656 1.329331 1.969606
v 13.297557 1.186773 2.189423
v 13.329372 1.055577 2.161824
v 13.364007 0.923719 2.132393
v 13.388437 0.719075 2.099507
v 13.384084 0.444167 2.061825
v 13.374071 0.163741 2.024329
v 13.378295 0.198198 1.755777
v 13.387208 0.477249 1.792346
v 13.392466 0.747582 1.828927
v 13.371698 0.946471 1.861945
v 13.342056 1.073803 1.892431
v 13.314688 1.201743 1.921044
v 13.126670 -0.023252 1.411006
v 13.092406 0.009040 1.608427
v 13.533271 1.278018 1.171794
v 13.495669 1.297321 1.381743
v 13.459837 1.157116 1.158009
v 13.377514 1.037825 1.198523
v 13.274998 0.916515 1.232798
v 13.180672 0.720791 1.263381
v 13.167562 0.451760 1.306080
v 13.149962 0.176058 1.347666
v 13.104493 0.219046 1.611147
v 13.122322 0.493218 1.570621
v 13.133654 0.757981 1.529876
v 13.224373 0.948751 1.502531
v 13.325047 1.066657 1.472551
v 13.408523 1.183773 1.436090
v 13.065117 -0.028512 1.770850
v 13.120884 -0.001284 1.777481
v 12.782173 0.793045 1.478566
v 12.840071 0.812214 1.486324
v 12.796331 0.715513 1.529804
v 12.824411 0.640709 1.583388
v 12.852919 0.566070 1.652771
v 12.895391 0.444106 1.720226
v 12.953156 0.272664 1.735158
v 13.012086 0.097123 1.753273
v 13.086525 0.133383 1.761956
v 13.028167 0.307959 1.743662
v 12.971478 0.476720 1.730011
v 12.929810 0.595615 1.665802
v 12.901557 0.668224 1.598808
v 12.873522 0.741687 1.542909
v 13.529552 -0.029862 1.465304
v 13.473158 -0.027015 1.435731
v 13.710041 1.254206 1.048310
v 13.656535 1.261027 1.027484
v 13.700336 1.136874 1.100134
v 13.681295 0.996803 1.151785
v 13.659881 0.828997 1.209789
v 13.628121 0.608528 1.281473
v 13.594219 0.373873 1.349339
v 13.562359 0.142039 1.416748
v 13.487165 0.145836 1.377317
v 13.518307 0.377760 1.309315
v 13.550182 0.612672 1.239798
v 13.580568 0.833319 1.166989
v 13.603658 1.001582 1.111282
v 13.626717 1.144033 1.067181
v 13.629533 0.100278 2.064440
v 13.700137 0.051763 2.029645
v 14.230185 1.452686 2.078407
v 14.296162 1.413001 2.043378
v 14.148966 1.332145 2.055421
v 14.063049 1.180330 2.021009
v 13.977384 1.002430 2.010999
v 13.886349 0.775410 2.029725
v 13.791410 0.533120 2.050606
v 13.692830 0.290274 2.063361
v 13.786968 0.225588 2.016967
v 13.885549 0.468434 2.004212
v 13.980194 0.710830 1.983251
v 14.069803 0.939032 1.963963
v 14.153176 1.120672 1.973211
v 14.237435 1.277192 2.008029
v 13.263790 -0.020272 1.944310
v 13.344122 -0.004195 1.758622
v 13.104232 1.342981 2.031074
v 13.193887 1.344562 1.848929
v 13.132298 1.212147 2.069898
v 13.173770 1.080561 2.063826
v 13.217521 0.947890 2.057040
v 13.251249 0.742099 2.046231
v 13.258963 0.465662 2.023073
v 13.261307 0.183669 1.998187
v 13.367862 0.205147 1.750175
v 13.364840 0.485712 1.773852
v 13.358081 0.757569 1.796364
v 13.327023 0.957763 1.808428
v 13.287187 1.086355 1.817659
v 13.249938 1.215302 1.826046
v 13.399814 -0.043149 1.430951
v 13.596092 -0.041776 1.379332
v 13.305289 1.307541 1.150625
v 13.516127 1.294152 1.119880
v 13.283546 1.184439 1.232854
v 13.306404 1.056743 1.300579
v 13.331128 0.927463 1.360378
v 13.349052 0.724023 1.406383
v 13.358579 0.447402 1.426702
v 13.365852 0.164784 1.441501
v 13.627554 0.166587 1.371973
v 13.620745 0.447632 1.356047
v 13.613564 0.719522 1.337379
v 13.600131 0.917259 1.297972
v 13.580672 1.042482 1.247700
v 13.562567 1.167612 1.188420
v 13.476455 0.098270 1.287417
v 13.487661 0.087405 1.201605
v 14.466022 1.190185 1.262660
v 14.479178 1.180693 1.176914
v 14.356683 1.090519 1.285033
v 14.232079 0.978454 1.294060
v 14.097330 0.834137 1.298026
v 13.948059 0.637440 1.300386
v 13.786525 0.432646 1.301441
v 13.610777 0.240147 1.301729
v 13.625719 0.225661 1.187314
v 13.801542 0.418110 1.186956
v 13.963806 0.622418 1.185221
v 14.113876 0.818554 1.182360
v 14.248521 0.963202 1.179164
v 14.373552 1.076793 1.170749
v 13.436097 0.002181 0.946214
v 13.552411 0.002450 1.112535
v 13.871126 1.259168 0.593073
v 13.975466 1.248532 0.758578
v 13.783911 1.151604 0.614203
v 13.717305 1.039565 0.677026
v 13.632021 0.930018 0.756247
v 13.538815 0.746900 0.832404
v 13.498542 0.478797 0.861030
v 13.453573 0.204852 0.892380
v 13.608966 0.205070 1.114170
v 13.654476 0.477302 1.083358
v 13.693324 0.741211 1.056159
v 13.781962 0.920016 0.980936
v 13.862081 1.027068 0.900671
v 13.924728 1.137862 0.835831
v 13.452041 0.096495 1.077943
v 13.292716 0.184104 1.168119
v 14.177186 1.263357 1.121817
v 14.013207 1.336018 1.175782
v 14.123880 1.144981 1.080356
v 14.030179 1.040955 1.048504
v 13.921999 0.937730 0.995838
v 13.793597 0.764910 0.956825
v 13.682395 0.519562 0.998765
v 13.566829 0.268218 1.037771
v 13.354320 0.385015 1.158338
v 13.468827 0.635160 1.120311
v 13.577018 0.876756 1.077225
v 13.702149 1.044552 1.108262
v 13.809155 1.143411 1.146472
v 13.904084 1.243693 1.161180
v 13.286342 0.046943 1.549423
v 13.364877 0.041070 1.558228
v 13.257737 1.283038 1.837666
v 13.336679 1.276481 1.841989
v 13.244292 1.187139 1.784590
v 13.244061 1.046667 1.709001
v 13.248568 0.880080 1.655226
v 13.254558 0.666755 1.634822
v 13.261414 0.440117 1.613548
v 13.268232 0.215445 1.578759
v 13.372946 0.207615 1.590499
v 13.366054 0.432280 1.624530
v 13.359198 0.658870 1.642527
v 13.353280 0.872156 1.660519
v 13.348723 1.038198 1.716868
v 13.349226 1.178259 1.792640
v 13.281072 0.138300 1.954139
v 13.424073 0.043601 2.043842
v 13.896837 1.449408 2.438654
v 14.023659 1.358435 2.528326
v 13.817899 1.324135 2.366274
v 13.750091 1.164174 2.284044
v 13.669469 0.998152 2.199911
v 13.552658 0.785998 2.139850
v 13.436271 0.556512 2.078621
v 13.331966 0.326324 2.001892
v 13.522635 0.200058 2.121497
v 13.626940 0.430246 2.198226
v 13.741425 0.660376 2.259005
v 13.851923 0.874451 2.317995
v 13.924541 1.042479 2.401717
v 13.987875 1.203004 2.484997
v 13.305567 -0.057208 1.611823
v 13.395695 -0.041130 1.610211
v 13.408031 1.425683 2.070053
v 13.504785 1.440564 2.071291
v 13.385485 1.292836 1.957540
v 13.373803 1.133804 1.825810
v 13.359776 0.938707 1.747658
v 13.341048 0.682671 1.721830
v 13.322286 0.410527 1.696563
v 13.304112 0.140989 1.651945
v 13.424283 0.162425 1.649795
v 13.442937 0.431902 1.694922
v 13.464177 0.703719 1.722813
v 13.487098 0.958793 1.752661
v 13.504590 1.152767 1.831742
v 13.516015 1.312025 1.960844
v 13.251884 -0.020377 1.156665
v 13.069832 0.030658 1.082880
v 13.593819 1.289861 1.436535
v 13.413316 1.325791 1.370668
v 13.602195 1.158628 1.384254
v 13.564970 1.033245 1.312371
v 13.536581 0.902263 1.219040
v 13.496210 0.699566 1.144546
v 13.417638 0.438800 1.157135
v 13.339250 0.170807 1.166403
v 13.096220 0.238850 1.068195
v 13.173310 0.505507 1.059144
v 13.251022 0.761788 1.045694
v 13.293007 0.958484 1.119326
v 13.324127 1.084857 1.214988
v 13.362069 1.207507 1.292794
v 13.139912 -0.006300 1.867648
v 13.220964 0.022343 1.824268
v 12.950183 0.921948 1.850803
v 13.033506 0.943740 1.798192
v 12.957457 0.828277 1.887196
v 12.984847 0.737593 1.912407
v 13.017340 0.643496 1.952229
v 13.052794 0.500419 1.976121
v 13.078627 0.317288 1.936974
v 13.105563 0.129135 1.899714
v 13.213683 0.167316 1.841652
v 13.187136 0.354504 1.878227
v 13.162209 0.534558 1.917489
v 13.127704 0.673992 1.894333
v 13.095759 0.766221 1.852620
v 13.068544 0.856945 1.821203
v 13.404461 -0.035090 1.540346
v 13.407891 -0.042046 1.475538
v 13.887517 0.889231 1.524795
v 13.889484 0.882756 1.459759
v 13.815936 0.813091 1.532557
v 13.721441 0.722057 1.534404
v 13.640325 0.603897 1.538996
v 13.575618 0.440836 1.542916
v 13.518035 0.265627 1.545392
v 13.454625 0.093588 1.548577
v 13.459200 0.084313 1.462167
v 13.522275 0.256366 1.458600
v 13.579147 0.431472 1.454052
v 13.643686 0.594173 1.446446
v 13.725300 0.712075 1.439832
v 13.819322 0.803776 1.441901
v 13.493335 -0.008386 1.251238
v 13.555717 -0.078179 1.081823
v 14.169887 1.295488 0.920178
v 14.229645 1.228319 0.776726
v 14.036190 1.197222 0.951594
v 13.887605 1.063828 0.971602
v 13.781421 0.894002 1.018432
v 13.713425 0.665192 1.091564
v 13.642526 0.421658 1.165869
v 13.554447 0.181693 1.232293
v 13.637624 0.088636 1.006405
v 13.725702 0.328601 0.939981
v 13.796606 0.572139 0.865761
v 13.864160 0.801336 0.796131
v 13.968951 0.972399 0.760591
v 14.116230 1.107154 0.754390
v 13.754559 -0.031229 1.645109
v 13.675712 -0.008360 1.639741
v 14.333941 1.559951 1.097998
v 14.254962 1.586377 1.106106
v 14.288013 1.415232 1.199222
v 14.221375 1.237595 1.291041
v 14.149045 1.025367 1.355215
v 14.050360 0.751889 1.420967
v 13.945734 0.462284 1.492405
v 13.843564 0.176935 1.576607
v 13.738436 0.207428 1.569449
v 13.840743 0.492514 1.481802
v 13.945785 0.781258 1.398803
v 14.045131 1.053498 1.321783
v 14.117776 1.266371 1.264981
v 14.183527 1.447880 1.196860
v 13.596757 0.024891 1.640830
v 13.708122 -0.054722 1.503995
v 14.430333 1.270191 1.594787
v 14.541556 1.190688 1.457981
v 14.287741 1.182657 1.574872
v 14.139215 1.058571 1.525843
v 14.016829 0.896375 1.521079
v 13.911345 0.675109 1.564182
v 13.799997 0.439923 1.610397
v 13.675575 0.209296 1.643318
v 13.824062 0.103144 1.460872
v 13.948484 0.333771 1.427951
v 14.059832 0.568957 1.381736
v 14.165293 0.790248 1.338815
v 14.287651 0.952472 1.343797
v 14.436106 1.076608 1.392664
v 13.524033 -0.041554 1.498978
v 13.636157 -0.031724 1.478910
v 13.778874 1.676426 2.003544
v 13.882408 1.686682 1.994058
v 13.722850 1.521558 1.885219
v 13.669179 1.337244 1.733793
v 13.624992 1.113146 1.639479
v 13.590291 0.817901 1.610212
v 13.561209 0.502540 1.586773
v 13.529932 0.189884 1.542692
v 13.679432 0.202991 1.515935
v 13.711131 0.515593 1.560621
v 13.743346 0.830349 1.584938
v 13.782180 1.125127 1.612604
v 13.822980 1.350537 1.707244
v 13.866368 1.535656 1.866722
v 13.336652 -0.033857 1.868742
v 13.165587 -0.055741 1.874456
v 13.164041 1.157344 1.274016
v 12.993392 1.135890 1.288035
v 13.208763 1.066860 1.392629
v 13.228453 0.950584 1.532176
v 13.251366 0.795768 1.624471
v 13.280447 0.582548 1.678445
v 13.311328 0.355915 1.734962
v 13.342132 0.134171 1.807879
v 13.114045 0.104991 1.815499
v 13.083241 0.326736 1.742582
v 13.052361 0.553369 1.686065
v 13.023280 0.766589 1.632091
v 13.000419 0.921458 1.540823
v 12.981006 1.038020 1.406813
v 14.153466 1.475608 1.892266
v 14.054623 1.311519 1.835872
v 13.972088 1.112177 1.793117
v 13.915365 0.849859 1.784912
v 13.856595 0.570942 1.776638
v 13.783749 0.296234 1.754428
v 13.686712 0.327024 1.839228
v 13.760309 0.601638 1.862022
v 13.822056 0.880238 1.873112
v 13.880909 1.142342 1.883455
v 13.961272 1.342643 1.923918
v 14.059810 1.507311 1.980378
v 14.208504 1.593550 1.940304
v 14.139588 1.617049 2.008087
v 13.712286 0.095891 1.743907
v 13.639509 0.118983 1.807507
v 13.700686 -0.018660 1.369284
v 13.649604 -0.025006 1.293120
v 14.098270 1.375436 1.109582
v 14.042849 1.368810 1.036414
v 14.051845 1.270446 1.166429
v 13.971299 1.116768 1.230758
v 13.904009 0.930576 1.276230
v 13.860605 0.686706 1.298387
v 13.814486 0.427580 1.321189
v 13.756613 0.172242 1.353917
v 13.688503 0.163781 1.252365
v 13.745758 0.419196 1.220265
v 13.788970 0.678634 1.199891
v 13.830179 0.922731 1.179458
v 13.899734 1.108003 1.132156
v 13.980199 1.261191 1.067473
v 13.188627 0.112004 1.771683
v 13.154559 0.101594 1.871083
v 13.008715 1.794039 1.761719
v 12.980234 1.781967 1.862797
v 13.066780 1.659317 1.750364
v 13.143643 1.461317 1.758495
v 13.187036 1.232146 1.764704
v 13.179808 0.946623 1.759897
v 13.171470 0.643323 1.755320
v 13.180935 0.340402 1.754501
v 13.135510 0.326523 1.887034
v 13.127048 0.629314 1.887962
v 13.139620 0.932013 1.893417
v 13.149943 1.217084 1.898965
v 13.103151 1.445960 1.891950
v 13.025915 1.643433 1.884089
vt 0.418244 0.309642
vt 0.418244 0.397937
vt 0.323886 0.397937
vt 0.323886 0.309642
vt 0.984390 0.309642
vt 0.984390 0.397937
vt 0.890032 0.397937
vt 0.890032 0.309642
vt 0.795675 0.397937
vt 0.795675 0.309642
vt 0.701317 0.397937
vt 0.701317 0.309642
vt 0.606959 0.397937
vt 0.606959 0.309642
vt 0.512601 0.397937
vt 0.512601 0.309642
vt 0.418244 0.309642
vt 0.418244 0.397937
vt 0.323886 0.397937
vt 0.323886 0.309642
vt 0.984390 0.309642
vt 0.984390 0.397937
vt 0.890032 0.397937
vt 0.890032 0.309642
vt 0.795675 0.397937
vt 0.795675 0.309642
vt 0.701317 0.397937
vt 0.701317 0.309642
vt 0.606959 0.397937
vt 0.606959 0.309642
vt 0.512601 0.397937
vt 0.512601 0.309642
vt 0.418244 0.309642
vt 0.418244 0.397937
vt 0.323886 0.397937
vt 0.323886 0.309642
vt 0.984390 0.309642
vt 0.984390 0.397937
vt 0.890032 0.397937
vt 0.890032 0.309642
vt 0.795675 0.397937
vt 0.795675 0.309642
vt 0.701317 0.397937
vt 0.701317 0.309642
vt 0.606959 0.397937
vt 0.606959 0.309642
vt 0.512601 0.397937
vt 0.512601 0.309642
vt 0.418244 0.309642
vt 0.418244 0.397937
vt 0.323886 0.397937
vt 0.323886 0.309642
vt 0.984390 0.309642
vt 0.984390 0.397937
vt 0.890032 0.397937
vt 0.890032 0.309642
vt 0.795675 0.397937
vt 0.795675 0.309642
vt 0.701317 0.397937
vt 0.701317 0.309642
vt 0.606959 0.397937
vt 0.606959 0.309642
vt 0.512601 0.397937
vt 0.512601 0.309642
vt 0.418244 0.309642
vt 0.418244 0.397937
vt 0.323886 0.397937
vt 0.323886 0.309642
vt 0.984390 0.309642
vt 0.984390 0.397937
vt 0.890032 0.397937
vt 0.890032 0.309642
vt 0.795675 0.397937
vt 0.795675 0.309642
vt 0.701317 0.397937
vt 0.701317 0.309642
vt 0.606959 0.397937
vt 0.606959 0.309642
vt 0.512601 0.397937
vt 0.512601 0.309642
vt 0.418244 0.309642
vt 0.418244 0.397937
vt 0.323886 0.397937
vt 0.323886 0.309642
vt 0.984390 0.309642
vt 0.984390 0.397937
vt 0.890032 0.397937
vt 0.890032 0.309642
vt 0.795675 0.397937
vt 0.795675 0.309642
vt 0.701317 0.397937
vt 0.701317 0.309642
vt 0.606959 0.397937
vt 0.606959 0.309642
vt 0.512601 0.397937
vt 0.512601 0.309642
vt 0.418244 0.309642
vt 0.418244 0.397937
vt 0.323886 0.397937
vt 0.323886 0.309642
vt 0.984390 0.309642
vt 0.984390 0.397937
vt 0.890032 0.397937
vt 0.890032 0.309642
vt 0.795675 0.397937
vt 0.795675 0.309642
vt 0.701317 0.397937
vt 0.701317 0.309642
vt 0.606959 0.397937
vt 0.606959 0.309642
vt 0.512601 0.397937
vt 0.512601 0.309642
vt 0.418244 0.309642
vt 0.323886 0.309642
vt 0.323886 0.397937
vt 0.418244 0.397937
vt 0.984390 0.309642
vt 0.890032 0.309642
vt 0.890032 0.397937
vt 0.984390 0.397937
vt 0.795675 0.309642
vt 0.795675 0.397937
vt 0.701317 0.309642
vt 0.701317 0.397937
vt 0.606959 0.309642
vt 0.606959 0.397937
vt 0.512601 0.309642
vt 0.512601 0.397937
vt 0.418244 0.309642
vt 0.418244 0.397937
vt 0.323886 0.397937
vt 0.323886 0.309642
vt 0.984390 0.309642
vt 0.984390 0.397937
vt 0.890032 0.397937
vt 0.890032 0.309642
vt 0.795675 0.397937
vt 0.795675 0.309642
vt 0.701317 0.397937
vt 0.701317 0.309642
vt 0.606959 0.397937
vt 0.606959 0.309642
vt 0.512601 0.397937
vt 0.512601 0.309642
vt 0.418244 0.309642
vt 0.418244 0.397937
vt 0.323886 0.397937
vt 0.323886 0.309642
vt 0.984390 0.309642
vt 0.984390 0.397937
vt 0.890032 0.397937
vt 0.890032 0.309642
vt 0.795675 0.397937
vt 0.795675 0.309642
vt 0.701317 0.397937
vt 0.701317 0.309642
vt 0.606959 0.397937
vt 0.606959 0.309642
vt 0.512601 0.397937
vt 0.512601 0.309642
vt 0.795148 0.396606
vt 0.706160 0.391145
vt 0.701050 0.474415
vt 0.790038 0.479876
vt 0.617173 0.385684
vt 0.612063 0.468954
vt 0.528185 0.380223
vt 0.523075 0.463493
vt 0.439197 0.374762
vt 0.434087 0.458032
vt 0.350210 0.369301
vt 0.345100 0.452571
vt 0.973123 0.407528
vt 0.884136 0.402067
vt 0.879026 0.485337
vt 0.968013 0.490797
vt 0.418244 0.309642
vt 0.418244 0.397937
vt 0.323886 0.397937
vt 0.323886 0.309642
vt 0.984390 0.309642
vt 0.984390 0.397937
vt 0.890032 0.397937
vt 0.890032 0.309642
vt 0.795675 0.397937
vt 0.795675 0.309642
vt 0.701317 0.397937
vt 0.701317 0.309642
vt 0.606959 0.397937
vt 0.606959 0.309642
vt 0.512601 0.397937
vt 0.512601 0.309642
vt 0.438137 0.143861
vt 0.343780 0.143861
vt 0.343780 0.232155
vt 0.438137 0.232155
vt 1.004284 0.143860
vt 0.909926 0.143861
vt 0.909926 0.232155
vt 1.004284 0.232155
vt 0.815568 0.143861
vt 0.815568 0.232155
vt 0.721211 0.143861
vt 0.721211 0.232155
vt 0.626853 0.143861
vt 0.626853 0.232155
vt 0.532495 0.143861
vt 0.532495 0.232155
vt 0.418244 0.309642
vt 0.418244 0.397937
vt 0.323886 0.397937
vt 0.323886 0.309642
vt 0.984390 0.309642
vt 0.984390 0.397937
vt 0.890032 0.397937
vt 0.890032 0.309642
vt 0.795675 0.397937
vt 0.795675 0.309642
vt 0.701317 0.397937
vt 0.701317 0.309642
vt 0.606959 0.397937
vt 0.606959 0.309642
vt 0.512601 0.397937
vt 0.512601 0.309642
vt 0.418244 0.309642
vt 0.418244 0.397937
vt 0.323886 0.397937
vt 0.323886 0.309642
vt 0.984390 0.309642
vt 0.984390 0.397937
vt 0.890032 0.397937
vt 0.890032 0.309642
vt 0.795675 0.397937
vt 0.795675 0.309642
vt 0.701317 0.397937
vt 0.701317 0.309642
vt 0.606959 0.397937
vt 0.606959 0.309642
vt 0.512601 0.397937
vt 0.512601 0.309642
vt 0.418244 0.309642
vt 0.323886 0.309642
vt 0.323886 0.397937
vt 0.418244 0.397937
vt 0.984390 0.309642
vt 0.890032 0.309642
vt 0.890032 0.397937
vt 0.984390 0.397937
vt 0.795675 0.309642
vt 0.795675 0.397937
vt 0.701317 0.309642
vt 0.701317 0.397937
vt 0.606959 0.309642
vt 0.606959 0.397937
vt 0.512601 0.309642
vt 0.512601 0.397937
vt 0.418244 0.309642
vt 0.323886 0.309642
vt 0.323886 0.397937
vt 0.418244 0.397937
vt 0.984390 0.309642
vt 0.890032 0.309642
vt 0.890032 0.397937
vt 0.984390 0.397937
vt 0.795675 0.309642
vt 0.795675 0.397937
vt 0.701317 0.309642
vt 0.701317 0.397937
vt 0.606959 0.309642
vt 0.606959 0.397937
vt 0.512601 0.309642
vt 0.512601 0.397937
vt 0.418244 0.309642
vt 0.323886 0.309642
vt 0.323886 0.397937
vt 0.418244 0.397937
vt 0.984390 0.309642
vt 0.890032 0.309642
vt 0.890032 0.397937
vt 0.984390 0.397937
vt 0.795675 0.309642
vt 0.795675 0.397937
vt 0.701317 0.309642
vt 0.701317 0.397937
vt 0.606959 0.309642
vt 0.606959 0.397937
vt 0.512601 0.309642
vt 0.512601 0.397937
vt 0.418244 0.309642
vt 0.323886 0.309642
vt 0.323886 0.397937
vt 0.418244 0.397937
vt 0.984390 0.309642
vt 0.890032 0.309642
vt 0.890032 0.397937
vt 0.984390 0.397937
vt 0.795675 0.309642
vt 0.795675 0.397937
vt 0.701317 0.309642
vt 0.701317 0.397937
vt 0.606959 0.309642
vt 0.606959 0.397937
vt 0.512601 0.309642
vt 0.512601 0.397937
vt 0.418244 0.309642
vt 0.323886 0.309642
vt 0.323886 0.397937
vt 0.418244 0.397937
vt 0.984390 0.309642
vt 0.890032 0.309642
vt 0.890032 0.397937
vt 0.984390 0.397937
vt 0.795675 0.309642
vt 0.795675 0.397937
vt 0.701317 0.309642
vt 0.701317 0.397937
vt 0.606959 0.309642
vt 0.606959 0.397937
vt 0.512601 0.309642
vt 0.512601 0.397937
vt 0.418244 0.309642
vt 0.323886 0.309642
vt 0.323886 0.397937
vt 0.418244 0.397937
vt 0.984390 0.309642
vt 0.890032 0.309642
vt 0.890032 0.397937
vt 0.984390 0.397937
vt 0.795675 0.309642
vt 0.795675 0.397937
vt 0.701317 0.309642
vt 0.701317 0.397937
vt 0.606959 0.309642
vt 0.606959 0.397937
vt 0.512601 0.309642
vt 0.512601 0.397937
vt 0.617173 0.385684
vt 0.528185 0.380223
vt 0.523075 0.463493
vt 0.612063 0.468954
vt 0.439197 0.374762
vt 0.434087 0.458032
vt 0.350210 0.369301
vt 0.345100 0.452571
vt 0.973123 0.407528
vt 0.884136 0.402067
vt 0.879026 0.485337
vt 0.968013 0.490797
vt 0.795148 0.396606
vt 0.790038 0.479876
vt 0.706160 0.391145
vt 0.701050 0.474415
vt 0.795148 0.396606
vt 0.706160 0.391145
vt 0.701050 0.474415
vt 0.790038 0.479876
vt 0.617173 0.385684
vt 0.612063 0.468954
vt 0.528185 0.380223
vt 0.523075 0.463493
vt 0.439197 0.374762
vt 0.434087 0.458032
vt 0.350210 0.369301
vt 0.345100 0.452571
vt 0.973123 0.407528
vt 0.884136 0.402067
vt 0.879026 0.485337
vt 0.968013 0.490797
vt 0.795148 0.396606
vt 0.706160 0.391145
vt 0.701050 0.474415
vt 0.790038 0.479876
vt 0.617173 0.385684
vt 0.612063 0.468954
vt 0.528185 0.380223
vt 0.523075 0.463493
vt 0.439197 0.374762
vt 0.434087 0.458032
vt 0.350210 0.369301
vt 0.345100 0.452571
vt 0.973123 0.407528
vt 0.884136 0.402067
vt 0.879026 0.485337
vt 0.968013 0.490797
vn 0.9667 0.2452 0.0730
vn 0.9682 0.2394 0.0720
vn 0.9561 0.2820 0.0789
vn 0.9950 -0.0996 0.0039
vn 0.9978 -0.0656 0.0067
vn 0.9978 -0.0655 0.0067
vn 0.9996 -0.0271 0.0101
vn 0.9996 -0.0270 0.0101
vn 0.9989 0.0418 0.0211
vn 0.9987 0.0453 0.0216
vn 0.9857 0.1629 0.0420
vn 0.9841 0.1718 0.0436
vn 0.9738 0.2195 0.0598
vn 0.9741 0.2174 0.0611
vn -0.8275 0.5231 -0.2037
vn -0.8286 0.5210 -0.2049
vn -0.8241 0.5299 -0.2000
vn -0.9820 0.0583 -0.1794
vn -0.9831 0.0472 -0.1771
vn -0.9830 0.0472 -0.1771
vn -0.9843 0.0276 -0.1744
vn -0.9843 0.0275 -0.1743
vn -0.9588 0.2047 -0.1969
vn -0.9556 0.2177 -0.1983
vn -0.8448 0.4898 -0.2152
vn -0.8320 0.5113 -0.2152
vn -0.7980 0.5643 -0.2115
vn -0.8078 0.5506 -0.2106
vn -0.3057 0.4910 0.8158
vn -0.3073 0.4899 0.8158
vn -0.2935 0.4993 0.8152
vn -0.1521 0.0743 0.9856
vn -0.1457 0.0641 0.9872
vn -0.1465 0.0655 0.9870
vn -0.1383 0.0459 0.9893
vn -0.1386 0.0471 0.9892
vn -0.2173 0.2175 0.9515
vn -0.2135 0.2089 0.9543
vn -0.3170 0.4700 0.8238
vn -0.3199 0.4786 0.8177
vn -0.3344 0.5261 0.7819
vn -0.3320 0.5195 0.7873
vn 0.3579 -0.3674 -0.8585
vn 0.3542 -0.3698 -0.8589
vn 0.3218 -0.3910 -0.8623
vn 0.4272 -0.3203 -0.8455
vn 0.4291 -0.3129 -0.8473
vn 0.4289 -0.3135 -0.8472
vn 0.4322 -0.3074 -0.8477
vn 0.4321 -0.3074 -0.8478
vn 0.4327 -0.3224 -0.8419
vn 0.4327 -0.3213 -0.8423
vn 0.4284 -0.3377 -0.8381
vn 0.4288 -0.3375 -0.8380
vn 0.4057 -0.3439 -0.8469
vn 0.4076 -0.3435 -0.8461
vn 0.2624 -0.3475 0.9002
vn 0.2618 -0.3472 0.9005
vn 0.2654 -0.3494 0.8986
vn 0.3721 -0.1187 0.9206
vn 0.3757 -0.1129 0.9198
vn 0.3766 -0.1115 0.9196
vn 0.3883 -0.0932 0.9168
vn 0.3904 -0.0898 0.9162
vn 0.3996 -0.0796 0.9132
vn 0.3999 -0.0803 0.9130
vn 0.3735 -0.1386 0.9172
vn 0.3665 -0.1523 0.9178
vn 0.3030 -0.2704 0.9138
vn 0.2954 -0.2837 0.9122
vn 0.8664 0.2720 0.4188
vn 0.8679 0.2673 0.4186
vn 0.8557 0.3025 0.4198
vn 0.9174 -0.0898 0.3876
vn 0.9193 -0.0557 0.3896
vn 0.9193 -0.0556 0.3896
vn 0.9201 -0.0167 0.3913
vn 0.9201 -0.0166 0.3913
vn 0.9163 0.0553 0.3967
vn 0.9160 0.0589 0.3969
vn 0.8964 0.1848 0.4029
vn 0.8943 0.1942 0.4031
vn 0.8773 0.2496 0.4100
vn 0.8770 0.2481 0.4113
vn 0.1699 0.4930 0.8532
vn 0.1710 0.4896 0.8550
vn 0.1607 0.5218 0.8377
vn 0.2557 -0.0059 0.9667
vn 0.2570 0.0283 0.9660
vn 0.2570 0.0284 0.9660
vn 0.2570 0.0676 0.9640
vn 0.2570 0.0677 0.9640
vn 0.2484 0.1473 0.9574
vn 0.2480 0.1502 0.9570
vn 0.2248 0.3163 0.9216
vn 0.2231 0.3265 0.9185
vn 0.1936 0.4401 0.8768
vn 0.1916 0.4435 0.8755
vn -0.6738 0.7150 -0.1865
vn -0.6831 0.7066 -0.1845
vn -0.6746 0.7142 -0.1863
vn -0.7054 0.6858 -0.1789
vn -0.7163 0.6744 -0.1791
vn -0.7497 0.6366 -0.1806
vn -0.7494 0.6369 -0.1806
vn -0.7771 0.6016 -0.1850
vn -0.7770 0.6017 -0.1850
vn -0.7522 0.6308 -0.1904
vn -0.7521 0.6309 -0.1904
vn -0.6943 0.6940 -0.1903
vn -0.6928 0.6955 -0.1902
vn -0.6441 0.6199 0.4482
vn -0.6432 0.6209 0.4480
vn -0.6493 0.6132 0.4498
vn -0.7996 0.2181 0.5595
vn -0.8012 0.2070 0.5614
vn -0.8044 0.1881 0.5636
vn -0.8044 0.1880 0.5636
vn -0.7620 0.3641 0.5355
vn -0.7584 0.3748 0.5332
vn -0.6312 0.6317 0.4501
vn -0.6213 0.6457 0.4438
vn -0.5956 0.6825 0.4237
vn -0.6042 0.6720 0.4283
vn -0.1745 0.3743 -0.9107
vn -0.1788 0.3765 -0.9090
vn -0.1585 0.3662 -0.9169
vn -0.4510 0.0945 -0.8875
vn -0.4563 0.0846 -0.8857
vn -0.4639 0.0660 -0.8834
vn -0.4639 0.0659 -0.8834
vn -0.3815 0.2198 -0.8978
vn -0.3756 0.2300 -0.8978
vn -0.2190 0.4532 -0.8640
vn -0.2070 0.4667 -0.8598
vn -0.1659 0.4706 -0.8666
vn -0.1724 0.4495 -0.8765
vn 0.1060 0.1195 -0.9872
vn 0.0811 0.0901 -0.9926
vn 0.0827 0.0900 -0.9925
vn 0.1073 0.1233 -0.9865
vn 0.0773 0.2111 -0.9744
vn 0.0764 0.1982 -0.9772
vn 0.0956 0.3980 -0.9124
vn 0.0948 0.3923 -0.9149
vn 0.1019 0.4681 -0.8778
vn 0.1021 0.4682 -0.8777
vn 0.0982 0.4640 -0.8803
vn 0.1230 0.1830 -0.9754
vn 0.1203 0.1673 -0.9785
vn 0.1206 0.1689 -0.9782
vn -0.6183 -0.1108 0.7781
vn -0.6182 -0.1103 0.7783
vn -0.6090 -0.0765 0.7895
vn -0.5582 -0.0591 0.8275
vn -0.5519 -0.0446 0.8327
vn -0.5318 0.0004 0.8469
vn -0.5318 0.0003 0.8469
vn -0.5181 0.0356 0.8545
vn -0.5181 0.0355 0.8545
vn -0.5647 -0.0421 0.8242
vn -0.5623 -0.0377 0.8260
vn -0.6147 -0.1302 0.7779
vn -0.6141 -0.1296 0.7785
vn -0.0726 0.6411 -0.7639
vn -0.0821 0.6488 -0.7565
vn -0.0745 0.6427 -0.7625
vn -0.0528 0.1978 -0.9788
vn -0.0495 0.1844 -0.9816
vn -0.0483 0.1797 -0.9825
vn -0.0345 0.1382 -0.9898
vn -0.0306 0.1276 -0.9913
vn -0.0089 0.1025 -0.9947
vn -0.0048 0.1040 -0.9945
vn -0.0041 0.2244 -0.9745
vn -0.0077 0.2653 -0.9641
vn -0.0389 0.4944 -0.8683
vn -0.0454 0.5297 -0.8469
vn 0.3975 0.3755 -0.8372
vn 0.3995 0.3763 -0.8359
vn 0.3901 0.3723 -0.8422
vn 0.3461 -0.1101 -0.9317
vn 0.3424 -0.1209 -0.9317
vn 0.3371 -0.1393 -0.9311
vn 0.3370 -0.1393 -0.9311
vn 0.3811 0.0394 -0.9237
vn 0.3839 0.0532 -0.9218
vn 0.4206 0.3454 -0.8389
vn 0.4212 0.3697 -0.8282
vn 0.4148 0.4336 -0.7999
vn 0.4126 0.4194 -0.8086
vn 0.3940 0.3749 0.8392
vn 0.3969 0.3742 0.8381
vn 0.4117 0.3706 0.8325
vn 0.4928 -0.0796 0.8665
vn 0.4960 -0.0899 0.8636
vn 0.4957 -0.0888 0.8639
vn 0.4994 -0.1073 0.8597
vn 0.4993 -0.1065 0.8598
vn 0.4537 0.0761 0.8879
vn 0.4595 0.0559 0.8864
vn 0.3549 0.3681 0.8593
vn 0.3607 0.3526 0.8634
vn 0.3501 0.4211 0.8367
vn 0.3456 0.4273 0.8354
vn -0.7125 0.6949 -0.0976
vn -0.7319 0.6749 -0.0936
vn -0.7106 0.6967 -0.0979
vn -0.9261 0.3667 -0.0884
vn -0.9313 0.3537 -0.0862
vn -0.9310 0.3547 -0.0863
vn -0.9425 0.3246 -0.0792
vn -0.9420 0.3261 -0.0797
vn -0.9381 0.3383 -0.0742
vn -0.9389 0.3362 -0.0742
vn -0.8788 0.4699 -0.0831
vn -0.8814 0.4649 -0.0826
vn -0.7597 0.6430 -0.0968
vn -0.7626 0.6396 -0.0966
vn -0.5900 0.6197 -0.5175
vn -0.5756 0.6265 -0.5254
vn -0.5894 0.6200 -0.5178
vn -0.8750 0.2394 -0.4208
vn -0.8809 0.2243 -0.4168
vn -0.8975 0.1776 -0.4037
vn -0.9073 0.1446 -0.3948
vn -0.8620 0.2629 -0.4334
vn -0.8604 0.2663 -0.4344
vn -0.7132 0.4986 -0.4926
vn -0.7078 0.5050 -0.4939
vn 0.0927 0.4558 0.8852
vn 0.1866 0.4971 0.8474
vn 0.0862 0.4528 0.8874
vn 0.0232 0.3035 0.9525
vn 0.0122 0.2953 0.9553
vn 0.0128 0.2957 0.9552
vn -0.0347 0.2844 0.9581
vn -0.0329 0.2846 0.9581
vn -0.1187 0.2937 0.9485
vn -0.1173 0.2934 0.9488
vn -0.1715 0.3151 0.9334
vn -0.1715 0.3152 0.9334
vn -0.0922 0.3677 0.9254
vn -0.0909 0.3683 0.9252
vn -0.3321 0.6722 -0.6617
vn -0.3249 0.6783 -0.6590
vn -0.6534 0.2887 -0.6998
vn -0.6615 0.2743 -0.6980
vn -0.6853 0.2294 -0.6912
vn -0.7003 0.1986 -0.6857
vn -0.6330 0.3227 -0.7036
vn -0.6330 0.3228 -0.7036
vn -0.4519 0.5600 -0.6944
vn -0.4518 0.5600 -0.6944
vn -0.1619 0.6520 -0.7407
vn -0.1485 0.6402 -0.7537
vn -0.1592 0.6496 -0.7434
vn -0.1889 0.1869 -0.9640
vn -0.1872 0.1728 -0.9670
vn -0.1868 0.1697 -0.9676
vn -0.1802 0.1272 -0.9753
vn -0.1791 0.1205 -0.9764
vn -0.1738 0.1023 -0.9794
vn -0.1738 0.1050 -0.9792
vn -0.1815 0.2495 -0.9512
vn -0.1830 0.2832 -0.9414
vn -0.1820 0.5268 -0.8303
vn -0.1804 0.5537 -0.8129
vn -0.0590 0.7666 0.6394
vn -0.0540 0.7786 0.6251
vn -0.0591 0.7663 0.6398
vn -0.0122 0.3409 0.9400
vn -0.0100 0.3254 0.9455
vn -0.0033 0.2769 0.9609
vn 0.0012 0.2438 0.9698
vn -0.0166 0.3795 0.9250
vn -0.0493 0.6395 0.7672
vn -0.0493 0.6391 0.7675
vn -0.6158 0.2854 -0.7344
vn -0.5271 0.4609 -0.7140
vn -0.5303 0.4557 -0.7149
vn -0.6206 0.2731 -0.7350
vn -0.4859 0.5258 -0.6982
vn -0.4857 0.5259 -0.6982
vn -0.4910 0.5226 -0.6970
vn -0.5906 0.2509 -0.7669
vn -0.5974 0.2362 -0.7664
vn -0.5967 0.2376 -0.7664
vn -0.6213 0.1921 -0.7596
vn -0.6193 0.1955 -0.7604
vn -0.6470 0.1674 -0.7439
vn -0.6458 0.1670 -0.7450
vn -0.8116 0.2162 0.5426
vn -0.8024 0.1871 0.5667
vn -0.8033 0.1870 0.5654
vn -0.8117 0.2199 0.5410
vn -0.7758 0.3057 0.5520
vn -0.7784 0.2931 0.5550
vn -0.7244 0.4859 0.4890
vn -0.7263 0.4805 0.4914
vn -0.6961 0.5524 0.4585
vn -0.6961 0.5526 0.4583
vn -0.6960 0.5486 0.4632
vn -0.8082 0.2785 0.5188
vn -0.8102 0.2631 0.5237
vn -0.8100 0.2647 0.5232
vn 0.9505 -0.0073 0.3106
vn 0.9577 -0.0361 0.2855
vn 0.9572 -0.0363 0.2871
vn 0.9500 -0.0035 0.3121
vn 0.9544 0.0862 0.2859
vn 0.9558 0.0732 0.2847
vn 0.9113 0.2785 0.3031
vn 0.9133 0.2726 0.3025
vn 0.8843 0.3520 0.3068
vn 0.8842 0.3522 0.3069
vn 0.8871 0.3478 0.3034
vn 0.9426 0.0565 0.3290
vn 0.9445 0.0406 0.3260
vn 0.9443 0.0422 0.3263
usemtl Plant1
s 1
f 979/975/942 990/976/943 978/977/944 977/978/944
f 975/979/945 976/980/945 985/981/946 984/982/947
f 984/982/947 985/981/946 986/983/948 983/984/949
f 983/984/949 986/983/948 987/985/950 982/986/951
f 982/986/951 987/985/950 988/987/952 981/988/953
f 981/988/953 988/987/952 989/989/954 980/990/955
f 980/990/955 989/989/954 990/976/943 979/975/942
f 995/991/956 1006/992/957 994/993/958 993/994/958
f 991/995/959 992/996/959 1001/997/960 1000/998/961
f 1000/998/961 1001/997/960 1002/999/962 999/1000/963
f 999/1000/963 1002/999/962 1003/1001/964 998/1002/965
f 998/1002/965 1003/1001/964 1004/1003/966 997/1004/967
f 997/1004/967 1004/1003/966 1005/1005/968 996/1006/969
f 996/1006/969 1005/1005/968 1006/992/957 995/991/956
f 1011/1007/970 1022/1008/971 1010/1009/972 1009/1010/972
f 1007/1011/973 1008/1012/973 1017/1013/974 1016/1014/975
f 1016/1014/975 1017/1013/974 1018/1015/976 1015/1016/977
f 1015/1016/977 1018/1015/976 1019/1017/978 1014/1018/979
f 1014/1018/979 1019/1017/978 1020/1019/980 1013/1020/981
f 1013/1020/981 1020/1019/980 1021/1021/982 1012/1022/983
f 1012/1022/983 1021/1021/982 1022/1008/971 1011/1007/970
f 1027/1023/984 1038/1024/985 1026/1025/986 1025/1026/986
f 1023/1027/987 1024/1028/987 1033/1029/988 1032/1030/989
f 1032/1030/989 1033/1029/988 1034/1031/990 1031/1032/991
f 1031/1032/991 1034/1031/990 1035/1033/992 1030/1034/993
f 1030/1034/993 1035/1033/992 1036/1035/994 1029/1036/995
f 1029/1036/995 1036/1035/994 1037/1037/996 1028/1038/997
f 1028/1038/997 1037/1037/996 1038/1024/985 1027/1023/984
f 1043/1039/998 1054/1040/999 1042/1041/1000 1041/1042/1000
f 1039/1043/1001 1040/1044/1001 1049/1045/1002 1048/1046/1003
f 1048/1046/1003 1049/1045/1002 1050/1047/1004 1047/1048/1005
f 1047/1048/1005 1050/1047/1004 1051/1049/1006 1046/1050/1007
f 1046/1050/1007 1051/1049/1006 1052/1051/1008 1045/1052/1009
f 1045/1052/1009 1052/1051/1008 1053/1053/1010 1044/1054/1011
f 1044/1054/1011 1053/1053/1010 1054/1040/999 1043/1039/998
f 1059/1055/1012 1070/1056/1013 1058/1057/1014 1057/1058/1014
f 1055/1059/1015 1056/1060/1015 1065/1061/1016 1064/1062/1017
f 1064/1062/1017 1065/1061/1016 1066/1063/1018 1063/1064/1019
f 1063/1064/1019 1066/1063/1018 1067/1065/1020 1062/1066/1021
f 1062/1066/1021 1067/1065/1020 1068/1067/1022 1061/1068/1023
f 1061/1068/1023 1068/1067/1022 1069/1069/1024 1060/1070/1025
f 1060/1070/1025 1069/1069/1024 1070/1056/1013 1059/1055/1012
f 1075/1071/1026 1086/1072/1027 1074/1073/1028 1073/1074/1028
f 1071/1075/1029 1072/1076/1029 1081/1077/1030 1080/1078/1031
f 1080/1078/1031 1081/1077/1030 1082/1079/1032 1079/1080/1033
f 1079/1080/1033 1082/1079/1032 1083/1081/1034 1078/1082/1035
f 1078/1082/1035 1083/1081/1034 1084/1083/1036 1077/1084/1037
f 1077/1084/1037 1084/1083/1036 1085/1085/1038 1076/1086/1039
f 1076/1086/1039 1085/1085/1038 1086/1072/1027 1075/1071/1026
f 1091/1087/1040 1089/1088/1041 1090/1089/1041 1102/1090/1042
f 1087/1091/1043 1096/1092/1044 1097/1093/1044 1088/1094/1043
f 1096/1092/1044 1095/1095/1045 1098/1096/1046 1097/1093/1044
f 1095/1095/1045 1094/1097/1047 1099/1098/1048 1098/1096/1046
f 1094/1097/1047 1093/1099/1049 1100/1100/1050 1099/1098/1048
f 1093/1099/1049 1092/1101/1051 1101/1102/1052 1100/1100/1050
f 1092/1101/1051 1091/1087/1040 1102/1090/1042 1101/1102/1052
f 1107/1103/1053 1118/1104/1054 1106/1105/1055 1105/1106/1055
f 1103/1107/1056 1104/1108/1056 1113/1109/1057 1112/1110/1057
f 1112/1110/1057 1113/1109/1057 1114/1111/1058 1111/1112/1059
f 1111/1112/1059 1114/1111/1058 1115/1113/1060 1110/1114/1061
f 1110/1114/1061 1115/1113/1060 1116/1115/1062 1109/1116/1063
f 1109/1116/1063 1116/1115/1062 1117/1117/1064 1108/1118/1065
f 1108/1118/1065 1117/1117/1064 1118/1104/1054 1107/1103/1053
f 1123/1119/1066 1134/1120/1067 1122/1121/1068 1121/1122/1068
f 1119/1123/1069 1120/1124/1069 1129/1125/1070 1128/1126/1070
f 1128/1126/1070 1129/1125/1070 1130/1127/1071 1127/1128/1072
f 1127/1128/1072 1130/1127/1071 1131/1129/1073 1126/1130/1074
f 1126/1130/1074 1131/1129/1073 1132/1131/1075 1125/1132/1076
f 1125/1132/1076 1132/1131/1075 1133/1133/1077 1124/1134/1078
f 1124/1134/1078 1133/1133/1077 1134/1120/1067 1123/1119/1066
f 1143/1135/1079 1142/1136/1080 1147/1137/1081 1146/1138/1082
f 1142/1136/1080 1141/1139/1083 1148/1140/1084 1147/1137/1081
f 1141/1139/1083 1140/1141/1085 1149/1142/1086 1148/1140/1084
f 1140/1141/1085 1139/1143/1087 1150/1144/1088 1149/1142/1086
f 1139/1143/1087 1137/1145/1089 1138/1146/1089 1150/1144/1088
f 1135/1147/1090 1144/1148/1091 1145/1149/1092 1136/1150/1090
f 1144/1148/1091 1143/1135/1079 1146/1138/1082 1145/1149/1092
f 1155/1151/1093 1166/1152/1094 1154/1153/1095 1153/1154/1095
f 1151/1155/1096 1152/1156/1096 1161/1157/1097 1160/1158/1097
f 1160/1158/1097 1161/1157/1097 1162/1159/1098 1159/1160/1099
f 1159/1160/1099 1162/1159/1098 1163/1161/1100 1158/1162/1101
f 1158/1162/1101 1163/1161/1100 1164/1163/1102 1157/1164/1103
f 1157/1164/1103 1164/1163/1102 1165/1165/1104 1156/1166/1105
f 1156/1166/1105 1165/1165/1104 1166/1152/1094 1155/1151/1093
f 1171/1167/1106 1169/1168/1107 1170/1169/1107 1182/1170/1108
f 1167/1171/1109 1176/1172/1110 1177/1173/1111 1168/1174/1109
f 1176/1172/1110 1175/1175/1112 1178/1176/1113 1177/1173/1111
f 1175/1175/1112 1174/1177/1114 1179/1178/1115 1178/1176/1113
f 1174/1177/1114 1173/1179/1116 1180/1180/1117 1179/1178/1115
f 1173/1179/1116 1172/1181/1118 1181/1182/1119 1180/1180/1117
f 1172/1181/1118 1171/1167/1106 1182/1170/1108 1181/1182/1119
f 1187/1183/1120 1198/1184/1121 1186/1185/1122 1185/1186/1122
f 1183/1187/1123 1184/1188/1123 1193/1189/1124 1192/1190/1124
f 1192/1190/1124 1193/1189/1124 1194/1191/1125 1191/1192/1126
f 1191/1192/1126 1194/1191/1125 1195/1193/1127 1190/1194/1128
f 1190/1194/1128 1195/1193/1127 1196/1195/1129 1189/1196/1130
f 1189/1196/1130 1196/1195/1129 1197/1197/1131 1188/1198/1132
f 1188/1198/1132 1197/1197/1131 1198/1184/1121 1187/1183/1120
f 1203/1199/1133 1214/1200/1134 1202/1201/1135 1201/1202/1135
f 1199/1203/1136 1200/1204/1136 1209/1205/1137 1208/1206/1138
f 1208/1206/1138 1209/1205/1137 1210/1207/1139 1207/1208/1140
f 1207/1208/1140 1210/1207/1139 1211/1209/1141 1206/1210/1142
f 1206/1210/1142 1211/1209/1141 1212/1211/1143 1205/1212/1144
f 1205/1212/1144 1212/1211/1143 1213/1213/1145 1204/1214/1146
f 1204/1214/1146 1213/1213/1145 1214/1200/1134 1203/1199/1133
f 1219/1215/1147 1217/1216/1148 1218/1217/1148 1230/1218/1149
f 1215/1219/1150 1224/1220/1151 1225/1221/1152 1216/1222/1150
f 1224/1220/1151 1223/1223/1153 1226/1224/1154 1225/1221/1152
f 1223/1223/1153 1222/1225/1155 1227/1226/1156 1226/1224/1154
f 1222/1225/1155 1221/1227/1157 1228/1228/1158 1227/1226/1156
f 1221/1227/1157 1220/1229/1159 1229/1230/1160 1228/1228/1158
f 1220/1229/1159 1219/1215/1147 1230/1218/1149 1229/1230/1160
f 1235/1231/1161 1233/1232/1162 1234/1233/1162 1246/1234/1163
f 1231/1235/1164 1240/1236/1165 1241/1237/1165 1232/1238/1164
f 1240/1236/1165 1239/1239/1166 1242/1240/1166 1241/1237/1165
f 1239/1239/1166 1238/1241/1167 1243/1242/1167 1242/1240/1166
f 1238/1241/1167 1237/1243/1168 1244/1244/1169 1243/1242/1167
f 1237/1243/1168 1236/1245/1170 1245/1246/1171 1244/1244/1169
f 1236/1245/1170 1235/1231/1161 1246/1234/1163 1245/1246/1171
f 1251/1247/1172 1249/1248/1173 1250/1249/1173 1262/1250/1174
f 1247/1251/1175 1256/1252/1176 1257/1253/1177 1248/1254/1175
f 1256/1252/1176 1255/1255/1178 1258/1256/1179 1257/1253/1177
f 1255/1255/1178 1254/1257/1180 1259/1258/1181 1258/1256/1179
f 1254/1257/1180 1253/1259/1182 1260/1260/1183 1259/1258/1181
f 1253/1259/1182 1252/1261/1184 1261/1262/1185 1260/1260/1183
f 1252/1261/1184 1251/1247/1172 1262/1250/1174 1261/1262/1185
f 1267/1263/1186 1265/1264/1187 1266/1265/1187 1278/1266/1186
f 1263/1267/1188 1272/1268/1189 1273/1269/1189 1264/1270/1188
f 1272/1268/1189 1271/1271/1190 1274/1272/1190 1273/1269/1189
f 1271/1271/1190 1270/1273/1191 1275/1274/1191 1274/1272/1190
f 1270/1273/1191 1269/1275/1192 1276/1276/1193 1275/1274/1191
f 1269/1275/1192 1268/1277/1194 1277/1278/1195 1276/1276/1193
f 1268/1277/1194 1267/1263/1186 1278/1266/1186 1277/1278/1195
f 1283/1279/1196 1281/1280/1197 1282/1281/1197 1294/1282/1198
f 1279/1283/1199 1288/1284/1200 1289/1285/1201 1280/1286/1199
f 1288/1284/1200 1287/1287/1202 1290/1288/1203 1289/1285/1201
f 1287/1287/1202 1286/1289/1204 1291/1290/1205 1290/1288/1203
f 1286/1289/1204 1285/1291/1206 1292/1292/1207 1291/1290/1205
f 1285/1291/1206 1284/1293/1208 1293/1294/1209 1292/1292/1207
f 1284/1293/1208 1283/1279/1196 1294/1282/1198 1293/1294/1209
f 1299/1295/1210 1297/1296/1211 1298/1297/1211 1310/1298/1212
f 1295/1299/1213 1304/1300/1214 1305/1301/1214 1296/1302/1213
f 1304/1300/1214 1303/1303/1215 1306/1304/1215 1305/1301/1214
f 1303/1303/1215 1302/1305/1216 1307/1306/1216 1306/1304/1215
f 1302/1305/1216 1301/1307/1217 1308/1308/1217 1307/1306/1216
f 1301/1307/1217 1300/1309/1218 1309/1310/1219 1308/1308/1217
f 1300/1309/1218 1299/1295/1210 1310/1298/1212 1309/1310/1219
f 1320/1311/1220 1321/1312/1221 1312/1313/1222 1313/1314/1223
f 1321/1312/1221 1322/1315/1224 1311/1316/1225 1312/1313/1222
f 1322/1315/1224 1324/1317/1226 1323/1318/1226 1311/1316/1225
f 1326/1319/1227 1317/1320/1228 1316/1321/1229 1325/1322/1227
f 1317/1320/1228 1318/1323/1230 1315/1324/1231 1316/1321/1229
f 1318/1323/1230 1319/1325/1232 1314/1326/1233 1315/1324/1231
f 1319/1325/1232 1320/1311/1220 1313/1314/1223 1314/1326/1233
f 1335/1327/1234 1334/1328/1235 1339/1329/1236 1338/1330/1237
f 1334/1328/1235 1333/1331/1238 1340/1332/1239 1339/1329/1236
f 1333/1331/1238 1332/1333/1240 1341/1334/1241 1340/1332/1239
f 1332/1333/1240 1331/1335/1242 1342/1336/1243 1341/1334/1241
f 1331/1335/1242 1329/1337/1244 1330/1338/1244 1342/1336/1243
f 1327/1339/1245 1336/1340/1246 1337/1341/1247 1328/1342/1245
f 1336/1340/1246 1335/1327/1234 1338/1330/1237 1337/1341/1247
f 1351/1343/1248 1350/1344/1249 1355/1345/1250 1354/1346/1251
f 1350/1344/1249 1349/1347/1252 1356/1348/1253 1355/1345/1250
f 1349/1347/1252 1348/1349/1254 1357/1350/1255 1356/1348/1253
f 1348/1349/1254 1347/1351/1256 1358/1352/1257 1357/1350/1255
f 1347/1351/1256 1345/1353/1258 1346/1354/1258 1358/1352/1257
f 1343/1355/1259 1352/1356/1260 1353/1357/1261 1344/1358/1259
f 1352/1356/1260 1351/1343/1248 1354/1346/1251 1353/1357/1261
o Plane.036_Plane.109
v 12.106234 1.323425 1.878756
v 12.084280 1.306819 2.219462
v 10.908446 0.034855 1.738768
v 10.886492 0.018249 2.079473
v 10.977514 0.284766 1.755399
v 11.057130 0.532142 1.772587
v 11.158821 0.773716 1.790914
v 11.271286 0.982985 1.808361
v 11.430211 1.163036 1.827378
v 11.640650 1.323700 1.848768
v 11.852632 1.375509 1.864953
v 11.830677 1.358903 2.205659
v 11.618696 1.307094 2.189474
v 11.408257 1.146430 2.168083
v 11.249331 0.966379 2.149066
v 11.136868 0.757110 2.131619
v 11.035176 0.515536 2.113292
v 10.955560 0.268160 2.096105
v 10.738358 1.576615 2.742140
v 10.404834 1.568529 2.667748
v 10.978989 0.028529 1.927302
v 10.645464 0.020443 1.852911
v 10.971773 0.288208 1.931426
v 10.962189 0.548054 1.946150
v 10.947633 0.807769 1.983180
v 10.929733 1.038824 2.038315
v 10.900841 1.253099 2.144562
v 10.860163 1.461393 2.304292
v 10.803719 1.558268 2.485216
v 10.470195 1.550183 2.410824
v 10.526639 1.453307 2.229900
v 10.567316 1.245013 2.070170
v 10.596210 1.030738 1.963924
v 10.614109 0.799683 1.908789
v 10.628665 0.539968 1.871759
v 10.638248 0.280121 1.857035
v 9.773161 0.944166 1.698992
v 9.851971 0.942907 1.450284
v 10.709273 0.023575 2.000286
v 10.788083 0.022315 1.751579
v 10.646482 0.210520 1.979442
v 10.576142 0.394989 1.956219
v 10.490034 0.573900 1.928027
v 10.397709 0.727632 1.897993
v 10.273047 0.856700 1.857837
v 10.111880 0.968338 1.806202
v 9.955054 0.996921 1.756362
v 10.033864 0.995662 1.507655
v 10.190690 0.967079 1.557495
v 10.351856 0.855441 1.609130
v 10.476518 0.726373 1.649286
v 10.568844 0.572641 1.679320
v 10.654952 0.393730 1.707512
v 10.725291 0.209260 1.730735
v 11.099153 0.959928 2.562076
v 10.874001 0.961484 2.622041
v 10.898717 0.023568 1.833802
v 10.673565 0.025124 1.893767
v 10.908916 0.197121 1.867593
v 10.920988 0.369469 1.908446
v 10.936983 0.538955 1.964102
v 10.955120 0.686978 2.028358
v 10.981644 0.817399 2.124564
v 11.017366 0.937159 2.255584
v 11.054202 0.982885 2.392705
v 10.829050 0.984442 2.452670
v 10.792214 0.938716 2.315549
v 10.756492 0.818955 2.184529
v 10.729967 0.688534 2.088324
v 10.711831 0.540511 2.024067
v 10.695836 0.371025 1.968412
v 10.683764 0.198678 1.927558
v 11.166106 1.411838 0.763620
v 11.475639 1.413241 0.908621
v 10.709058 0.023489 1.752710
v 11.018591 0.024891 1.897710
v 10.728616 0.278762 1.708490
v 10.752736 0.532410 1.654548
v 10.786423 0.782161 1.580220
v 10.825920 1.000603 1.493793
v 10.886211 1.193873 1.363221
v 10.969053 1.372212 1.184652
v 11.056762 1.442073 0.996745
v 11.366295 1.443476 1.141746
v 11.278586 1.373615 1.329652
v 11.195745 1.195275 1.508221
v 11.135453 1.002005 1.638793
v 11.095956 0.783564 1.725220
v 11.062269 0.533813 1.799548
v 11.038149 0.280165 1.853491
v 11.603136 1.582846 2.206912
v 11.413458 1.584858 2.491264
v 10.910185 0.023698 1.755710
v 10.720507 0.025711 2.040062
v 10.913055 0.283495 1.755787
v 10.924960 0.543591 1.761887
v 10.955876 0.803834 1.780668
v 11.002296 1.035635 1.809993
v 11.092321 1.251291 1.868518
v 11.227945 1.461631 1.957498
v 11.387802 1.567065 2.063385
v 11.198124 1.569077 2.347737
v 11.038268 1.463644 2.241850
v 10.902643 1.253303 2.152870
v 10.812618 1.037647 2.094344
v 10.766199 0.805846 2.065021
v 10.735282 0.545603 2.046239
v 10.723377 0.285507 2.040138
v 10.046772 1.297973 2.628910
v 9.765785 1.265477 2.437003
v 10.836950 0.032382 1.686253
v 10.555964 -0.000114 1.494346
v 10.775745 0.280349 1.733880
v 10.708817 0.525629 1.790340
v 10.629959 0.764787 1.865306
v 10.547904 0.971588 1.950432
v 10.442252 1.148558 2.075158
v 10.309280 1.305415 2.243292
v 10.185134 1.353779 2.416874
v 9.904147 1.321283 2.224967
v 10.028294 1.272920 2.051384
v 10.161265 1.116062 1.883251
v 10.266917 0.939092 1.758525
v 10.348973 0.732291 1.673398
v 10.427832 0.493133 1.598433
v 10.494759 0.247854 1.541973
v 10.090154 1.311239 1.135528
v 10.290389 1.310872 0.922200
v 10.647591 0.018318 1.685432
v 10.847826 0.017952 1.472104
v 10.637213 0.240234 1.675310
v 10.620058 0.461887 1.658827
v 10.588657 0.682573 1.628974
v 10.546544 0.878056 1.589110
v 10.472278 1.057232 1.519093
v 10.364021 1.229245 1.417185
v 10.251528 1.305308 1.295725
v 10.451763 1.304941 1.082397
v 10.564257 1.228878 1.203857
v 10.672513 1.056866 1.305765
v 10.746779 0.877689 1.375782
v 10.788893 0.682207 1.415646
v 10.820293 0.461520 1.445499
v 10.837448 0.239867 1.461982
v 11.373204 0.887784 0.799015
v 11.533700 0.896631 0.978443
v 10.734603 0.014912 1.413271
v 10.895100 0.023759 1.592699
v 10.772491 0.188947 1.370801
v 10.815917 0.360890 1.323479
v 10.870934 0.528104 1.266022
v 10.931429 0.672249 1.204803
v 11.016215 0.794460 1.122938
v 11.128013 0.901516 1.017658
v 11.239964 0.931848 0.916024
v 11.400459 0.940695 1.095452
v 11.288509 0.910363 1.197086
v 11.176711 0.803307 1.302366
v 11.091925 0.681095 1.384231
v 11.031430 0.536951 1.445450
v 10.976413 0.369737 1.502907
v 10.932986 0.197794 1.550229
v 10.246046 1.013805 0.687058
v 10.489427 1.022070 0.593433
v 10.598047 0.009959 1.513473
v 10.841427 0.018224 1.419848
v 10.574674 0.201949 1.469664
v 10.548445 0.392177 1.418273
v 10.516245 0.578340 1.351004
v 10.481648 0.740012 1.275342
v 10.434785 0.880139 1.165890
v 10.374093 1.006313 1.019258
v 10.314884 1.049385 0.869144
v 10.558264 1.057650 0.775519
v 10.617474 1.014578 0.925634
v 10.678165 0.888405 1.072265
v 10.725028 0.748277 1.181717
v 10.759625 0.586606 1.257380
v 10.791824 0.400443 1.324648
v 10.818054 0.210214 1.376039
v 11.479410 1.450839 2.385259
v 11.197285 1.441534 2.578020
v 10.926884 0.022828 1.507648
v 10.644758 0.013523 1.700408
v 10.942919 0.279652 1.543513
v 10.965071 0.535259 1.588273
v 11.000068 0.787823 1.651687
v 11.043991 1.009619 1.726679
v 11.116483 1.208113 1.842361
v 11.219479 1.393696 2.002065
v 11.333146 1.471315 2.172175
v 11.051021 1.462010 2.364935
v 10.937354 1.384392 2.194825
v 10.834358 1.198808 2.035121
v 10.761866 1.000314 1.919440
v 10.717943 0.778518 1.844448
v 10.682945 0.525954 1.781033
v 10.660793 0.270347 1.736274
v 10.008207 1.547703 2.025387
v 9.860078 1.538549 1.717472
v 10.822026 0.020413 1.679287
v 10.673897 0.011258 1.371372
v 10.808248 0.279857 1.678202
v 10.784682 0.539203 1.681828
v 10.740541 0.797859 1.695374
v 10.680792 1.027415 1.717293
v 10.574527 1.238922 1.762126
v 10.419141 1.443109 1.830807
v 10.241845 1.541415 1.913177
v 10.093716 1.532260 1.605262
v 10.271011 1.433955 1.522893
v 10.426397 1.229767 1.454211
v 10.532662 1.018261 1.409378
v 10.592411 0.788705 1.387459
v 10.636553 0.530049 1.373914
v 10.660118 0.270702 1.370287
v 11.099625 0.969913 2.612219
v 10.885354 0.951457 2.735031
v 10.729490 0.032242 1.825535
v 10.515220 0.013786 1.948347
v 10.742390 0.213343 1.875257
v 10.759217 0.392658 1.931563
v 10.784287 0.567879 2.001634
v 10.814796 0.719781 2.077690
v 10.863470 0.850762 2.182295
v 10.931659 0.967957 2.318875
v 11.005637 1.006416 2.453725
v 10.791367 0.987960 2.576537
v 10.717388 0.949501 2.441687
v 10.649199 0.832306 2.305107
v 10.600526 0.701325 2.200502
v 10.570017 0.549423 2.124446
v 10.544948 0.374202 2.054375
v 10.528120 0.194887 1.998070
v 9.771856 1.547070 2.224487
v 9.650112 1.538206 1.905210
v 10.623743 0.022268 1.964285
v 10.501999 0.013405 1.645009
v 10.609646 0.281691 1.962459
v 10.585401 0.540992 1.964505
v 10.539821 0.799552 1.974708
v 10.478038 1.028972 1.991898
v 10.368010 1.240227 2.027988
v 10.207047 1.444043 2.083707
v 10.022582 1.535812 2.137144
v 9.900838 1.526949 1.817867
v 10.085302 1.435180 1.764430
v 10.246265 1.231364 1.708711
v 10.356294 1.020109 1.672621
v 10.418076 0.790688 1.655432
v 10.463656 0.532128 1.645229
v 10.487902 0.272828 1.643182
v 10.125400 0.933719 0.839364
v 10.376253 0.939441 0.767897
v 10.414248 0.013287 1.779547
v 10.665101 0.019009 1.708080
v 10.392181 0.200192 1.717057
v 10.367999 0.384624 1.646941
v 10.339403 0.563499 1.560890
v 10.309562 0.717200 1.468452
v 10.270957 0.846246 1.343279
v 10.222235 0.957867 1.181196
v 10.176545 0.986452 1.023111
v 10.427399 0.992174 0.951644
v 10.473088 0.963589 1.109729
v 10.521811 0.851968 1.271811
v 10.560415 0.722922 1.396985
v 10.590257 0.569221 1.489423
v 10.618853 0.390346 1.575474
v 10.643035 0.205914 1.645590
v 9.801799 0.835899 1.870952
v 9.819914 0.836336 1.660401
v 10.522684 0.019050 1.931282
v 10.540799 0.019486 1.720732
v 10.483597 0.174821 1.928242
v 10.437965 0.329196 1.924636
v 10.378630 0.480339 1.919844
v 10.312191 0.611666 1.914400
v 10.216670 0.725667 1.906418
v 10.089090 0.828507 1.895654
v 9.959020 0.864011 1.884537
v 9.977135 0.864448 1.673986
v 10.107204 0.828943 1.685104
v 10.234785 0.726103 1.695867
v 10.330306 0.612103 1.703850
v 10.396746 0.480776 1.709294
v 10.456080 0.329633 1.714085
v 10.501712 0.175258 1.717691
v 11.661553 1.436288 1.488664
v 11.711369 1.436475 1.826830
v 10.620538 0.019519 1.642800
v 10.670353 0.019706 1.980966
v 10.661627 0.275986 1.636605
v 10.713381 0.531114 1.628840
v 10.787507 0.782943 1.617781
v 10.875731 1.003830 1.604663
v 11.012876 1.200847 1.584351
v 11.202859 1.384346 1.556263
v 11.406102 1.459683 1.526281
v 11.455917 1.459871 1.864447
v 11.252674 1.384534 1.894429
v 11.062691 1.201035 1.922517
v 10.925546 1.004017 1.942829
v 10.837322 0.783131 1.955947
v 10.763196 0.531301 1.967006
v 10.711442 0.276173 1.974771
v 10.694936 1.573906 2.650577
v 10.353189 1.567136 2.649240
v 10.728973 0.021267 1.812210
v 10.387227 0.014497 1.810873
v 10.723811 0.280991 1.816564
v 10.718602 0.540934 1.831779
v 10.713305 0.800853 1.869847
v 10.708500 1.032195 1.926451
v 10.703818 1.247003 2.035413
v 10.699036 1.456087 2.199168
v 10.696222 1.560064 2.391686
v 10.354477 1.553294 2.390349
v 10.357290 1.449317 2.197831
v 10.362073 1.240234 2.034076
v 10.366755 1.025425 1.925114
v 10.371558 0.794083 1.868510
v 10.376857 0.534164 1.830442
v 10.382065 0.274221 1.815227
vt 0.893138 0.310299
vt 0.970590 0.310535
vt 0.970818 0.236014
vt 0.893365 0.235778
vt 0.350966 0.308645
vt 0.428419 0.308881
vt 0.428647 0.234361
vt 0.351194 0.234124
vt 0.505872 0.309118
vt 0.506100 0.234597
vt 0.583325 0.309354
vt 0.583553 0.234833
vt 0.660778 0.309590
vt 0.661006 0.235069
vt 0.738231 0.309826
vt 0.738459 0.235305
vt 0.815684 0.310062
vt 0.815912 0.235542
vt 0.909100 0.217361
vt 0.986499 0.214477
vt 0.983724 0.140007
vt 0.906324 0.142892
vt 0.367302 0.237554
vt 0.444702 0.234670
vt 0.441926 0.160200
vt 0.364527 0.163085
vt 0.522102 0.231785
vt 0.519326 0.157316
vt 0.599501 0.228900
vt 0.596726 0.154431
vt 0.676901 0.226015
vt 0.674125 0.151546
vt 0.754300 0.223131
vt 0.751525 0.148661
vt 0.831700 0.220246
vt 0.828925 0.145777
vt 0.889685 0.305565
vt 0.967126 0.304225
vt 0.965837 0.229715
vt 0.888396 0.231055
vt 0.347592 0.314944
vt 0.425034 0.313604
vt 0.423745 0.239094
vt 0.346303 0.240434
vt 0.502476 0.312264
vt 0.501187 0.237754
vt 0.579917 0.310924
vt 0.578628 0.236415
vt 0.657359 0.309584
vt 0.656070 0.235075
vt 0.734801 0.308245
vt 0.733512 0.233735
vt 0.812243 0.306905
vt 0.810954 0.232395
vt 0.889685 0.305565
vt 0.967126 0.304225
vt 0.965837 0.229715
vt 0.888396 0.231055
vt 0.347592 0.314944
vt 0.425034 0.313604
vt 0.423745 0.239094
vt 0.346303 0.240434
vt 0.502476 0.312264
vt 0.501187 0.237754
vt 0.579917 0.310924
vt 0.578628 0.236415
vt 0.657359 0.309584
vt 0.656070 0.235075
vt 0.734801 0.308245
vt 0.733512 0.233735
vt 0.812243 0.306905
vt 0.810954 0.232395
vt 0.897486 0.479329
vt 0.974852 0.483008
vt 0.978392 0.408571
vt 0.901026 0.404892
vt 0.355924 0.453573
vt 0.433290 0.457253
vt 0.436830 0.382816
vt 0.359464 0.379136
vt 0.510656 0.460932
vt 0.514196 0.386495
vt 0.588022 0.464611
vt 0.591562 0.390174
vt 0.665388 0.468291
vt 0.668928 0.393854
vt 0.742754 0.471970
vt 0.746294 0.397533
vt 0.820120 0.475649
vt 0.823660 0.401213
vt 0.897486 0.479329
vt 0.974852 0.483008
vt 0.978392 0.408571
vt 0.901026 0.404892
vt 0.355924 0.453573
vt 0.433290 0.457253
vt 0.436830 0.382816
vt 0.359464 0.379136
vt 0.510656 0.460932
vt 0.514196 0.386495
vt 0.588022 0.464611
vt 0.591562 0.390174
vt 0.665388 0.468291
vt 0.668928 0.393854
vt 0.742754 0.471970
vt 0.746294 0.397533
vt 0.820120 0.475649
vt 0.823660 0.401213
vt 0.893138 0.310299
vt 0.970590 0.310535
vt 0.970818 0.236014
vt 0.893365 0.235778
vt 0.350966 0.308645
vt 0.428419 0.308881
vt 0.428647 0.234361
vt 0.351194 0.234124
vt 0.505872 0.309118
vt 0.506100 0.234597
vt 0.583325 0.309354
vt 0.583553 0.234833
vt 0.660778 0.309590
vt 0.661006 0.235069
vt 0.738231 0.309826
vt 0.738459 0.235305
vt 0.815684 0.310062
vt 0.815912 0.235542
vt 0.909100 0.217361
vt 0.986499 0.214477
vt 0.983724 0.140007
vt 0.906324 0.142892
vt 0.367302 0.237554
vt 0.444702 0.234670
vt 0.441926 0.160200
vt 0.364527 0.163085
vt 0.522102 0.231785
vt 0.519326 0.157316
vt 0.599501 0.228900
vt 0.596726 0.154431
vt 0.676901 0.226015
vt 0.674125 0.151546
vt 0.754300 0.223131
vt 0.751525 0.148661
vt 0.831700 0.220246
vt 0.828925 0.145777
vt 0.889685 0.305565
vt 0.967126 0.304225
vt 0.965837 0.229715
vt 0.888396 0.231055
vt 0.347592 0.314944
vt 0.425034 0.313604
vt 0.423745 0.239094
vt 0.346303 0.240434
vt 0.502476 0.312264
vt 0.501187 0.237754
vt 0.579917 0.310924
vt 0.578628 0.236415
vt 0.657359 0.309584
vt 0.656070 0.235075
vt 0.734801 0.308245
vt 0.733512 0.233735
vt 0.812243 0.306905
vt 0.810954 0.232395
vt 0.889685 0.305565
vt 0.967126 0.304225
vt 0.965837 0.229715
vt 0.888396 0.231055
vt 0.347592 0.314944
vt 0.425034 0.313604
vt 0.423745 0.239094
vt 0.346303 0.240434
vt 0.502476 0.312264
vt 0.501187 0.237754
vt 0.579917 0.310924
vt 0.578628 0.236415
vt 0.657359 0.309584
vt 0.656070 0.235075
vt 0.734801 0.308245
vt 0.733512 0.233735
vt 0.812243 0.306905
vt 0.810954 0.232395
vt 0.897486 0.479329
vt 0.974852 0.483008
vt 0.978392 0.408571
vt 0.901026 0.404892
vt 0.355924 0.453573
vt 0.433290 0.457253
vt 0.436830 0.382816
vt 0.359464 0.379136
vt 0.510656 0.460932
vt 0.514196 0.386495
vt 0.588022 0.464611
vt 0.591562 0.390174
vt 0.665388 0.468291
vt 0.668928 0.393854
vt 0.742754 0.471970
vt 0.746294 0.397533
vt 0.820120 0.475649
vt 0.823660 0.401213
vt 0.897486 0.479329
vt 0.974852 0.483008
vt 0.978392 0.408571
vt 0.901026 0.404892
vt 0.355924 0.453573
vt 0.433290 0.457253
vt 0.436830 0.382816
vt 0.359464 0.379136
vt 0.510656 0.460932
vt 0.514196 0.386495
vt 0.588022 0.464611
vt 0.591562 0.390174
vt 0.665388 0.468291
vt 0.668928 0.393854
vt 0.742754 0.471970
vt 0.746294 0.397533
vt 0.820120 0.475649
vt 0.823660 0.401213
vt 0.893138 0.310299
vt 0.970590 0.310535
vt 0.970818 0.236014
vt 0.893365 0.235778
vt 0.350966 0.308645
vt 0.428419 0.308881
vt 0.428647 0.234361
vt 0.351194 0.234124
vt 0.505872 0.309118
vt 0.506100 0.234597
vt 0.583325 0.309354
vt 0.583553 0.234833
vt 0.660778 0.309590
vt 0.661006 0.235069
vt 0.738231 0.309826
vt 0.738459 0.235305
vt 0.815684 0.310062
vt 0.815912 0.235542
vt 0.909100 0.217361
vt 0.986499 0.214477
vt 0.983724 0.140007
vt 0.906324 0.142892
vt 0.367302 0.237554
vt 0.444702 0.234670
vt 0.441926 0.160200
vt 0.364527 0.163085
vt 0.522102 0.231785
vt 0.519326 0.157316
vt 0.599501 0.228900
vt 0.596726 0.154431
vt 0.676901 0.226015
vt 0.674125 0.151546
vt 0.754300 0.223131
vt 0.751525 0.148661
vt 0.831700 0.220246
vt 0.828925 0.145777
vt 0.889685 0.305565
vt 0.967126 0.304225
vt 0.965837 0.229715
vt 0.888396 0.231055
vt 0.347592 0.314944
vt 0.425034 0.313604
vt 0.423745 0.239094
vt 0.346303 0.240434
vt 0.502476 0.312264
vt 0.501187 0.237754
vt 0.579917 0.310924
vt 0.578628 0.236415
vt 0.657359 0.309584
vt 0.656070 0.235075
vt 0.734801 0.308245
vt 0.733512 0.233735
vt 0.812243 0.306905
vt 0.810954 0.232395
vt 0.889685 0.305565
vt 0.967126 0.304225
vt 0.965837 0.229715
vt 0.888396 0.231055
vt 0.347592 0.314944
vt 0.425034 0.313604
vt 0.423745 0.239094
vt 0.346303 0.240434
vt 0.502476 0.312264
vt 0.501187 0.237754
vt 0.579917 0.310924
vt 0.578628 0.236415
vt 0.657359 0.309584
vt 0.656070 0.235075
vt 0.734801 0.308245
vt 0.733512 0.233735
vt 0.812243 0.306905
vt 0.810954 0.232395
vt 0.897486 0.479329
vt 0.974852 0.483008
vt 0.978392 0.408571
vt 0.901026 0.404892
vt 0.355924 0.453573
vt 0.433290 0.457253
vt 0.436830 0.382816
vt 0.359464 0.379136
vt 0.510656 0.460932
vt 0.514196 0.386495
vt 0.588022 0.464611
vt 0.591562 0.390174
vt 0.665388 0.468291
vt 0.668928 0.393854
vt 0.742754 0.471970
vt 0.746294 0.397533
vt 0.820120 0.475649
vt 0.823660 0.401213
vt 0.897486 0.479329
vt 0.974852 0.483008
vt 0.978392 0.408571
vt 0.901026 0.404892
vt 0.355924 0.453573
vt 0.433290 0.457253
vt 0.436830 0.382816
vt 0.359464 0.379136
vt 0.510656 0.460932
vt 0.514196 0.386495
vt 0.588022 0.464611
vt 0.591562 0.390174
vt 0.665388 0.468291
vt 0.668928 0.393854
vt 0.742754 0.471970
vt 0.746294 0.397533
vt 0.820120 0.475649
vt 0.823660 0.401213
vn -0.9561 0.2891 -0.0475
vn -0.9619 0.2691 -0.0489
vn 0.1976 0.9784 0.0604
vn -0.0215 0.9986 0.0473
vn -0.4323 0.9016 0.0161
vn -0.6810 0.7322 -0.0082
vn -0.8194 0.5727 -0.0249
vn -0.9005 0.4332 -0.0369
vn -0.9358 0.3499 -0.0432
vn 0.2165 0.0424 -0.9753
vn 0.2171 0.0215 -0.9759
vn -0.0078 0.9973 -0.0732
vn 0.0376 0.9612 -0.2732
vn 0.0351 0.9644 -0.2621
vn 0.1213 0.7691 -0.6275
vn 0.1197 0.7747 -0.6209
vn 0.1706 0.5408 -0.8236
vn 0.1957 0.3516 -0.9155
vn 0.2089 0.1961 -0.9580
vn 0.2140 0.1064 -0.9710
vn 0.8924 0.3532 0.2810
vn 0.8991 0.3336 0.2832
vn -0.2527 0.9638 -0.0850
vn -0.0452 0.9988 -0.0193
vn 0.3528 0.9295 0.1071
vn 0.6010 0.7772 0.1865
vn 0.7434 0.6272 0.2324
vn 0.8299 0.4934 0.2604
vn 0.8690 0.4125 0.2733
vn -0.2496 0.2196 -0.9431
vn -0.2509 0.1992 -0.9473
vn 0.0398 0.9915 0.1238
vn -0.0168 0.9958 -0.0892
vn -0.1216 0.8692 -0.4792
vn -0.1838 0.6820 -0.7078
vn -0.2176 0.5127 -0.8305
vn -0.2369 0.3676 -0.8993
vn -0.2451 0.2818 -0.9276
vn -0.4158 0.2065 0.8857
vn -0.4175 0.1860 0.8894
vn 0.0458 0.9932 -0.1073
vn -0.0477 0.9946 0.0923
vn -0.2178 0.8625 0.4567
vn -0.3165 0.6722 0.6692
vn -0.3689 0.5012 0.7827
vn -0.3979 0.3551 0.8459
vn -0.4096 0.2689 0.8717
vn -0.8314 0.0302 -0.5548
vn -0.8318 0.0093 -0.5549
vn -0.0474 0.9981 -0.0387
vn -0.2282 0.9605 -0.1590
vn -0.5387 0.7594 -0.3647
vn -0.7033 0.5307 -0.4729
vn -0.7811 0.3403 -0.5235
vn -0.8170 0.1842 -0.5463
vn -0.8279 0.0944 -0.5529
vn 0.5134 0.3028 -0.8029
vn 0.5184 0.2829 -0.8069
vn -0.1986 0.9719 0.1262
vn -0.0768 0.9955 -0.0561
vn 0.1635 0.9051 -0.3926
vn 0.3188 0.7401 -0.5921
vn 0.4110 0.5833 -0.7006
vn 0.4692 0.4456 -0.7624
vn 0.4965 0.3631 -0.7884
vn 0.7265 0.0859 0.6818
vn 0.7276 0.0652 0.6829
vn 0.0199 0.9996 0.0169
vn 0.1704 0.9725 0.1583
vn 0.1620 0.9752 0.1504
vn 0.4415 0.7965 0.4130
vn 0.4364 0.8017 0.4083
vn 0.5959 0.5772 0.5583
vn 0.6710 0.3923 0.6292
vn 0.7082 0.2388 0.6644
vn 0.7210 0.1498 0.6765
vn -0.7120 0.3284 0.6207
vn -0.7165 0.3086 0.6256
vn 0.1561 0.9698 -0.1874
vn -0.0075 0.9991 -0.0425
vn -0.3153 0.9190 0.2367
vn -0.5026 0.7599 0.4121
vn -0.6073 0.6063 0.5134
vn -0.6692 0.4702 0.5754
vn -0.6962 0.3883 0.6036
vn 0.3379 0.2685 0.9021
vn 0.3404 0.2484 0.9069
vn -0.0937 0.9832 -0.1567
vn -0.0152 0.9987 0.0487
vn 0.1351 0.8927 0.4299
vn 0.2286 0.7178 0.6576
vn 0.2821 0.5552 0.7824
vn 0.3145 0.4140 0.8542
vn 0.3291 0.3298 0.8848
vn -0.5598 0.1693 -0.8111
vn -0.5612 0.1487 -0.8142
vn 0.0222 0.9965 0.0805
vn -0.1020 0.9896 -0.1015
vn -0.3226 0.8425 -0.4314
vn -0.4462 0.6435 -0.6219
vn -0.5090 0.4680 -0.7224
vn -0.5417 0.3194 -0.7775
vn -0.5539 0.2323 -0.7995
vn 0.8983 0.0667 -0.4342
vn 0.8997 0.0460 -0.4342
vn 0.0103 0.9993 -0.0346
vn 0.2075 0.9697 -0.1286
vn 0.5517 0.7825 -0.2886
vn 0.7392 0.5612 -0.3723
vn 0.8312 0.3743 -0.4110
vn 0.8765 0.2200 -0.4282
vn 0.8919 0.1307 -0.4329
vn -0.4952 0.2825 -0.8215
vn -0.4967 0.2625 -0.8272
vn 0.0335 0.9781 0.2054
vn -0.0769 0.9969 0.0155
vn -0.2750 0.8974 -0.3450
vn -0.3876 0.7267 -0.5671
vn -0.4459 0.5665 -0.6929
vn -0.4771 0.4268 -0.7682
vn -0.4891 0.3434 -0.8018
vn 0.9315 0.0690 -0.3571
vn 0.9328 0.0482 -0.3570
vn 0.0310 0.9987 -0.0396
vn 0.2238 0.9681 -0.1122
vn 0.2130 0.9710 -0.1082
vn 0.5702 0.7858 -0.2392
vn 0.5638 0.7912 -0.2369
vn 0.7669 0.5630 -0.3080
vn 0.8621 0.3764 -0.3392
vn 0.9089 0.2221 -0.3528
vn 0.9248 0.1329 -0.3563
vn 0.2489 0.3530 0.9019
vn 0.2513 0.3334 0.9087
vn -0.0934 0.9636 -0.2505
vn -0.0345 0.9985 -0.0410
vn 0.0814 0.9293 0.3602
vn 0.1560 0.7769 0.6099
vn 0.2002 0.6270 0.7528
vn 0.2279 0.4932 0.8395
vn 0.2409 0.4124 0.8785
vn 0.9608 0.2642 0.0832
vn 0.9661 0.2441 0.0836
vn -0.1749 0.9845 -0.0130
vn 0.0443 0.9990 0.0059
vn 0.4520 0.8910 0.0407
vn 0.6964 0.7150 0.0614
vn 0.8308 0.5517 0.0726
vn 0.9086 0.4100 0.0790
vn 0.9419 0.3257 0.0817
vn -0.9731 0.1805 0.1432
vn -0.9766 0.1599 0.1438
vn 0.0892 0.9959 -0.0137
vn -0.1288 0.9915 0.0184
vn -0.5231 0.8488 0.0766
vn -0.7499 0.6523 0.1101
vn -0.8690 0.4781 0.1277
vn -0.9338 0.3302 0.1374
vn -0.9596 0.2433 0.1412
vn 0.0031 0.0377 -0.9993
vn 0.0036 0.0168 -0.9998
vn -0.0196 0.9984 -0.0535
vn -0.0180 0.9624 -0.2710
vn -0.0126 0.7641 -0.6449
vn -0.0073 0.5369 -0.8436
vn -0.0032 0.3472 -0.9377
vn 0.0000 0.1915 -0.9815
vn 0.0019 0.1018 -0.9948
usemtl Plant1
s 1
f 1363/1359/1262 1361/1360/1263 1362/1361/1263 1376/1362/1262
f 1359/1363/1264 1369/1364/1265 1370/1365/1265 1360/1366/1264
f 1369/1364/1265 1368/1367/1266 1371/1368/1266 1370/1365/1265
f 1368/1367/1266 1367/1369/1267 1372/1370/1267 1371/1368/1266
f 1367/1369/1267 1366/1371/1268 1373/1372/1268 1372/1370/1267
f 1366/1371/1268 1365/1373/1269 1374/1374/1269 1373/1372/1268
f 1365/1373/1269 1364/1375/1270 1375/1376/1270 1374/1374/1269
f 1364/1375/1270 1363/1359/1262 1376/1362/1262 1375/1376/1270
f 1381/1377/1271 1379/1378/1272 1380/1379/1272 1394/1380/1271
f 1377/1381/1273 1387/1382/1274 1388/1383/1275 1378/1384/1273
f 1387/1382/1274 1386/1385/1276 1389/1386/1277 1388/1383/1275
f 1386/1385/1276 1385/1387/1278 1390/1388/1278 1389/1386/1277
f 1385/1387/1278 1384/1389/1279 1391/1390/1279 1390/1388/1278
f 1384/1389/1279 1383/1391/1280 1392/1392/1280 1391/1390/1279
f 1383/1391/1280 1382/1393/1281 1393/1394/1281 1392/1392/1280
f 1382/1393/1281 1381/1377/1271 1394/1380/1271 1393/1394/1281
f 1399/1395/1282 1397/1396/1283 1398/1397/1283 1412/1398/1282
f 1395/1399/1284 1405/1400/1285 1406/1401/1285 1396/1402/1284
f 1405/1400/1285 1404/1403/1286 1407/1404/1286 1406/1401/1285
f 1404/1403/1286 1403/1405/1287 1408/1406/1287 1407/1404/1286
f 1403/1405/1287 1402/1407/1288 1409/1408/1288 1408/1406/1287
f 1402/1407/1288 1401/1409/1289 1410/1410/1289 1409/1408/1288
f 1401/1409/1289 1400/1411/1290 1411/1412/1290 1410/1410/1289
f 1400/1411/1290 1399/1395/1282 1412/1398/1282 1411/1412/1290
f 1417/1413/1291 1415/1414/1292 1416/1415/1292 1430/1416/1291
f 1413/1417/1293 1423/1418/1294 1424/1419/1294 1414/1420/1293
f 1423/1418/1294 1422/1421/1295 1425/1422/1295 1424/1419/1294
f 1422/1421/1295 1421/1423/1296 1426/1424/1296 1425/1422/1295
f 1421/1423/1296 1420/1425/1297 1427/1426/1297 1426/1424/1296
f 1420/1425/1297 1419/1427/1298 1428/1428/1298 1427/1426/1297
f 1419/1427/1298 1418/1429/1299 1429/1430/1299 1428/1428/1298
f 1418/1429/1299 1417/1413/1291 1430/1416/1291 1429/1430/1299
f 1435/1431/1300 1433/1432/1301 1434/1433/1301 1448/1434/1300
f 1431/1435/1302 1441/1436/1303 1442/1437/1303 1432/1438/1302
f 1441/1436/1303 1440/1439/1304 1443/1440/1304 1442/1437/1303
f 1440/1439/1304 1439/1441/1305 1444/1442/1305 1443/1440/1304
f 1439/1441/1305 1438/1443/1306 1445/1444/1306 1444/1442/1305
f 1438/1443/1306 1437/1445/1307 1446/1446/1307 1445/1444/1306
f 1437/1445/1307 1436/1447/1308 1447/1448/1308 1446/1446/1307
f 1436/1447/1308 1435/1431/1300 1448/1434/1300 1447/1448/1308
f 1453/1449/1309 1451/1450/1310 1452/1451/1310 1466/1452/1309
f 1449/1453/1311 1459/1454/1312 1460/1455/1312 1450/1456/1311
f 1459/1454/1312 1458/1457/1313 1461/1458/1313 1460/1455/1312
f 1458/1457/1313 1457/1459/1314 1462/1460/1314 1461/1458/1313
f 1457/1459/1314 1456/1461/1315 1463/1462/1315 1462/1460/1314
f 1456/1461/1315 1455/1463/1316 1464/1464/1316 1463/1462/1315
f 1455/1463/1316 1454/1465/1317 1465/1466/1317 1464/1464/1316
f 1454/1465/1317 1453/1449/1309 1466/1452/1309 1465/1466/1317
f 1471/1467/1318 1469/1468/1319 1470/1469/1319 1484/1470/1318
f 1467/1471/1320 1477/1472/1321 1478/1473/1321 1468/1474/1320
f 1477/1472/1321 1476/1475/1322 1479/1476/1322 1478/1473/1321
f 1476/1475/1322 1475/1477/1323 1480/1478/1323 1479/1476/1322
f 1475/1477/1323 1474/1479/1324 1481/1480/1324 1480/1478/1323
f 1474/1479/1324 1473/1481/1325 1482/1482/1325 1481/1480/1324
f 1473/1481/1325 1472/1483/1326 1483/1484/1326 1482/1482/1325
f 1472/1483/1326 1471/1467/1318 1484/1470/1318 1483/1484/1326
f 1489/1485/1327 1487/1486/1328 1488/1487/1328 1502/1488/1327
f 1485/1489/1329 1495/1490/1330 1496/1491/1331 1486/1492/1329
f 1495/1490/1330 1494/1493/1332 1497/1494/1333 1496/1491/1331
f 1494/1493/1332 1493/1495/1334 1498/1496/1334 1497/1494/1333
f 1493/1495/1334 1492/1497/1335 1499/1498/1335 1498/1496/1334
f 1492/1497/1335 1491/1499/1336 1500/1500/1336 1499/1498/1335
f 1491/1499/1336 1490/1501/1337 1501/1502/1337 1500/1500/1336
f 1490/1501/1337 1489/1485/1327 1502/1488/1327 1501/1502/1337
f 1507/1503/1338 1505/1504/1339 1506/1505/1339 1520/1506/1338
f 1503/1507/1340 1513/1508/1341 1514/1509/1341 1504/1510/1340
f 1513/1508/1341 1512/1511/1342 1515/1512/1342 1514/1509/1341
f 1512/1511/1342 1511/1513/1343 1516/1514/1343 1515/1512/1342
f 1511/1513/1343 1510/1515/1344 1517/1516/1344 1516/1514/1343
f 1510/1515/1344 1509/1517/1345 1518/1518/1345 1517/1516/1344
f 1509/1517/1345 1508/1519/1346 1519/1520/1346 1518/1518/1345
f 1508/1519/1346 1507/1503/1338 1520/1506/1338 1519/1520/1346
f 1525/1521/1347 1523/1522/1348 1524/1523/1348 1538/1524/1347
f 1521/1525/1349 1531/1526/1350 1532/1527/1350 1522/1528/1349
f 1531/1526/1350 1530/1529/1351 1533/1530/1351 1532/1527/1350
f 1530/1529/1351 1529/1531/1352 1534/1532/1352 1533/1530/1351
f 1529/1531/1352 1528/1533/1353 1535/1534/1353 1534/1532/1352
f 1528/1533/1353 1527/1535/1354 1536/1536/1354 1535/1534/1353
f 1527/1535/1354 1526/1537/1355 1537/1538/1355 1536/1536/1354
f 1526/1537/1355 1525/1521/1347 1538/1524/1347 1537/1538/1355
f 1543/1539/1356 1541/1540/1357 1542/1541/1357 1556/1542/1356
f 1539/1543/1358 1549/1544/1359 1550/1545/1359 1540/1546/1358
f 1549/1544/1359 1548/1547/1360 1551/1548/1360 1550/1545/1359
f 1548/1547/1360 1547/1549/1361 1552/1550/1361 1551/1548/1360
f 1547/1549/1361 1546/1551/1362 1553/1552/1362 1552/1550/1361
f 1546/1551/1362 1545/1553/1363 1554/1554/1363 1553/1552/1362
f 1545/1553/1363 1544/1555/1364 1555/1556/1364 1554/1554/1363
f 1544/1555/1364 1543/1539/1356 1556/1542/1356 1555/1556/1364
f 1561/1557/1365 1559/1558/1366 1560/1559/1366 1574/1560/1365
f 1557/1561/1367 1567/1562/1368 1568/1563/1368 1558/1564/1367
f 1567/1562/1368 1566/1565/1369 1569/1566/1369 1568/1563/1368
f 1566/1565/1369 1565/1567/1370 1570/1568/1370 1569/1566/1369
f 1565/1567/1370 1564/1569/1371 1571/1570/1371 1570/1568/1370
f 1564/1569/1371 1563/1571/1372 1572/1572/1372 1571/1570/1371
f 1563/1571/1372 1562/1573/1373 1573/1574/1373 1572/1572/1372
f 1562/1573/1373 1561/1557/1365 1574/1560/1365 1573/1574/1373
f 1579/1575/1374 1577/1576/1375 1578/1577/1375 1592/1578/1374
f 1575/1579/1376 1585/1580/1377 1586/1581/1377 1576/1582/1376
f 1585/1580/1377 1584/1583/1378 1587/1584/1378 1586/1581/1377
f 1584/1583/1378 1583/1585/1379 1588/1586/1379 1587/1584/1378
f 1583/1585/1379 1582/1587/1380 1589/1588/1380 1588/1586/1379
f 1582/1587/1380 1581/1589/1381 1590/1590/1381 1589/1588/1380
f 1581/1589/1381 1580/1591/1382 1591/1592/1382 1590/1590/1381
f 1580/1591/1382 1579/1575/1374 1592/1578/1374 1591/1592/1382
f 1597/1593/1383 1595/1594/1384 1596/1595/1384 1610/1596/1383
f 1593/1597/1385 1603/1598/1386 1604/1599/1387 1594/1600/1385
f 1603/1598/1386 1602/1601/1388 1605/1602/1389 1604/1599/1387
f 1602/1601/1388 1601/1603/1390 1606/1604/1390 1605/1602/1389
f 1601/1603/1390 1600/1605/1391 1607/1606/1391 1606/1604/1390
f 1600/1605/1391 1599/1607/1392 1608/1608/1392 1607/1606/1391
f 1599/1607/1392 1598/1609/1393 1609/1610/1393 1608/1608/1392
f 1598/1609/1393 1597/1593/1383 1610/1596/1383 1609/1610/1393
f 1615/1611/1394 1613/1612/1395 1614/1613/1395 1628/1614/1394
f 1611/1615/1396 1621/1616/1397 1622/1617/1397 1612/1618/1396
f 1621/1616/1397 1620/1619/1398 1623/1620/1398 1622/1617/1397
f 1620/1619/1398 1619/1621/1399 1624/1622/1399 1623/1620/1398
f 1619/1621/1399 1618/1623/1400 1625/1624/1400 1624/1622/1399
f 1618/1623/1400 1617/1625/1401 1626/1626/1401 1625/1624/1400
f 1617/1625/1401 1616/1627/1402 1627/1628/1402 1626/1626/1401
f 1616/1627/1402 1615/1611/1394 1628/1614/1394 1627/1628/1402
f 1633/1629/1403 1631/1630/1404 1632/1631/1404 1646/1632/1403
f 1629/1633/1405 1639/1634/1406 1640/1635/1406 1630/1636/1405
f 1639/1634/1406 1638/1637/1407 1641/1638/1407 1640/1635/1406
f 1638/1637/1407 1637/1639/1408 1642/1640/1408 1641/1638/1407
f 1637/1639/1408 1636/1641/1409 1643/1642/1409 1642/1640/1408
f 1636/1641/1409 1635/1643/1410 1644/1644/1410 1643/1642/1409
f 1635/1643/1410 1634/1645/1411 1645/1646/1411 1644/1644/1410
f 1634/1645/1411 1633/1629/1403 1646/1632/1403 1645/1646/1411
f 1651/1647/1412 1649/1648/1413 1650/1649/1413 1664/1650/1412
f 1647/1651/1414 1657/1652/1415 1658/1653/1415 1648/1654/1414
f 1657/1652/1415 1656/1655/1416 1659/1656/1416 1658/1653/1415
f 1656/1655/1416 1655/1657/1417 1660/1658/1417 1659/1656/1416
f 1655/1657/1417 1654/1659/1418 1661/1660/1418 1660/1658/1417
f 1654/1659/1418 1653/1661/1419 1662/1662/1419 1661/1660/1418
f 1653/1661/1419 1652/1663/1420 1663/1664/1420 1662/1662/1419
f 1652/1663/1420 1651/1647/1412 1664/1650/1412 1663/1664/1420
f 1669/1665/1421 1667/1666/1422 1668/1667/1422 1682/1668/1421
f 1665/1669/1423 1675/1670/1424 1676/1671/1424 1666/1672/1423
f 1675/1670/1424 1674/1673/1425 1677/1674/1425 1676/1671/1424
f 1674/1673/1425 1673/1675/1426 1678/1676/1426 1677/1674/1425
f 1673/1675/1426 1672/1677/1427 1679/1678/1427 1678/1676/1426
f 1672/1677/1427 1671/1679/1428 1680/1680/1428 1679/1678/1427
f 1671/1679/1428 1670/1681/1429 1681/1682/1429 1680/1680/1428
f 1670/1681/1429 1669/1665/1421 1682/1668/1421 1681/1682/1429
o Plane.035_Plane.101
v 4.883652 1.013494 1.910440
v 4.883381 0.994249 2.111514
v 6.330842 0.076764 1.822737
v 6.330571 0.057520 2.023811
v 6.202103 0.227319 1.836973
v 6.075521 0.381001 1.851511
v 5.945737 0.530039 1.865601
v 5.798718 0.654097 1.877276
v 5.625512 0.740192 1.885282
v 5.437468 0.804779 1.891210
v 5.245217 0.863267 1.896549
v 5.057776 0.928729 1.902562
v 5.057505 0.909484 2.103636
v 5.244946 0.844022 2.097623
v 5.437197 0.785535 2.092284
v 5.625241 0.720947 2.086356
v 5.798448 0.634852 2.078350
v 5.945466 0.510795 2.066674
v 6.075251 0.361756 2.052585
v 6.201832 0.208075 2.038047
v 7.905403 0.786904 2.999299
v 8.007738 0.815234 2.790647
v 6.260305 0.091296 2.098003
v 6.362640 0.119625 1.889351
v 6.417817 0.229024 2.193956
v 6.573629 0.370819 2.289627
v 6.731966 0.506575 2.385716
v 6.903890 0.609844 2.484059
v 7.096461 0.663743 2.585825
v 7.300730 0.689672 2.689530
v 7.508316 0.707669 2.793786
v 7.712109 0.734734 2.897413
v 7.814444 0.763064 2.688761
v 7.610651 0.735998 2.585134
v 7.403065 0.718002 2.480879
v 7.198796 0.692073 2.377173
v 7.006225 0.638174 2.275407
v 6.834301 0.534905 2.177064
v 6.675964 0.399148 2.080975
v 6.520152 0.257354 1.985304
v 6.814484 1.246611 0.459439
v 6.591501 1.317934 0.460910
v 6.445373 0.060284 2.027540
v 6.222390 0.131607 2.029011
v 6.501994 0.240029 1.895357
v 6.559665 0.422998 1.766004
v 6.615776 0.601179 1.632450
v 6.663497 0.753596 1.476292
v 6.698469 0.866860 1.285784
v 6.726217 0.957943 1.075815
v 6.751917 1.042734 0.860328
v 6.779959 1.134718 0.651150
v 6.556976 1.206041 0.652621
v 6.528934 1.114057 0.861799
v 6.503234 1.029266 1.077286
v 6.475486 0.938183 1.287255
v 6.440515 0.824919 1.477763
v 6.392793 0.672502 1.633921
v 6.336681 0.494321 1.767475
v 6.279011 0.311352 1.896829
v 5.407146 1.379930 0.801933
v 5.264290 1.423869 0.982133
v 6.422873 0.073120 1.925810
v 6.280016 0.117059 2.106010
v 6.350769 0.265377 1.821770
v 6.281406 0.460800 1.719131
v 6.207973 0.651522 1.614411
v 6.112632 0.816950 1.498492
v 5.984001 0.943940 1.365553
v 5.836509 1.049152 1.222972
v 5.683669 1.148189 1.077657
v 5.536943 1.254287 0.935468
v 5.394087 1.298225 1.115668
v 5.540812 1.192128 1.257856
v 5.693652 1.093091 1.403172
v 5.841144 0.987878 1.545753
v 5.969775 0.860889 1.678692
v 6.065116 0.695461 1.794611
v 6.138550 0.504739 1.899331
v 6.207912 0.309316 2.001970
v 6.854843 0.046061 3.724821
v 7.073300 0.035988 3.641241
v 6.202551 0.117961 2.027780
v 6.420735 0.106351 1.943686
v 6.282546 0.211164 2.222460
v 6.362500 0.308727 2.416431
v 6.442514 0.399817 2.611454
v 6.518773 0.437797 2.803770
v 6.589517 0.414628 2.989568
v 6.660100 0.374412 3.177096
v 6.727444 0.285238 3.363039
v 6.789897 0.158024 3.541508
v 7.008315 0.147806 3.457844
v 6.945780 0.274661 3.279207
v 6.878364 0.363400 3.093131
v 6.807739 0.403258 2.905543
v 6.736975 0.426272 2.719714
v 6.660697 0.388207 2.527360
v 6.580683 0.297118 2.332337
v 6.500730 0.199555 2.138365
v 8.095421 0.279783 2.267969
v 8.114779 0.287278 2.034774
v 6.290347 0.106659 2.118500
v 6.309343 0.112552 1.885230
v 6.485425 0.227376 2.137436
v 6.679241 0.352325 2.156375
v 6.874929 0.470990 2.175309
v 7.074029 0.536465 2.193070
v 7.273510 0.540224 2.209068
v 7.476853 0.527291 2.224885
v 7.684251 0.465442 2.239817
v 7.888206 0.364692 2.253474
v 7.907492 0.372030 2.020268
v 7.703402 0.472400 2.006589
v 7.495915 0.533797 1.991636
v 7.292550 0.546366 1.975809
v 7.093056 0.542448 1.959805
v 6.893925 0.476883 1.942039
v 6.698237 0.358219 1.923105
v 6.504420 0.233269 1.904166
v 4.679631 1.139155 2.378270
v 4.774060 1.183550 2.587848
v 6.298907 0.078203 1.873415
v 6.393336 0.122598 2.082992
v 6.148343 0.249434 1.904982
v 5.999753 0.424255 1.934900
v 5.848231 0.593745 1.967268
v 5.680930 0.734560 2.012820
v 5.489649 0.831797 2.078408
v 5.284783 0.904346 2.155346
v 5.076065 0.969892 2.235504
v 4.871751 1.043445 2.311981
v 4.966181 1.087839 2.521559
v 5.170495 1.014287 2.445081
v 5.379213 0.948740 2.364924
v 5.584079 0.876192 2.287986
v 5.775359 0.778955 2.222398
v 5.942660 0.638140 2.176846
v 6.094182 0.468649 2.144478
v 6.242772 0.293829 2.114560
v 4.989192 1.139156 0.957057
v 4.885894 1.183550 1.162409
v 6.401258 0.078203 1.896740
v 6.297960 0.122598 2.102091
v 6.281903 0.249434 1.799681
v 6.165072 0.424255 1.703117
v 6.044492 0.593745 1.605819
v 5.903732 0.734560 1.504570
v 5.732307 0.831797 1.397316
v 5.543509 0.904346 1.286660
v 5.349783 0.969893 1.175039
v 5.161691 1.043445 1.064522
v 5.058393 1.087840 1.269873
v 5.246485 1.014288 1.380390
v 5.440210 0.948741 1.492011
v 5.629009 0.876192 1.602667
v 5.800434 0.778955 1.709921
v 5.941194 0.638140 1.811171
v 6.061774 0.468650 1.908469
v 6.178604 0.293829 2.005033
v 7.675122 1.277074 1.146213
v 7.519796 1.307628 0.973728
v 6.382675 0.083315 2.098618
v 6.227350 0.113869 1.926133
v 6.500437 0.266925 2.025097
v 6.616461 0.453966 1.953748
v 6.735065 0.635913 1.879173
v 6.867562 0.790463 1.787235
v 7.021169 0.903376 1.668911
v 7.186736 0.992701 1.535638
v 7.355695 1.075336 1.398126
v 7.520775 1.165619 1.265461
v 7.365450 1.196173 1.092976
v 7.200369 1.105890 1.225641
v 7.031411 1.023255 1.363153
v 6.865844 0.933930 1.496426
v 6.712237 0.821017 1.614750
v 6.579741 0.666467 1.706688
v 6.461135 0.484520 1.781263
v 6.345112 0.297480 1.852612
v 7.669937 1.104853 1.724779
v 7.611827 1.098683 1.531424
v 6.359775 0.065275 2.151703
v 6.301665 0.059105 1.958348
v 6.471193 0.225088 2.113118
v 6.580314 0.387882 2.075129
v 6.692846 0.546250 2.036255
v 6.823738 0.680803 1.992624
v 6.982531 0.779165 1.941762
v 7.157129 0.857023 1.886804
v 7.336211 0.929067 1.830685
v 7.510168 1.007759 1.775894
v 7.452058 1.001589 1.582538
v 7.278101 0.922897 1.637330
v 7.099020 0.850853 1.693449
v 6.924420 0.772995 1.748407
v 6.765628 0.674633 1.799268
v 6.634736 0.540080 1.842900
v 6.522203 0.381712 1.881773
v 6.413083 0.218918 1.919763
v 6.349872 1.277074 0.395775
v 6.120546 1.307628 0.431641
v 6.441505 0.083314 1.998615
v 6.212179 0.113869 2.034481
v 6.444261 0.266925 1.859814
v 6.447886 0.453966 1.723657
v 6.450219 0.635913 1.583574
v 6.445598 0.790463 1.422370
v 6.430409 0.903376 1.229070
v 6.409235 0.992701 1.017586
v 6.386362 1.075336 0.800944
v 6.365430 1.165619 0.590199
v 6.136104 1.196173 0.626066
v 6.157036 1.105890 0.836811
v 6.179908 1.023255 1.053452
v 6.201083 0.933930 1.264936
v 6.216271 0.821017 1.458236
v 6.220892 0.666467 1.619440
v 6.218559 0.484520 1.759523
v 6.214934 0.297480 1.895681
v 6.791855 -0.075080 3.920482
v 7.015277 -0.058668 3.852484
v 6.199646 0.104218 2.017933
v 6.423068 0.120630 1.949934
v 6.262289 0.149643 2.234725
v 6.324720 0.199464 2.451879
v 6.387466 0.242756 2.668495
v 6.451910 0.250923 2.882209
v 6.518933 0.205710 3.091515
v 6.587418 0.130257 3.298323
v 6.656316 0.046226 3.504422
v 6.724741 -0.027998 3.711331
v 6.948164 -0.011586 3.643333
v 6.879738 0.062639 3.436424
v 6.810840 0.146669 3.230324
v 6.742355 0.222123 3.023517
v 6.675332 0.267335 2.814211
v 6.610888 0.259168 2.600497
v 6.548142 0.215876 2.383881
v 6.485711 0.166055 2.166726
v 7.133421 0.251896 0.161569
v 6.914859 0.248259 0.077736
v 6.420638 0.114242 2.025850
v 6.202075 0.110606 1.942017
v 6.496678 0.194884 1.824105
v 6.572506 0.279922 1.622723
v 6.648650 0.358431 1.420802
v 6.726491 0.401815 1.215980
v 6.806911 0.391819 1.006749
v 6.888793 0.351582 0.795019
v 6.971088 0.302769 0.582582
v 7.052911 0.263761 0.370954
v 6.834349 0.260124 0.287121
v 6.752527 0.299132 0.498749
v 6.670231 0.347945 0.711186
v 6.588349 0.388182 0.922916
v 6.507929 0.398178 1.132147
v 6.430088 0.354794 1.336969
v 6.353944 0.276285 1.538890
v 6.278116 0.191247 1.740272
v 5.470566 0.117149 3.125984
v 5.620285 0.129196 3.219191
v 6.240937 0.089491 1.923106
v 6.390836 0.103116 2.015804
v 6.153576 0.164381 2.053367
v 6.066320 0.242540 2.182978
v 5.979276 0.314838 2.312841
v 5.894073 0.343297 2.442836
v 5.808591 0.325738 2.576799
v 5.717925 0.312796 2.717480
v 5.628462 0.271585 2.859987
v 5.547213 0.195764 2.995018
v 5.696930 0.208034 3.088200
v 5.778201 0.284390 2.953072
v 5.867728 0.326173 2.810391
v 5.958467 0.339462 2.669544
v 6.043967 0.357023 2.535542
v 6.129175 0.328479 2.405540
v 6.216219 0.256165 2.275676
v 6.303476 0.178006 2.146065
v 4.848455 -0.007721 1.926975
v 4.853000 -0.021618 2.097892
v 6.309896 0.102567 1.897087
v 6.314441 0.088669 2.068004
v 6.145201 0.138193 1.904363
v 5.980349 0.177041 1.911904
v 5.815729 0.211105 1.919051
v 5.652352 0.219432 1.924072
v 5.490865 0.188647 1.925862
v 5.330449 0.135704 1.925822
v 5.170336 0.076477 1.925263
v 5.009876 0.024434 1.925298
v 5.014421 0.010537 2.096215
v 5.174880 0.062579 2.096180
v 5.334993 0.121806 2.096739
v 5.495409 0.174750 2.096779
v 5.656896 0.205535 2.094989
v 5.820273 0.197207 2.089968
v 5.984893 0.163143 2.082821
v 6.149745 0.124296 2.075279
v 7.929199 0.236973 0.807783
v 7.780390 0.244698 0.627209
v 6.385761 0.108562 2.074220
v 6.236952 0.116286 1.893647
v 6.554096 0.188177 1.938903
v 6.722219 0.272188 1.803948
v 6.890658 0.349670 1.668454
v 7.060794 0.392027 1.530059
v 7.233509 0.381004 1.387254
v 7.407685 0.339740 1.241952
v 7.582276 0.289900 1.095942
v 7.756393 0.249865 0.950741
v 7.607584 0.257589 0.770168
v 7.433467 0.297624 0.915368
v 7.258877 0.347465 1.061379
v 7.084700 0.388728 1.206681
v 6.911985 0.399751 1.349485
v 6.741849 0.357394 1.487880
v 6.573411 0.279912 1.623374
v 6.405288 0.195901 1.758329
v 4.614939 0.061694 0.938062
v 4.502835 0.061694 1.143593
v 6.370744 0.112234 1.895740
v 6.258640 0.112234 2.101271
v 6.175655 0.172264 1.789331
v 5.980566 0.236710 1.682923
v 5.785476 0.294597 1.576514
v 5.590386 0.317199 1.470105
v 5.395297 0.286177 1.363697
v 5.200208 0.224776 1.257288
v 5.005118 0.154760 1.150879
v 4.810029 0.094593 1.044471
v 4.697925 0.094593 1.250002
v 4.893014 0.154760 1.356411
v 5.088103 0.224776 1.462819
v 5.283193 0.286177 1.569228
v 5.478282 0.317199 1.675637
v 5.673372 0.294597 1.782045
v 5.868461 0.236710 1.888454
v 6.063551 0.172264 1.994863
v 6.817719 0.058319 3.377569
v 6.975163 0.058319 3.309470
v 6.235970 0.095351 2.032555
v 6.393415 0.095351 1.964456
v 6.300609 0.139336 2.182001
v 6.365247 0.186556 2.331447
v 6.429886 0.228972 2.480893
v 6.494525 0.245532 2.630339
v 6.559164 0.222802 2.779785
v 6.623802 0.177813 2.929231
v 6.688441 0.126510 3.078677
v 6.753080 0.082425 3.228123
v 6.910525 0.082425 3.160024
v 6.845886 0.126510 3.010579
v 6.781247 0.177813 2.861132
v 6.716609 0.222802 2.711687
v 6.651970 0.245532 2.562240
v 6.587331 0.228972 2.412794
v 6.522692 0.186556 2.263348
v 6.458054 0.139336 2.113902
v 7.681657 0.251280 2.349652
v 7.710884 0.263734 2.175758
v 6.286886 0.087791 2.086903
v 6.315427 0.101765 1.913011
v 6.432615 0.177252 2.118012
v 6.577399 0.269910 2.149221
v 6.722888 0.356744 2.180221
v 6.871945 0.399860 2.210072
v 7.029107 0.397507 2.239328
v 7.193967 0.400552 2.270808
v 7.362730 0.375549 2.300879
v 7.524795 0.315083 2.326617
v 7.553978 0.327757 2.152731
v 7.391765 0.388746 2.127002
v 7.222764 0.414302 2.096929
v 7.057691 0.411585 2.065438
v 6.900486 0.413936 2.036180
v 6.751429 0.370735 2.006329
v 6.605940 0.283885 1.975329
v 6.461156 0.191227 1.944120
v 4.312897 0.061694 1.917781
v 4.317148 0.061694 2.151859
v 6.312567 0.112234 1.881467
v 6.316818 0.112234 2.115545
v 6.090381 0.172264 1.885502
v 5.868196 0.236710 1.889536
v 5.646010 0.294597 1.893571
v 5.423824 0.317199 1.897606
v 5.201639 0.286177 1.901641
v 4.979454 0.224776 1.905676
v 4.757268 0.154760 1.909711
v 4.535082 0.094593 1.913746
v 4.539333 0.094593 2.147824
v 4.761518 0.154760 2.143789
v 4.983705 0.224776 2.139754
v 5.205890 0.286177 2.135719
v 5.428075 0.317199 2.131684
v 5.650261 0.294597 2.127649
v 5.872447 0.236710 2.123615
v 6.094632 0.172264 2.119580
v 7.941811 0.061694 0.829665
v 7.794345 0.061694 0.647828
v 6.388425 0.112234 2.089424
v 6.240960 0.112234 1.907587
v 6.561023 0.172264 1.949451
v 6.733622 0.236710 1.809478
v 6.906220 0.294597 1.669504
v 7.078818 0.317199 1.529531
v 7.251417 0.286177 1.389558
v 7.424016 0.224776 1.249585
v 7.596614 0.154760 1.109612
v 7.769212 0.094593 0.969638
v 7.621747 0.094593 0.787802
v 7.449149 0.154760 0.927775
v 7.276550 0.224776 1.067748
v 7.103952 0.286177 1.207721
v 6.931353 0.317199 1.347695
v 6.758755 0.294597 1.487668
v 6.586156 0.236710 1.627641
v 6.413558 0.172264 1.767614
v 4.590630 0.647650 2.824469
v 4.711530 0.676341 3.022889
v 6.266821 0.093504 1.883269
v 6.387722 0.122196 2.081689
v 6.093589 0.217158 1.970942
v 5.921232 0.344989 2.057477
v 5.747575 0.466618 2.145701
v 5.566925 0.554875 2.243012
v 5.375646 0.592420 2.354133
v 5.178345 0.601234 2.473077
v 4.979337 0.601900 2.594239
v 4.782281 0.611881 2.712865
v 4.903181 0.640573 2.911285
v 5.100237 0.630591 2.792659
v 5.299245 0.629925 2.671497
v 5.496546 0.621111 2.552553
v 5.687825 0.583566 2.441432
v 5.868476 0.495309 2.344121
v 6.042132 0.373681 2.255897
v 6.214489 0.245850 2.169362
v 5.476368 1.013494 0.822596
v 5.320024 0.994249 0.949038
v 6.456041 0.076764 1.891377
v 6.299697 0.057520 2.017819
v 6.363894 0.227319 1.800353
v 6.272871 0.381001 1.711195
v 6.180179 0.530039 1.619267
v 6.078507 0.654097 1.512433
v 5.963190 0.740192 1.382948
v 5.840140 0.804779 1.240629
v 5.714899 0.863267 1.094672
v 5.592164 0.928728 0.952875
v 5.435821 0.909484 1.079317
v 5.558556 0.844022 1.221114
v 5.683797 0.785535 1.367071
v 5.806846 0.720947 1.509389
v 5.922164 0.634852 1.638875
v 6.023836 0.510795 1.745709
v 6.116528 0.361756 1.837637
v 6.207551 0.208075 1.926795
v 6.576449 0.686746 1.049374
v 6.442232 0.712716 1.041160
v 6.396645 0.066112 2.025158
v 6.262428 0.092082 2.016944
v 6.421323 0.166278 1.938616
v 6.446317 0.268544 1.853546
v 6.470841 0.367693 1.766290
v 6.492839 0.450066 1.667274
v 6.510999 0.506948 1.550386
v 6.526983 0.549387 1.423373
v 6.542351 0.587731 1.293489
v 6.558424 0.630757 1.166888
v 6.424207 0.656727 1.158674
v 6.408134 0.613701 1.285275
v 6.392766 0.575357 1.415159
v 6.376781 0.532918 1.542172
v 6.358622 0.476036 1.659060
v 6.336624 0.393663 1.758076
v 6.312099 0.294514 1.845332
v 6.287106 0.192248 1.930402
v 8.033955 1.028880 2.365178
v 8.041233 1.073806 2.135528
v 6.289150 0.080105 2.124269
v 6.296429 0.125031 1.894619
v 6.449527 0.241124 2.160853
v 6.607651 0.405884 2.198096
v 6.769120 0.565089 2.234359
v 6.948592 0.694408 2.265346
v 7.155420 0.778309 2.288315
v 7.377748 0.836479 2.306741
v 7.604471 0.887353 2.323879
v 7.826168 0.946569 2.342490
v 7.833447 0.991496 2.112840
v 7.611749 0.932279 2.094229
v 7.385026 0.881406 2.077091
v 7.162699 0.823235 2.058665
v 6.955870 0.739334 2.035696
v 6.776399 0.610016 2.004709
v 6.614929 0.450810 1.968446
v 6.456806 0.286050 1.931203
v 5.675959 0.664920 3.792682
v 5.891791 0.749008 3.826684
v 6.199414 0.063288 1.957856
v 6.415246 0.147377 1.991858
v 6.122936 0.187616 2.135844
v 6.045225 0.315811 2.312091
v 5.969344 0.438263 2.490924
v 5.903309 0.529819 2.683669
v 5.852236 0.574421 2.897555
v 5.809640 0.592422 3.123418
v 5.769448 0.602880 3.352679
v 5.726508 0.621962 3.578055
v 5.942340 0.706051 3.612058
v 5.985281 0.686968 3.386681
v 6.025472 0.676511 3.157421
v 6.068068 0.658509 2.931557
v 6.119141 0.613907 2.717671
v 6.185176 0.522352 2.524926
v 6.261057 0.399900 2.346093
v 6.338768 0.271705 2.169846
v 6.442073 0.061693 -0.000000
v 6.207956 0.061693 -0.000000
v 6.442073 0.112234 2.000000
v 6.207956 0.112234 2.000000
v 6.442073 0.172263 1.777777
v 6.442073 0.236709 1.555555
v 6.442073 0.294597 1.333333
v 6.442073 0.317199 1.111111
v 6.442073 0.286177 0.888888
v 6.442073 0.224776 0.666666
v 6.442073 0.154759 0.444444
v 6.442073 0.094593 0.222222
v 6.207956 0.094593 0.222222
v 6.207956 0.154759 0.444444
v 6.207956 0.224776 0.666666
v 6.207956 0.286177 0.888888
v 6.207956 0.317199 1.111111
v 6.207956 0.294597 1.333333
v 6.207956 0.236709 1.555555
v 6.207956 0.172263 1.777777
v 8.244462 0.061693 1.426044
v 8.164399 0.061693 1.206043
v 6.365046 0.112234 2.110000
v 6.284983 0.112234 1.889999
v 6.573870 0.172263 2.034005
v 6.782694 0.236709 1.958010
v 6.991518 0.294597 1.882015
v 7.200342 0.317199 1.806020
v 7.409166 0.286177 1.730025
v 7.617990 0.224776 1.654030
v 7.826814 0.154759 1.578035
v 8.035638 0.094593 1.502040
v 7.955575 0.094593 1.282038
v 7.746751 0.154759 1.358033
v 7.537927 0.224776 1.434029
v 7.329103 0.286177 1.510024
v 7.120279 0.317199 1.586019
v 6.911455 0.294597 1.662014
v 6.702631 0.236709 1.738009
v 6.493807 0.172263 1.814004
v 7.572761 0.061694 3.567428
v 7.747095 0.061693 3.411166
v 6.237847 0.112234 2.078131
v 6.412182 0.112234 1.921868
v 6.386171 0.172263 2.243608
v 6.534495 0.236709 2.409086
v 6.682818 0.294597 2.574563
v 6.831142 0.317199 2.740041
v 6.979466 0.286177 2.905519
v 7.127789 0.224776 3.070996
v 7.276113 0.154759 3.236474
v 7.424437 0.094593 3.401951
v 7.598772 0.094593 3.245688
v 7.450448 0.154759 3.080211
v 7.302124 0.224776 2.914733
v 7.153800 0.286177 2.749256
v 7.005476 0.317199 2.583778
v 6.857153 0.294597 2.418301
v 6.708829 0.236709 2.252823
v 6.560505 0.172263 2.087346
v 5.001427 0.061694 3.503934
v 5.185911 0.061694 3.648073
v 6.232772 0.112234 1.927930
v 6.417257 0.112234 2.072069
v 6.095956 0.172263 2.103041
v 5.959140 0.236709 2.278153
v 5.822324 0.294597 2.453265
v 5.685508 0.317199 2.628376
v 5.548692 0.286177 2.803488
v 5.411875 0.224776 2.978599
v 5.275059 0.154759 3.153711
v 5.138243 0.094593 3.328822
v 5.322727 0.094593 3.472961
v 5.459544 0.154759 3.297850
v 5.596360 0.224776 3.122738
v 5.733176 0.286177 2.947627
v 5.869992 0.317199 2.772515
v 6.006808 0.294597 2.597404
v 6.143624 0.236709 2.422292
v 6.280441 0.172263 2.247181
v 4.773213 0.059275 1.536261
v 4.729710 0.059275 1.720459
v 6.346766 0.100133 1.907901
v 6.303263 0.100133 2.092098
v 6.171927 0.148662 1.866608
v 5.997088 0.200762 1.825314
v 5.822248 0.247559 1.784021
v 5.647409 0.265831 1.742728
v 5.472570 0.240752 1.701434
v 5.297731 0.191114 1.660141
v 5.122891 0.134511 1.618848
v 4.948052 0.085872 1.577554
v 4.904549 0.085872 1.761752
v 5.079388 0.134511 1.803045
v 5.254228 0.191115 1.844338
v 5.429067 0.240752 1.885632
v 5.603906 0.265831 1.926925
v 5.778745 0.247559 1.968218
v 5.953584 0.200762 2.009512
v 6.128424 0.148662 2.050805
v 5.177891 0.059505 0.805411
v 5.046364 0.059505 0.947389
v 6.390778 0.101286 1.929010
v 6.259251 0.101286 2.070989
v 6.256013 0.150911 1.804166
v 6.121247 0.204187 1.679322
v 5.986482 0.252041 1.554477
v 5.851717 0.270725 1.429633
v 5.716952 0.245081 1.304788
v 5.582186 0.194322 1.179944
v 5.447421 0.136441 1.055099
v 5.312656 0.086703 0.930255
v 5.181129 0.086703 1.072233
v 5.315895 0.136441 1.197078
v 5.450660 0.194322 1.321922
v 5.585425 0.245081 1.446767
v 5.720191 0.270725 1.571611
v 5.854956 0.252041 1.696456
v 5.989721 0.204187 1.821300
v 6.124486 0.150911 1.946144
v 7.250166 0.061693 3.777019
v 7.451154 0.061693 3.656959
v 6.224521 0.112234 2.060030
v 6.425508 0.112234 1.939970
v 6.338481 0.172263 2.250806
v 6.452442 0.236709 2.441583
v 6.566402 0.294597 2.632360
v 6.680363 0.317199 2.823136
v 6.794323 0.286177 3.013913
v 6.908284 0.224776 3.204690
v 7.022244 0.154759 3.395466
v 7.136205 0.094593 3.586242
v 7.337193 0.094593 3.466182
v 7.223232 0.154759 3.275406
v 7.109272 0.224776 3.084629
v 6.995311 0.286177 2.893852
v 6.881351 0.317199 2.703076
v 6.767390 0.294597 2.512299
v 6.653430 0.236709 2.321523
v 6.539469 0.172263 2.130746
v 7.458770 0.251280 1.159467
v 7.342117 0.263734 1.027235
v 6.376158 0.087790 2.077277
v 6.259074 0.101765 1.945578
v 6.492111 0.177252 1.983684
v 6.607548 0.269910 1.890890
v 6.723266 0.356743 1.797416
v 6.840338 0.399859 1.700446
v 6.962055 0.397507 1.596807
v 7.090347 0.400552 1.488590
v 7.220003 0.375549 1.376454
v 7.342076 0.315083 1.266792
v 7.225401 0.327757 1.134598
v 7.103242 0.388746 1.244381
v 6.973434 0.414302 1.356701
v 6.845000 0.411585 1.465077
v 6.723255 0.413936 1.568748
v 6.606182 0.370734 1.665717
v 6.490465 0.283884 1.759192
v 6.375028 0.191227 1.851985
v 7.519048 0.279783 0.656573
v 7.334304 0.287278 0.512962
v 6.407718 0.106659 2.086809
v 6.222713 0.112553 1.943460
v 6.530152 0.227376 1.933761
v 6.651900 0.352326 1.781771
v 6.774666 0.470990 1.628210
v 6.898314 0.536466 1.471151
v 7.020692 0.540225 1.312810
v 7.145029 0.527291 1.151134
v 7.270841 0.465442 0.985581
v 7.393703 0.364692 0.822212
v 7.208911 0.372030 0.678655
v 7.085956 0.472400 0.842124
v 6.960079 0.533797 1.007742
v 6.835721 0.546366 1.169430
v 6.713330 0.542448 1.327779
v 6.589661 0.476883 1.484861
v 6.466895 0.358219 1.638422
v 6.345147 0.233270 1.790412
v 7.712969 0.058319 2.477946
v 7.759249 0.058319 2.312766
v 6.301875 0.095351 2.082590
v 6.348155 0.095351 1.917409
v 6.458663 0.139335 2.126518
v 6.615451 0.186556 2.170447
v 6.772240 0.228971 2.214375
v 6.929028 0.245532 2.258304
v 7.085816 0.222802 2.302232
v 7.242604 0.177812 2.346161
v 7.399393 0.126510 2.390089
v 7.556181 0.082425 2.434018
v 7.602461 0.082425 2.268837
v 7.445673 0.126510 2.224909
v 7.288884 0.177812 2.180980
v 7.132096 0.222802 2.137052
v 6.975307 0.245532 2.093123
v 6.818519 0.228971 2.049195
v 6.661731 0.186556 2.005266
v 6.504943 0.139335 1.961338
v 4.430736 0.061694 2.652235
v 4.519759 0.061694 2.868765
v 6.280503 0.112234 1.891734
v 6.369526 0.112234 2.108265
v 6.074974 0.172263 1.976234
v 5.869444 0.236709 2.060734
v 5.663914 0.294597 2.145234
v 5.458385 0.317199 2.229734
v 5.252854 0.286177 2.314234
v 5.047325 0.224776 2.398734
v 4.841795 0.154759 2.483234
v 4.636266 0.094593 2.567734
v 4.725288 0.094593 2.784265
v 4.930818 0.154759 2.699765
v 5.136348 0.224776 2.615265
v 5.341877 0.286177 2.530765
v 5.547407 0.317199 2.446265
v 5.752937 0.294597 2.361765
v 5.958467 0.236709 2.277265
v 6.163996 0.172263 2.192765
v 5.788373 0.278048 3.916623
v 6.016798 0.297988 3.963900
v 6.207023 0.101626 1.968249
v 6.435448 0.121567 2.015525
v 6.156578 0.186212 2.176304
v 6.105869 0.275169 2.383792
v 6.055553 0.357634 2.592122
v 6.007348 0.405169 2.804984
v 5.962351 0.399621 3.024733
v 5.919173 0.364001 3.248384
v 5.876510 0.319852 3.473141
v 5.833257 0.285454 3.696633
v 6.061682 0.305395 3.743909
v 6.104934 0.339793 3.520417
v 6.147597 0.383942 3.295660
v 6.190776 0.419562 3.072010
v 6.235773 0.425109 2.852261
v 6.283978 0.377575 2.639399
v 6.334294 0.295109 2.431068
v 6.385003 0.206152 2.223581
v 6.686924 0.265816 3.428914
v 6.852710 0.268951 3.375842
v 6.239311 0.094000 2.020503
v 6.405097 0.097135 1.967431
v 6.286125 0.161416 2.170723
v 6.332742 0.232082 2.320522
v 6.379651 0.297921 2.470947
v 6.428130 0.337784 2.624742
v 6.478995 0.338172 2.783659
v 6.531212 0.316196 2.945477
v 6.583813 0.287877 3.108118
v 6.635975 0.266810 3.269818
v 6.801761 0.269946 3.216746
v 6.749599 0.291013 3.055046
v 6.696999 0.319331 2.892405
v 6.644782 0.341307 2.730587
v 6.593916 0.340919 2.571670
v 6.545437 0.301056 2.417875
v 6.498528 0.235218 2.267450
v 6.451910 0.164551 2.117651
v 5.819556 0.702534 0.174799
v 5.610168 0.753759 0.266140
v 6.450251 0.081373 1.968939
v 6.240863 0.132598 2.060280
v 6.401523 0.210582 1.784774
v 6.354230 0.343841 1.601630
v 6.304805 0.471086 1.416969
v 6.243905 0.565977 1.224147
v 6.165565 0.611699 1.018922
v 6.077345 0.629567 0.806670
v 5.986324 0.639534 0.592425
v 5.898506 0.658533 0.380459
v 5.689118 0.709758 0.471800
v 5.776936 0.690759 0.683766
v 5.867958 0.680791 0.898011
v 5.956177 0.662924 1.110263
v 6.034516 0.617202 1.315488
v 6.095417 0.522311 1.508311
v 6.144842 0.395066 1.692971
v 6.192134 0.261807 1.876115
v 4.922851 0.576956 0.832661
v 4.790847 0.574183 1.011064
v 6.403664 0.108081 1.921052
v 6.271660 0.105308 2.099455
v 6.252273 0.220067 1.810776
v 6.101766 0.336081 1.701217
v 5.949946 0.446113 1.590593
v 5.791061 0.523952 1.474241
v 5.621440 0.552872 1.349185
v 5.445735 0.554076 1.219197
v 5.268306 0.547420 1.087810
v 5.092848 0.549750 0.958022
v 4.960845 0.546977 1.136425
v 5.136302 0.544647 1.266213
v 5.313732 0.551302 1.397600
v 5.489436 0.550098 1.527588
v 5.659058 0.521179 1.652644
v 5.817943 0.443339 1.768996
v 5.969763 0.333308 1.879620
v 6.120269 0.217293 1.989179
vt 0.902348 0.474696
vt 0.905108 0.414947
vt 0.973974 0.418128
vt 0.971214 0.477877
vt 0.351419 0.449252
vt 0.354178 0.389503
vt 0.423044 0.392684
vt 0.420285 0.452433
vt 0.491911 0.395864
vt 0.489151 0.455613
vt 0.560777 0.399045
vt 0.558017 0.458794
vt 0.629643 0.402225
vt 0.626884 0.461974
vt 0.698509 0.405406
vt 0.695750 0.465155
vt 0.767375 0.408586
vt 0.764616 0.468335
vt 0.836242 0.411767
vt 0.833482 0.471516
vt 0.902604 0.143524
vt 0.902604 0.078038
vt 0.978083 0.078038
vt 0.978083 0.143524
vt 0.298772 0.143524
vt 0.298772 0.078038
vt 0.374251 0.078037
vt 0.374251 0.143524
vt 0.449730 0.078037
vt 0.449730 0.143524
vt 0.525209 0.078037
vt 0.525209 0.143524
vt 0.600688 0.078037
vt 0.600688 0.143524
vt 0.676167 0.078037
vt 0.676167 0.143524
vt 0.751646 0.078038
vt 0.751646 0.143524
vt 0.827125 0.078038
vt 0.827125 0.143524
vt 0.902604 0.143524
vt 0.902604 0.078038
vt 0.978083 0.078038
vt 0.978083 0.143524
vt 0.298772 0.143524
vt 0.298772 0.078038
vt 0.374251 0.078037
vt 0.374251 0.143524
vt 0.449730 0.078037
vt 0.449730 0.143524
vt 0.525209 0.078037
vt 0.525209 0.143524
vt 0.600688 0.078037
vt 0.600688 0.143524
vt 0.676167 0.078037
vt 0.676167 0.143524
vt 0.751646 0.078038
vt 0.751646 0.143524
vt 0.827125 0.078038
vt 0.827125 0.143524
vt 0.902604 0.143524
vt 0.902604 0.078038
vt 0.978083 0.078038
vt 0.978083 0.143524
vt 0.298772 0.143524
vt 0.298772 0.078038
vt 0.374251 0.078037
vt 0.374251 0.143524
vt 0.449730 0.078037
vt 0.449730 0.143524
vt 0.525209 0.078037
vt 0.525209 0.143524
vt 0.600688 0.078037
vt 0.600688 0.143524
vt 0.676167 0.078037
vt 0.676167 0.143524
vt 0.751646 0.078038
vt 0.751646 0.143524
vt 0.827125 0.078038
vt 0.827125 0.143524
vt 0.902604 0.143524
vt 0.902604 0.078038
vt 0.978083 0.078038
vt 0.978083 0.143524
vt 0.298772 0.143524
vt 0.298772 0.078038
vt 0.374251 0.078037
vt 0.374251 0.143524
vt 0.449730 0.078037
vt 0.449730 0.143524
vt 0.525209 0.078037
vt 0.525209 0.143524
vt 0.600688 0.078037
vt 0.600688 0.143524
vt 0.676167 0.078037
vt 0.676167 0.143524
vt 0.751646 0.078038
vt 0.751646 0.143524
vt 0.827125 0.078038
vt 0.827125 0.143524
vt 0.902604 0.143524
vt 0.902604 0.078038
vt 0.978083 0.078038
vt 0.978083 0.143524
vt 0.298772 0.143524
vt 0.298772 0.078038
vt 0.374251 0.078037
vt 0.374251 0.143524
vt 0.449730 0.078037
vt 0.449730 0.143524
vt 0.525209 0.078037
vt 0.525209 0.143524
vt 0.600688 0.078037
vt 0.600688 0.143524
vt 0.676167 0.078037
vt 0.676167 0.143524
vt 0.751646 0.078038
vt 0.751646 0.143524
vt 0.827125 0.078038
vt 0.827125 0.143524
vt 0.902604 0.143524
vt 0.902604 0.078038
vt 0.978083 0.078038
vt 0.978083 0.143524
vt 0.298772 0.143524
vt 0.298772 0.078038
vt 0.374251 0.078037
vt 0.374251 0.143524
vt 0.449730 0.078037
vt 0.449730 0.143524
vt 0.525209 0.078037
vt 0.525209 0.143524
vt 0.600688 0.078037
vt 0.600688 0.143524
vt 0.676167 0.078037
vt 0.676167 0.143524
vt 0.751646 0.078038
vt 0.751646 0.143524
vt 0.827125 0.078038
vt 0.827125 0.143524
vt 0.902604 0.143524
vt 0.902604 0.078038
vt 0.978083 0.078038
vt 0.978083 0.143524
vt 0.298772 0.143524
vt 0.298772 0.078038
vt 0.374251 0.078037
vt 0.374251 0.143524
vt 0.449730 0.078037
vt 0.449730 0.143524
vt 0.525209 0.078037
vt 0.525209 0.143524
vt 0.600688 0.078037
vt 0.600688 0.143524
vt 0.676167 0.078037
vt 0.676167 0.143524
vt 0.751646 0.078038
vt 0.751646 0.143524
vt 0.827125 0.078038
vt 0.827125 0.143524
vt 0.902604 0.143524
vt 0.902604 0.078038
vt 0.978083 0.078038
vt 0.978083 0.143524
vt 0.298772 0.143524
vt 0.298772 0.078038
vt 0.374251 0.078037
vt 0.374251 0.143524
vt 0.449730 0.078037
vt 0.449730 0.143524
vt 0.525209 0.078037
vt 0.525209 0.143524
vt 0.600688 0.078037
vt 0.600688 0.143524
vt 0.676167 0.078037
vt 0.676167 0.143524
vt 0.751646 0.078038
vt 0.751646 0.143524
vt 0.827125 0.078038
vt 0.827125 0.143524
vt 0.902348 0.474696
vt 0.905108 0.414947
vt 0.973974 0.418128
vt 0.971214 0.477877
vt 0.351419 0.449252
vt 0.354178 0.389503
vt 0.423044 0.392684
vt 0.420285 0.452433
vt 0.491911 0.395864
vt 0.489151 0.455613
vt 0.560777 0.399045
vt 0.558017 0.458794
vt 0.629643 0.402225
vt 0.626884 0.461974
vt 0.698509 0.405406
vt 0.695750 0.465155
vt 0.767375 0.408586
vt 0.764616 0.468335
vt 0.836242 0.411767
vt 0.833482 0.471516
vt 0.902604 0.143524
vt 0.902604 0.078038
vt 0.978083 0.078038
vt 0.978083 0.143524
vt 0.298772 0.143524
vt 0.298772 0.078038
vt 0.374251 0.078037
vt 0.374251 0.143524
vt 0.449730 0.078037
vt 0.449730 0.143524
vt 0.525209 0.078037
vt 0.525209 0.143524
vt 0.600688 0.078037
vt 0.600688 0.143524
vt 0.676167 0.078037
vt 0.676167 0.143524
vt 0.751646 0.078038
vt 0.751646 0.143524
vt 0.827125 0.078038
vt 0.827125 0.143524
vt 0.902604 0.143524
vt 0.902604 0.078038
vt 0.978083 0.078038
vt 0.978083 0.143524
vt 0.298772 0.143524
vt 0.298772 0.078038
vt 0.374251 0.078037
vt 0.374251 0.143524
vt 0.449730 0.078037
vt 0.449730 0.143524
vt 0.525209 0.078037
vt 0.525209 0.143524
vt 0.600688 0.078037
vt 0.600688 0.143524
vt 0.676167 0.078037
vt 0.676167 0.143524
vt 0.751646 0.078038
vt 0.751646 0.143524
vt 0.827125 0.078038
vt 0.827125 0.143524
vt 0.902604 0.143524
vt 0.902604 0.078038
vt 0.978083 0.078038
vt 0.978083 0.143524
vt 0.298772 0.143524
vt 0.298772 0.078038
vt 0.374251 0.078037
vt 0.374251 0.143524
vt 0.449730 0.078037
vt 0.449730 0.143524
vt 0.525209 0.078037
vt 0.525209 0.143524
vt 0.600688 0.078037
vt 0.600688 0.143524
vt 0.676167 0.078037
vt 0.676167 0.143524
vt 0.751646 0.078038
vt 0.751646 0.143524
vt 0.827125 0.078038
vt 0.827125 0.143524
vt 0.912551 0.380592
vt 0.912551 0.315105
vt 0.988030 0.315105
vt 0.988030 0.380592
vt 0.308719 0.380592
vt 0.308719 0.315105
vt 0.384198 0.315105
vt 0.384198 0.380592
vt 0.459677 0.315105
vt 0.459677 0.380592
vt 0.535156 0.315105
vt 0.535156 0.380592
vt 0.610635 0.315105
vt 0.610635 0.380592
vt 0.686114 0.315105
vt 0.686114 0.380592
vt 0.761593 0.315105
vt 0.761593 0.380592
vt 0.837072 0.315105
vt 0.837072 0.380592
vt 0.902604 0.143524
vt 0.902604 0.078038
vt 0.978083 0.078038
vt 0.978083 0.143524
vt 0.298772 0.143524
vt 0.298772 0.078038
vt 0.374251 0.078037
vt 0.374251 0.143524
vt 0.449730 0.078037
vt 0.449730 0.143524
vt 0.525209 0.078037
vt 0.525209 0.143524
vt 0.600688 0.078037
vt 0.600688 0.143524
vt 0.676167 0.078037
vt 0.676167 0.143524
vt 0.751646 0.078038
vt 0.751646 0.143524
vt 0.827125 0.078038
vt 0.827125 0.143524
vt 0.902604 0.143524
vt 0.902604 0.078038
vt 0.978083 0.078038
vt 0.978083 0.143524
vt 0.298772 0.143524
vt 0.298772 0.078038
vt 0.374251 0.078037
vt 0.374251 0.143524
vt 0.449730 0.078037
vt 0.449730 0.143524
vt 0.525209 0.078037
vt 0.525209 0.143524
vt 0.600688 0.078037
vt 0.600688 0.143524
vt 0.676167 0.078037
vt 0.676167 0.143524
vt 0.751646 0.078038
vt 0.751646 0.143524
vt 0.827125 0.078038
vt 0.827125 0.143524
vt 0.902604 0.143524
vt 0.902604 0.078038
vt 0.978083 0.078038
vt 0.978083 0.143524
vt 0.298772 0.143524
vt 0.298772 0.078038
vt 0.374251 0.078037
vt 0.374251 0.143524
vt 0.449730 0.078037
vt 0.449730 0.143524
vt 0.525209 0.078037
vt 0.525209 0.143524
vt 0.600688 0.078037
vt 0.600688 0.143524
vt 0.676167 0.078037
vt 0.676167 0.143524
vt 0.751646 0.078038
vt 0.751646 0.143524
vt 0.827125 0.078038
vt 0.827125 0.143524
vt 0.902604 0.143524
vt 0.902604 0.078038
vt 0.978083 0.078038
vt 0.978083 0.143524
vt 0.298772 0.143524
vt 0.298772 0.078038
vt 0.374251 0.078037
vt 0.374251 0.143524
vt 0.449730 0.078037
vt 0.449730 0.143524
vt 0.525209 0.078037
vt 0.525209 0.143524
vt 0.600688 0.078037
vt 0.600688 0.143524
vt 0.676167 0.078037
vt 0.676167 0.143524
vt 0.751646 0.078038
vt 0.751646 0.143524
vt 0.827125 0.078038
vt 0.827125 0.143524
vt 0.912551 0.380592
vt 0.912551 0.315105
vt 0.988030 0.315105
vt 0.988030 0.380592
vt 0.308719 0.380592
vt 0.308719 0.315105
vt 0.384198 0.315105
vt 0.384198 0.380592
vt 0.459677 0.315105
vt 0.459677 0.380592
vt 0.535156 0.315105
vt 0.535156 0.380592
vt 0.610635 0.315105
vt 0.610635 0.380592
vt 0.686114 0.315105
vt 0.686114 0.380592
vt 0.761593 0.315105
vt 0.761593 0.380592
vt 0.837072 0.315105
vt 0.837072 0.380592
vt 0.902604 0.143524
vt 0.902604 0.078038
vt 0.978083 0.078038
vt 0.978083 0.143524
vt 0.298772 0.143524
vt 0.298772 0.078038
vt 0.374251 0.078037
vt 0.374251 0.143524
vt 0.449730 0.078037
vt 0.449730 0.143524
vt 0.525209 0.078037
vt 0.525209 0.143524
vt 0.600688 0.078037
vt 0.600688 0.143524
vt 0.676167 0.078037
vt 0.676167 0.143524
vt 0.751646 0.078038
vt 0.751646 0.143524
vt 0.827125 0.078038
vt 0.827125 0.143524
vt 0.902604 0.143524
vt 0.902604 0.078038
vt 0.978083 0.078038
vt 0.978083 0.143524
vt 0.298772 0.143524
vt 0.298772 0.078038
vt 0.374251 0.078037
vt 0.374251 0.143524
vt 0.449730 0.078037
vt 0.449730 0.143524
vt 0.525209 0.078037
vt 0.525209 0.143524
vt 0.600688 0.078037
vt 0.600688 0.143524
vt 0.676167 0.078037
vt 0.676167 0.143524
vt 0.751646 0.078038
vt 0.751646 0.143524
vt 0.827125 0.078038
vt 0.827125 0.143524
vt 0.902604 0.143524
vt 0.902604 0.078038
vt 0.978083 0.078038
vt 0.978083 0.143524
vt 0.298772 0.143524
vt 0.298772 0.078038
vt 0.374251 0.078037
vt 0.374251 0.143524
vt 0.449730 0.078037
vt 0.449730 0.143524
vt 0.525209 0.078037
vt 0.525209 0.143524
vt 0.600688 0.078037
vt 0.600688 0.143524
vt 0.676167 0.078037
vt 0.676167 0.143524
vt 0.751646 0.078038
vt 0.751646 0.143524
vt 0.827125 0.078038
vt 0.827125 0.143524
vt 0.902348 0.474696
vt 0.905108 0.414947
vt 0.973974 0.418128
vt 0.971214 0.477877
vt 0.351419 0.449252
vt 0.354178 0.389503
vt 0.423044 0.392684
vt 0.420285 0.452433
vt 0.491911 0.395864
vt 0.489151 0.455613
vt 0.560777 0.399045
vt 0.558017 0.458794
vt 0.629643 0.402225
vt 0.626884 0.461974
vt 0.698509 0.405406
vt 0.695750 0.465155
vt 0.767375 0.408586
vt 0.764616 0.468335
vt 0.836242 0.411767
vt 0.833482 0.471516
vt 0.902604 0.143524
vt 0.902604 0.078038
vt 0.978083 0.078038
vt 0.978083 0.143524
vt 0.298772 0.143524
vt 0.298772 0.078038
vt 0.374251 0.078037
vt 0.374251 0.143524
vt 0.449730 0.078037
vt 0.449730 0.143524
vt 0.525209 0.078037
vt 0.525209 0.143524
vt 0.600688 0.078037
vt 0.600688 0.143524
vt 0.676167 0.078037
vt 0.676167 0.143524
vt 0.751646 0.078038
vt 0.751646 0.143524
vt 0.827125 0.078038
vt 0.827125 0.143524
vt 0.902604 0.143524
vt 0.902604 0.078038
vt 0.978083 0.078038
vt 0.978083 0.143524
vt 0.298772 0.143524
vt 0.298772 0.078038
vt 0.374251 0.078037
vt 0.374251 0.143524
vt 0.449730 0.078037
vt 0.449730 0.143524
vt 0.525209 0.078037
vt 0.525209 0.143524
vt 0.600688 0.078037
vt 0.600688 0.143524
vt 0.676167 0.078037
vt 0.676167 0.143524
vt 0.751646 0.078038
vt 0.751646 0.143524
vt 0.827125 0.078038
vt 0.827125 0.143524
vt 0.902604 0.143524
vt 0.902604 0.078038
vt 0.978083 0.078038
vt 0.978083 0.143524
vt 0.298772 0.143524
vt 0.298772 0.078038
vt 0.374251 0.078037
vt 0.374251 0.143524
vt 0.449730 0.078037
vt 0.449730 0.143524
vt 0.525209 0.078037
vt 0.525209 0.143524
vt 0.600688 0.078037
vt 0.600688 0.143524
vt 0.676167 0.078037
vt 0.676167 0.143524
vt 0.751646 0.078038
vt 0.751646 0.143524
vt 0.827125 0.078038
vt 0.827125 0.143524
vt 0.902604 0.143524
vt 0.902604 0.078038
vt 0.978083 0.078038
vt 0.978083 0.143524
vt 0.298772 0.143524
vt 0.298772 0.078038
vt 0.374251 0.078037
vt 0.374251 0.143524
vt 0.449730 0.078037
vt 0.449730 0.143524
vt 0.525209 0.078037
vt 0.525209 0.143524
vt 0.600688 0.078037
vt 0.600688 0.143524
vt 0.676167 0.078037
vt 0.676167 0.143524
vt 0.751646 0.078038
vt 0.751646 0.143524
vt 0.827125 0.078038
vt 0.827125 0.143524
vt 0.912551 0.380592
vt 0.912551 0.315105
vt 0.988030 0.315105
vt 0.988030 0.380592
vt 0.308719 0.380592
vt 0.308719 0.315105
vt 0.384198 0.315105
vt 0.384198 0.380592
vt 0.459677 0.315105
vt 0.459677 0.380592
vt 0.535156 0.315105
vt 0.535156 0.380592
vt 0.610635 0.315105
vt 0.610635 0.380592
vt 0.686114 0.315105
vt 0.686114 0.380592
vt 0.761593 0.315105
vt 0.761593 0.380592
vt 0.837072 0.315105
vt 0.837072 0.380592
vt 0.902604 0.143524
vt 0.902604 0.078038
vt 0.978083 0.078038
vt 0.978083 0.143524
vt 0.298772 0.143524
vt 0.298772 0.078038
vt 0.374251 0.078037
vt 0.374251 0.143524
vt 0.449730 0.078037
vt 0.449730 0.143524
vt 0.525209 0.078037
vt 0.525209 0.143524
vt 0.600688 0.078037
vt 0.600688 0.143524
vt 0.676167 0.078037
vt 0.676167 0.143524
vt 0.751646 0.078038
vt 0.751646 0.143524
vt 0.827125 0.078038
vt 0.827125 0.143524
vt 0.902604 0.143524
vt 0.902604 0.078038
vt 0.978083 0.078038
vt 0.978083 0.143524
vt 0.298772 0.143524
vt 0.298772 0.078038
vt 0.374251 0.078037
vt 0.374251 0.143524
vt 0.449730 0.078037
vt 0.449730 0.143524
vt 0.525209 0.078037
vt 0.525209 0.143524
vt 0.600688 0.078037
vt 0.600688 0.143524
vt 0.676167 0.078037
vt 0.676167 0.143524
vt 0.751646 0.078038
vt 0.751646 0.143524
vt 0.827125 0.078038
vt 0.827125 0.143524
vt 0.915762 0.305368
vt 0.915763 0.239882
vt 0.991241 0.239882
vt 0.991241 0.305369
vt 0.311930 0.305368
vt 0.311930 0.239882
vt 0.387409 0.239882
vt 0.387409 0.305368
vt 0.462888 0.239882
vt 0.462888 0.305368
vt 0.538367 0.239882
vt 0.538367 0.305368
vt 0.613846 0.239882
vt 0.613846 0.305368
vt 0.689325 0.239882
vt 0.689325 0.305368
vt 0.764804 0.239882
vt 0.764804 0.305368
vt 0.840283 0.239882
vt 0.840283 0.305368
vt 0.902604 0.143524
vt 0.902604 0.078038
vt 0.978083 0.078038
vt 0.978083 0.143524
vt 0.298772 0.143524
vt 0.298772 0.078038
vt 0.374251 0.078037
vt 0.374251 0.143524
vt 0.449730 0.078037
vt 0.449730 0.143524
vt 0.525209 0.078037
vt 0.525209 0.143524
vt 0.600688 0.078037
vt 0.600688 0.143524
vt 0.676167 0.078037
vt 0.676167 0.143524
vt 0.751646 0.078038
vt 0.751646 0.143524
vt 0.827125 0.078038
vt 0.827125 0.143524
vt 0.912551 0.380592
vt 0.912551 0.315105
vt 0.988030 0.315105
vt 0.988030 0.380592
vt 0.308719 0.380592
vt 0.308719 0.315105
vt 0.384198 0.315105
vt 0.384198 0.380592
vt 0.459677 0.315105
vt 0.459677 0.380592
vt 0.535156 0.315105
vt 0.535156 0.380592
vt 0.610635 0.315105
vt 0.610635 0.380592
vt 0.686114 0.315105
vt 0.686114 0.380592
vt 0.761593 0.315105
vt 0.761593 0.380592
vt 0.837072 0.315105
vt 0.837072 0.380592
vt 0.912551 0.380592
vt 0.912551 0.315105
vt 0.988030 0.315105
vt 0.988030 0.380592
vt 0.308719 0.380592
vt 0.308719 0.315105
vt 0.384198 0.315105
vt 0.384198 0.380592
vt 0.459677 0.315105
vt 0.459677 0.380592
vt 0.535156 0.315105
vt 0.535156 0.380592
vt 0.610635 0.315105
vt 0.610635 0.380592
vt 0.686114 0.315105
vt 0.686114 0.380592
vt 0.761593 0.315105
vt 0.761593 0.380592
vt 0.837072 0.315105
vt 0.837072 0.380592
vt 0.902604 0.143524
vt 0.902604 0.078038
vt 0.978083 0.078038
vt 0.978083 0.143524
vt 0.298772 0.143524
vt 0.298772 0.078038
vt 0.374251 0.078037
vt 0.374251 0.143524
vt 0.449730 0.078037
vt 0.449730 0.143524
vt 0.525209 0.078037
vt 0.525209 0.143524
vt 0.600688 0.078037
vt 0.600688 0.143524
vt 0.676167 0.078037
vt 0.676167 0.143524
vt 0.751646 0.078038
vt 0.751646 0.143524
vt 0.827125 0.078038
vt 0.827125 0.143524
vt 0.902604 0.143524
vt 0.902604 0.078038
vt 0.978083 0.078038
vt 0.978083 0.143524
vt 0.298772 0.143524
vt 0.298772 0.078038
vt 0.374251 0.078037
vt 0.374251 0.143524
vt 0.449730 0.078037
vt 0.449730 0.143524
vt 0.525209 0.078037
vt 0.525209 0.143524
vt 0.600688 0.078037
vt 0.600688 0.143524
vt 0.676167 0.078037
vt 0.676167 0.143524
vt 0.751646 0.078038
vt 0.751646 0.143524
vt 0.827125 0.078038
vt 0.827125 0.143524
vt 0.902604 0.143524
vt 0.902604 0.078038
vt 0.978083 0.078038
vt 0.978083 0.143524
vt 0.298772 0.143524
vt 0.298772 0.078038
vt 0.374251 0.078037
vt 0.374251 0.143524
vt 0.449730 0.078037
vt 0.449730 0.143524
vt 0.525209 0.078037
vt 0.525209 0.143524
vt 0.600688 0.078037
vt 0.600688 0.143524
vt 0.676167 0.078037
vt 0.676167 0.143524
vt 0.751646 0.078038
vt 0.751646 0.143524
vt 0.827125 0.078038
vt 0.827125 0.143524
vt 0.902604 0.143524
vt 0.902604 0.078038
vt 0.978083 0.078038
vt 0.978083 0.143524
vt 0.298772 0.143524
vt 0.298772 0.078038
vt 0.374251 0.078037
vt 0.374251 0.143524
vt 0.449730 0.078037
vt 0.449730 0.143524
vt 0.525209 0.078037
vt 0.525209 0.143524
vt 0.600688 0.078037
vt 0.600688 0.143524
vt 0.676167 0.078037
vt 0.676167 0.143524
vt 0.751646 0.078038
vt 0.751646 0.143524
vt 0.827125 0.078038
vt 0.827125 0.143524
vt 0.902604 0.143524
vt 0.902604 0.078038
vt 0.978083 0.078038
vt 0.978083 0.143524
vt 0.298772 0.143524
vt 0.298772 0.078038
vt 0.374251 0.078037
vt 0.374251 0.143524
vt 0.449730 0.078037
vt 0.449730 0.143524
vt 0.525209 0.078037
vt 0.525209 0.143524
vt 0.600688 0.078037
vt 0.600688 0.143524
vt 0.676167 0.078037
vt 0.676167 0.143524
vt 0.751646 0.078038
vt 0.751646 0.143524
vt 0.827125 0.078038
vt 0.827125 0.143524
vt 0.902604 0.143524
vt 0.902604 0.078038
vt 0.978083 0.078038
vt 0.978083 0.143524
vt 0.298772 0.143524
vt 0.298772 0.078038
vt 0.374251 0.078037
vt 0.374251 0.143524
vt 0.449730 0.078037
vt 0.449730 0.143524
vt 0.525209 0.078037
vt 0.525209 0.143524
vt 0.600688 0.078037
vt 0.600688 0.143524
vt 0.676167 0.078037
vt 0.676167 0.143524
vt 0.751646 0.078038
vt 0.751646 0.143524
vt 0.827125 0.078038
vt 0.827125 0.143524
vt 0.914904 0.304603
vt 0.914905 0.242799
vt 0.986140 0.242799
vt 0.986140 0.304603
vt 0.345022 0.304603
vt 0.345022 0.242799
vt 0.416258 0.242799
vt 0.416258 0.304603
vt 0.487493 0.242799
vt 0.487493 0.304603
vt 0.558728 0.242799
vt 0.558728 0.304603
vt 0.629964 0.242799
vt 0.629964 0.304603
vt 0.701199 0.242799
vt 0.701199 0.304603
vt 0.772434 0.242799
vt 0.772434 0.304603
vt 0.843669 0.242799
vt 0.843669 0.304603
vn 0.7674 0.6381 0.0621
vn 0.7614 0.6452 0.0627
vn 0.4392 0.8942 0.0862
vn 0.3857 0.9183 0.0884
vn 0.3116 0.9458 0.0909
vn 0.3092 0.9466 0.0910
vn 0.3872 0.9178 0.0884
vn 0.5506 0.8309 0.0803
vn 0.7031 0.7077 0.0687
vn 0.7645 0.6416 0.0624
vn -0.5900 0.7865 -0.1826
vn -0.5837 0.7920 -0.1787
vn -0.2618 0.9651 0.0026
vn -0.2109 0.9771 0.0292
vn -0.1411 0.9879 0.0649
vn -0.1388 0.9881 0.0660
vn -0.2123 0.9768 0.0285
vn -0.3698 0.9274 -0.0554
vn -0.5229 0.8404 -0.1424
vn -0.5869 0.7892 -0.1807
vn 0.1776 0.5382 0.8239
vn 0.1798 0.5454 0.8187
vn 0.2631 0.8118 0.5212
vn 0.2717 0.8397 0.4702
vn 0.2817 0.8726 0.3990
vn 0.2820 0.8736 0.3966
vn 0.2715 0.8390 0.4716
vn 0.2413 0.7414 0.6261
vn 0.2002 0.6102 0.7665
vn 0.1787 0.5417 0.8213
vn 0.7305 0.5092 0.4550
vn 0.7277 0.5169 0.4508
vn 0.5420 0.8074 0.2328
vn 0.5072 0.8389 0.1975
vn 0.4575 0.8766 0.1489
vn 0.4558 0.8778 0.1473
vn 0.5081 0.8381 0.1985
vn 0.6115 0.7292 0.3070
vn 0.6982 0.5865 0.4105
vn 0.7291 0.5130 0.4530
vn -0.1067 0.9092 -0.4024
vn -0.1035 0.9130 -0.3946
vn 0.2135 0.8657 0.4527
vn 0.2240 0.8479 0.4805
vn 0.2111 0.8730 0.4395
vn 0.2111 0.8731 0.4395
vn 0.1513 0.9512 0.2689
vn 0.1512 0.9513 0.2687
vn 0.1006 0.9866 0.1283
vn 0.1005 0.9866 0.1282
vn 0.0339 0.9982 -0.0485
vn 0.0338 0.9982 -0.0487
vn -0.0604 0.9556 -0.2885
vn -0.0604 0.9555 -0.2885
vn -0.1051 0.9111 -0.3985
vn -0.5324 0.8462 -0.0220
vn -0.5246 0.8511 -0.0212
vn 0.3745 0.9252 0.0604
vn 0.4064 0.9116 0.0620
vn 0.3607 0.9309 0.0573
vn 0.3606 0.9309 0.0573
vn 0.1718 0.9843 0.0416
vn 0.1715 0.9843 0.0416
vn 0.0195 0.9994 0.0281
vn 0.0194 0.9994 0.0281
vn -0.1686 0.9856 0.0116
vn -0.1688 0.9856 0.0116
vn -0.4173 0.9087 -0.0109
vn -0.4174 0.9086 -0.0109
vn -0.5286 0.8486 -0.0216
vn 0.6459 0.6340 -0.4253
vn 0.6399 0.6408 -0.4241
vn 0.3254 0.8846 -0.3340
vn 0.2747 0.9080 -0.3161
vn 0.2048 0.9348 -0.2903
vn 0.2025 0.9355 -0.2894
vn 0.2760 0.9075 -0.3166
vn 0.4322 0.8228 -0.3690
vn 0.5815 0.7022 -0.4107
vn 0.6430 0.6373 -0.4247
vn 0.7372 0.6340 0.2337
vn 0.7324 0.6408 0.2299
vn 0.4644 0.8846 0.0424
vn 0.4185 0.9080 0.0142
vn 0.3545 0.9348 -0.0237
vn 0.3524 0.9355 -0.0250
vn 0.4198 0.9075 0.0150
vn 0.5589 0.8228 0.1032
vn 0.6853 0.7022 0.1929
vn 0.7349 0.6373 0.2318
vn -0.5507 0.5814 0.5989
vn -0.5460 0.5888 0.5960
vn -0.2962 0.8584 0.4188
vn -0.2554 0.8860 0.3869
vn -0.1990 0.9184 0.3419
vn -0.1971 0.9193 0.3404
vn -0.2565 0.8853 0.3878
vn -0.3817 0.7878 0.4833
vn -0.5002 0.6550 0.5664
vn -0.5484 0.5850 0.5975
vn -0.7813 0.5855 0.2161
vn -0.7762 0.5929 0.2143
vn -0.4876 0.8649 0.1189
vn -0.4384 0.8928 0.1032
vn -0.3697 0.9255 0.0815
vn -0.3674 0.9265 0.0808
vn -0.4397 0.8921 0.1037
vn -0.5890 0.7937 0.1517
vn -0.7253 0.6596 0.1969
vn -0.7788 0.5891 0.2152
vn 0.2008 0.5814 0.7884
vn 0.2009 0.5888 0.7829
vn 0.1889 0.8584 0.4769
vn 0.1845 0.8860 0.4253
vn 0.1776 0.9184 0.3535
vn 0.1774 0.9193 0.3511
vn 0.1847 0.8853 0.4267
vn 0.1963 0.7878 0.5838
vn 0.2012 0.6550 0.7284
vn 0.2008 0.5850 0.7857
vn -0.1258 0.9760 -0.1779
vn -0.1233 0.9778 -0.1692
vn -0.0044 0.9752 0.2210
vn 0.0131 0.9613 0.2752
vn 0.0367 0.9372 0.3468
vn 0.0374 0.9363 0.3491
vn 0.0127 0.9617 0.2738
vn -0.0426 0.9940 0.1000
vn -0.0996 0.9911 -0.0880
vn -0.1246 0.9769 -0.1737
vn -0.1421 0.9332 0.3300
vn -0.1390 0.9365 0.3219
vn 0.0044 0.9985 -0.0549
vn 0.0255 0.9937 -0.1095
vn 0.0536 0.9817 -0.1824
vn 0.0545 0.9813 -0.1848
vn 0.0249 0.9938 -0.1080
vn -0.0414 0.9970 0.0648
vn -0.1102 0.9630 0.2457
vn -0.1406 0.9348 0.3260
vn 0.1728 0.8951 -0.4110
vn 0.1682 0.8991 -0.4041
vn -0.2954 0.8853 0.3592
vn -0.2896 0.8919 0.3472
vn -0.2897 0.8918 0.3474
vn -0.2360 0.9390 0.2502
vn -0.2372 0.9381 0.2524
vn -0.1459 0.9848 0.0940
vn -0.1471 0.9844 0.0960
vn -0.1141 0.9927 0.0384
vn -0.1138 0.9928 0.0380
vn -0.0455 0.9962 -0.0736
vn -0.0472 0.9963 -0.0709
vn 0.0975 0.9497 -0.2976
vn 0.0969 0.9500 -0.2967
vn 0.1697 0.8978 -0.4064
vn 0.2229 0.9721 0.0731
vn 0.2139 0.9741 0.0735
vn -0.1938 0.9774 0.0846
vn -0.2510 0.9642 0.0851
vn -0.3267 0.9413 0.0852
vn -0.3291 0.9404 0.0852
vn -0.2495 0.9646 0.0851
vn -0.0667 0.9943 0.0826
vn 0.1295 0.9886 0.0769
vn 0.2185 0.9731 0.0733
vn -0.2541 0.9344 0.2494
vn -0.2474 0.9377 0.2440
vn 0.0652 0.9978 -0.0111
vn 0.1103 0.9927 -0.0484
vn 0.1703 0.9804 -0.0984
vn 0.1723 0.9799 -0.1000
vn 0.1091 0.9929 -0.0474
vn -0.0337 0.9969 0.0704
vn -0.1838 0.9639 0.1927
vn -0.2508 0.9360 0.2467
vn 0.2367 0.9630 0.1291
vn 0.2289 0.9654 0.1249
vn -0.1285 0.9892 -0.0701
vn -0.1793 0.9789 -0.0978
vn -0.2467 0.9597 -0.1345
vn -0.2488 0.9590 -0.1357
vn -0.1780 0.9792 -0.0970
vn -0.0164 0.9998 -0.0089
vn 0.1555 0.9842 0.0848
vn 0.2329 0.9641 0.1270
vn -0.1070 0.9630 -0.2475
vn -0.1035 0.9654 -0.2393
vn 0.0581 0.9892 0.1344
vn 0.0811 0.9789 0.1874
vn 0.1115 0.9597 0.2579
vn 0.1125 0.9590 0.2602
vn 0.0805 0.9792 0.1860
vn 0.0074 0.9998 0.0171
vn -0.0703 0.9842 -0.1626
vn -0.1053 0.9641 -0.2435
vn -0.5282 0.8489 -0.0185
vn -0.5205 0.8537 -0.0168
vn 0.3582 0.9250 0.1270
vn 0.3443 0.9304 0.1259
vn 0.3445 0.9303 0.1260
vn 0.2304 0.9666 0.1119
vn 0.2329 0.9660 0.1123
vn 0.0482 0.9951 0.0864
vn 0.0506 0.9949 0.0868
vn -0.0156 0.9969 0.0776
vn -0.0161 0.9969 0.0775
vn -0.1450 0.9878 0.0560
vn -0.1419 0.9883 0.0566
vn -0.4006 0.9162 0.0081
vn -0.3996 0.9166 0.0082
vn -0.5231 0.8521 -0.0173
vn 0.2696 0.9630 -0.0049
vn 0.2607 0.9654 -0.0047
vn -0.1464 0.9892 0.0027
vn -0.2042 0.9789 0.0037
vn -0.2809 0.9597 0.0051
vn -0.2834 0.9590 0.0051
vn -0.2027 0.9792 0.0037
vn -0.0186 0.9998 0.0003
vn 0.1771 0.9842 -0.0032
vn 0.2653 0.9641 -0.0048
vn -0.2094 0.9630 0.1698
vn -0.2025 0.9654 0.1643
vn 0.1137 0.9892 -0.0922
vn 0.1586 0.9789 -0.1286
vn 0.2182 0.9597 -0.1770
vn 0.2202 0.9590 -0.1785
vn 0.1574 0.9792 -0.1277
vn 0.0145 0.9998 -0.0117
vn -0.1376 0.9842 0.1116
vn -0.2061 0.9641 0.1671
vn 0.4155 0.8295 -0.3731
vn 0.4086 0.8345 -0.3696
vn 0.0740 0.9796 -0.1868
vn 0.0239 0.9872 -0.1573
vn -0.0439 0.9922 -0.1167
vn -0.0461 0.9922 -0.1154
vn 0.0252 0.9871 -0.1581
vn 0.1826 0.9512 -0.2488
vn 0.3426 0.8774 -0.3356
vn 0.4121 0.8320 -0.3714
vn 0.4351 0.6381 0.6351
vn 0.4309 0.6452 0.6309
vn 0.2097 0.8942 0.3954
vn 0.1743 0.9183 0.3553
vn 0.1256 0.9458 0.2993
vn 0.1240 0.9466 0.2974
vn 0.1752 0.9178 0.3564
vn 0.2844 0.8309 0.4782
vn 0.3895 0.7077 0.5894
vn 0.4330 0.6416 0.6331
vn 0.0756 0.6340 0.7696
vn 0.0772 0.6408 0.7638
vn 0.1440 0.8846 0.4435
vn 0.1518 0.9080 0.3903
vn 0.1615 0.9348 0.3164
vn 0.1618 0.9355 0.3140
vn 0.1516 0.9075 0.3917
vn 0.1253 0.8228 0.5543
vn 0.0927 0.7022 0.7059
vn 0.0764 0.6373 0.7668
vn -0.7230 0.6819 0.1105
vn -0.7166 0.6883 0.1119
vn -0.7167 0.6883 0.1119
vn -0.3788 0.9104 0.1661
vn -0.3239 0.9304 0.1717
vn -0.2481 0.9521 0.1784
vn -0.2456 0.9528 0.1786
vn -0.3253 0.9299 0.1716
vn -0.4940 0.8561 0.1518
vn -0.6543 0.7457 0.1251
vn -0.7199 0.6850 0.1112
vn -0.1962 0.7561 -0.6243
vn -0.1993 0.7611 -0.6172
vn -0.3154 0.9134 -0.2571
vn -0.3280 0.9231 -0.2006
vn -0.3433 0.9311 -0.1234
vn -0.3438 0.9312 -0.1209
vn -0.3277 0.9229 -0.2021
vn -0.2840 0.8815 -0.3772
vn -0.2270 0.8045 -0.5488
vn -0.1977 0.7585 -0.6209
vn 0.0000 0.9630 0.2697
vn 0.0000 0.9654 0.2608
vn 0.0000 0.9892 -0.1464
vn 0.0000 0.9789 -0.2042
vn 0.0000 0.9597 -0.2810
vn 0.0000 0.9590 -0.2835
vn 0.0000 0.9792 -0.2027
vn 0.0000 0.9998 -0.0186
vn 0.0000 0.9842 0.1771
vn 0.0000 0.9641 0.2653
vn -0.2534 0.9630 0.0922
vn -0.2450 0.9654 0.0892
vn 0.1376 0.9892 -0.0501
vn 0.1919 0.9789 -0.0698
vn 0.2640 0.9597 -0.0961
vn 0.2664 0.9590 -0.0969
vn 0.1905 0.9792 -0.0693
vn 0.0175 0.9998 -0.0064
vn -0.1664 0.9842 0.0606
vn -0.2493 0.9641 0.0907
vn -0.1800 0.9630 -0.2008
vn -0.1740 0.9654 -0.1942
vn 0.0977 0.9892 0.1090
vn 0.1363 0.9789 0.1521
vn 0.1875 0.9597 0.2092
vn 0.1892 0.9590 0.2111
vn 0.1353 0.9792 0.1509
vn 0.0125 0.9998 0.0139
vn -0.1182 0.9842 -0.1319
vn -0.1771 0.9641 -0.1976
vn 0.1660 0.9630 -0.2125
vn 0.1606 0.9654 -0.2055
vn -0.0902 0.9892 0.1154
vn -0.1257 0.9789 0.1609
vn -0.1730 0.9597 0.2214
vn -0.1745 0.9590 0.2234
vn -0.1248 0.9792 0.1597
vn -0.0115 0.9998 0.0147
vn 0.1090 0.9842 -0.1396
vn 0.1633 0.9641 -0.2091
vn 0.2624 0.9630 0.0620
vn 0.2538 0.9654 0.0599
vn -0.1425 0.9892 -0.0337
vn -0.1988 0.9789 -0.0469
vn -0.2734 0.9597 -0.0646
vn -0.2759 0.9590 -0.0651
vn -0.1973 0.9792 -0.0466
vn -0.0182 0.9998 -0.0043
vn 0.1724 0.9842 0.0407
vn 0.2582 0.9641 0.0610
vn 0.1978 0.9630 0.1833
vn 0.1913 0.9654 0.1772
vn -0.1074 0.9892 -0.0995
vn -0.1498 0.9789 -0.1388
vn -0.2061 0.9597 -0.1909
vn -0.2079 0.9590 -0.1926
vn -0.1487 0.9792 -0.1378
vn -0.0137 0.9998 -0.0127
vn 0.1299 0.9842 0.1204
vn 0.1946 0.9641 0.1803
vn -0.1383 0.9630 -0.2315
vn -0.1337 0.9654 -0.2239
vn 0.0751 0.9892 0.1257
vn 0.1047 0.9789 0.1753
vn 0.1441 0.9597 0.2412
vn 0.1454 0.9590 0.2433
vn 0.1039 0.9792 0.1740
vn 0.0096 0.9998 0.0160
vn -0.0908 0.9842 -0.1521
vn -0.1361 0.9641 -0.2278
vn -0.3470 0.8489 0.3986
vn -0.3409 0.8537 0.3937
vn 0.3242 0.9250 -0.1982
vn 0.3147 0.9304 -0.1881
vn 0.3148 0.9303 -0.1882
vn 0.2320 0.9666 -0.1084
vn 0.2339 0.9660 -0.1102
vn 0.0975 0.9951 0.0169
vn 0.0993 0.9949 0.0153
vn 0.0504 0.9969 0.0610
vn 0.0501 0.9969 0.0613
vn -0.0478 0.9878 0.1479
vn -0.0454 0.9883 0.1458
vn -0.2460 0.9162 0.3162
vn -0.2453 0.9166 0.3156
vn -0.3429 0.8521 0.3953
vn -0.3092 0.8462 0.4339
vn -0.3044 0.8511 0.4278
vn 0.2552 0.9252 -0.2806
vn 0.2740 0.9116 -0.3065
vn 0.2451 0.9309 -0.2708
vn 0.2450 0.9309 -0.2708
vn 0.1287 0.9843 -0.1211
vn 0.1285 0.9843 -0.1209
vn 0.0342 0.9994 -0.0010
vn 0.0342 0.9994 -0.0009
vn -0.0823 0.9856 0.1475
vn -0.0825 0.9856 0.1477
vn -0.2372 0.9087 0.3436
vn -0.2372 0.9086 0.3436
vn -0.3069 0.8486 0.4309
vn -0.2597 0.9630 -0.0727
vn -0.2511 0.9654 -0.0703
vn 0.1410 0.9892 0.0395
vn 0.1967 0.9789 0.0551
vn 0.2705 0.9597 0.0758
vn 0.2729 0.9590 0.0764
vn 0.1952 0.9792 0.0547
vn 0.0180 0.9998 0.0050
vn -0.1706 0.9842 -0.0478
vn -0.2555 0.9641 -0.0716
vn 0.2494 0.9630 -0.1025
vn 0.2412 0.9654 -0.0992
vn -0.1354 0.9892 0.0557
vn -0.1889 0.9789 0.0776
vn -0.2599 0.9597 0.1068
vn -0.2622 0.9590 0.1078
vn -0.1875 0.9792 0.0771
vn -0.0172 0.9998 0.0071
vn 0.1638 0.9842 -0.0674
vn 0.2454 0.9641 -0.1009
vn -0.0007 0.9227 -0.3855
vn -0.0028 0.9261 -0.3772
vn -0.0901 0.9958 0.0151
vn -0.1016 0.9922 0.0726
vn -0.1166 0.9818 0.1495
vn -0.1171 0.9814 0.1520
vn -0.1013 0.9923 0.0710
vn -0.0638 0.9919 -0.1103
vn -0.0215 0.9542 -0.2984
vn -0.0017 0.9244 -0.3814
vn -0.1383 0.9153 -0.3782
vn -0.1358 0.9190 -0.3701
vn -0.0153 0.9998 0.0111
vn 0.0026 0.9977 0.0670
vn 0.0267 0.9895 0.1419
vn 0.0275 0.9891 0.1443
vn 0.0021 0.9978 0.0655
vn -0.0542 0.9923 -0.1108
vn -0.1119 0.9493 -0.2936
vn -0.1371 0.9171 -0.3742
vn 0.3960 0.7929 0.4631
vn 0.3940 0.7982 0.4557
vn 0.2767 0.9559 0.0983
vn 0.2556 0.9657 0.0444
vn 0.2258 0.9738 -0.0284
vn 0.2248 0.9739 -0.0308
vn 0.2562 0.9655 0.0458
vn 0.3194 0.9230 0.2146
vn 0.3745 0.8433 0.3855
vn 0.3950 0.7955 0.4595
vn 0.4125 0.8534 0.3185
vn 0.4062 0.8582 0.3139
vn 0.0953 0.9917 0.0859
vn 0.0483 0.9975 0.0512
vn -0.0152 0.9998 0.0042
vn -0.0173 0.9998 0.0027
vn 0.0496 0.9974 0.0522
vn 0.1967 0.9672 0.1606
vn 0.3453 0.8990 0.2694
vn 0.4094 0.8557 0.3162
usemtl Plant1
s 1
f 1687/1683/1430 1702/1684/1430 1686/1685/1431 1685/1686/1431
f 1683/1687/1432 1684/1688/1432 1695/1689/1433 1694/1690/1433
f 1694/1690/1433 1695/1689/1433 1696/1691/1434 1693/1692/1434
f 1693/1692/1434 1696/1691/1434 1697/1693/1435 1692/1694/1435
f 1692/1694/1435 1697/1693/1435 1698/1695/1436 1691/1696/1436
f 1691/1696/1436 1698/1695/1436 1699/1697/1437 1690/1698/1437
f 1690/1698/1437 1699/1697/1437 1700/1699/1438 1689/1700/1438
f 1689/1700/1438 1700/1699/1438 1701/1701/1439 1688/1702/1439
f 1688/1702/1439 1701/1701/1439 1702/1684/1430 1687/1683/1430
f 1707/1703/1440 1722/1704/1440 1706/1705/1441 1705/1706/1441
f 1703/1707/1442 1704/1708/1442 1715/1709/1443 1714/1710/1443
f 1714/1710/1443 1715/1709/1443 1716/1711/1444 1713/1712/1444
f 1713/1712/1444 1716/1711/1444 1717/1713/1445 1712/1714/1445
f 1712/1714/1445 1717/1713/1445 1718/1715/1446 1711/1716/1446
f 1711/1716/1446 1718/1715/1446 1719/1717/1447 1710/1718/1447
f 1710/1718/1447 1719/1717/1447 1720/1719/1448 1709/1720/1448
f 1709/1720/1448 1720/1719/1448 1721/1721/1449 1708/1722/1449
f 1708/1722/1449 1721/1721/1449 1722/1704/1440 1707/1703/1440
f 1727/1723/1450 1742/1724/1450 1726/1725/1451 1725/1726/1451
f 1723/1727/1452 1724/1728/1452 1735/1729/1453 1734/1730/1453
f 1734/1730/1453 1735/1729/1453 1736/1731/1454 1733/1732/1454
f 1733/1732/1454 1736/1731/1454 1737/1733/1455 1732/1734/1455
f 1732/1734/1455 1737/1733/1455 1738/1735/1456 1731/1736/1456
f 1731/1736/1456 1738/1735/1456 1739/1737/1457 1730/1738/1457
f 1730/1738/1457 1739/1737/1457 1740/1739/1458 1729/1740/1458
f 1729/1740/1458 1740/1739/1458 1741/1741/1459 1728/1742/1459
f 1728/1742/1459 1741/1741/1459 1742/1724/1450 1727/1723/1450
f 1747/1743/1460 1762/1744/1460 1746/1745/1461 1745/1746/1461
f 1743/1747/1462 1744/1748/1462 1755/1749/1463 1754/1750/1463
f 1754/1750/1463 1755/1749/1463 1756/1751/1464 1753/1752/1464
f 1753/1752/1464 1756/1751/1464 1757/1753/1465 1752/1754/1465
f 1752/1754/1465 1757/1753/1465 1758/1755/1466 1751/1756/1466
f 1751/1756/1466 1758/1755/1466 1759/1757/1467 1750/1758/1467
f 1750/1758/1467 1759/1757/1467 1760/1759/1468 1749/1760/1468
f 1749/1760/1468 1760/1759/1468 1761/1761/1469 1748/1762/1469
f 1748/1762/1469 1761/1761/1469 1762/1744/1460 1747/1743/1460
f 1767/1763/1470 1782/1764/1470 1766/1765/1471 1765/1766/1471
f 1763/1767/1472 1764/1768/1472 1775/1769/1473 1774/1770/1473
f 1774/1770/1473 1775/1769/1473 1776/1771/1474 1773/1772/1475
f 1773/1772/1475 1776/1771/1474 1777/1773/1476 1772/1774/1477
f 1772/1774/1477 1777/1773/1476 1778/1775/1478 1771/1776/1479
f 1771/1776/1479 1778/1775/1478 1779/1777/1480 1770/1778/1481
f 1770/1778/1481 1779/1777/1480 1780/1779/1482 1769/1780/1483
f 1769/1780/1483 1780/1779/1482 1781/1781/1484 1768/1782/1484
f 1768/1782/1484 1781/1781/1484 1782/1764/1470 1767/1763/1470
f 1787/1783/1485 1802/1784/1485 1786/1785/1486 1785/1786/1486
f 1783/1787/1487 1784/1788/1487 1795/1789/1488 1794/1790/1488
f 1794/1790/1488 1795/1789/1488 1796/1791/1489 1793/1792/1490
f 1793/1792/1490 1796/1791/1489 1797/1793/1491 1792/1794/1492
f 1792/1794/1492 1797/1793/1491 1798/1795/1493 1791/1796/1494
f 1791/1796/1494 1798/1795/1493 1799/1797/1495 1790/1798/1496
f 1790/1798/1496 1799/1797/1495 1800/1799/1497 1789/1800/1498
f 1789/1800/1498 1800/1799/1497 1801/1801/1499 1788/1802/1499
f 1788/1802/1499 1801/1801/1499 1802/1784/1485 1787/1783/1485
f 1807/1803/1500 1822/1804/1500 1806/1805/1501 1805/1806/1501
f 1803/1807/1502 1804/1808/1502 1815/1809/1503 1814/1810/1503
f 1814/1810/1503 1815/1809/1503 1816/1811/1504 1813/1812/1504
f 1813/1812/1504 1816/1811/1504 1817/1813/1505 1812/1814/1505
f 1812/1814/1505 1817/1813/1505 1818/1815/1506 1811/1816/1506
f 1811/1816/1506 1818/1815/1506 1819/1817/1507 1810/1818/1507
f 1810/1818/1507 1819/1817/1507 1820/1819/1508 1809/1820/1508
f 1809/1820/1508 1820/1819/1508 1821/1821/1509 1808/1822/1509
f 1808/1822/1509 1821/1821/1509 1822/1804/1500 1807/1803/1500
f 1827/1823/1510 1842/1824/1510 1826/1825/1511 1825/1826/1511
f 1823/1827/1512 1824/1828/1512 1835/1829/1513 1834/1830/1513
f 1834/1830/1513 1835/1829/1513 1836/1831/1514 1833/1832/1514
f 1833/1832/1514 1836/1831/1514 1837/1833/1515 1832/1834/1515
f 1832/1834/1515 1837/1833/1515 1838/1835/1516 1831/1836/1516
f 1831/1836/1516 1838/1835/1516 1839/1837/1517 1830/1838/1517
f 1830/1838/1517 1839/1837/1517 1840/1839/1518 1829/1840/1518
f 1829/1840/1518 1840/1839/1518 1841/1841/1519 1828/1842/1519
f 1828/1842/1519 1841/1841/1519 1842/1824/1510 1827/1823/1510
f 1847/1843/1520 1862/1844/1520 1846/1845/1521 1845/1846/1521
f 1843/1847/1522 1844/1848/1522 1855/1849/1523 1854/1850/1523
f 1854/1850/1523 1855/1849/1523 1856/1851/1524 1853/1852/1524
f 1853/1852/1524 1856/1851/1524 1857/1853/1525 1852/1854/1525
f 1852/1854/1525 1857/1853/1525 1858/1855/1526 1851/1856/1526
f 1851/1856/1526 1858/1855/1526 1859/1857/1527 1850/1858/1527
f 1850/1858/1527 1859/1857/1527 1860/1859/1528 1849/1860/1528
f 1849/1860/1528 1860/1859/1528 1861/1861/1529 1848/1862/1529
f 1848/1862/1529 1861/1861/1529 1862/1844/1520 1847/1843/1520
f 1867/1863/1530 1882/1864/1530 1866/1865/1531 1865/1866/1531
f 1863/1867/1532 1864/1868/1532 1875/1869/1533 1874/1870/1533
f 1874/1870/1533 1875/1869/1533 1876/1871/1534 1873/1872/1534
f 1873/1872/1534 1876/1871/1534 1877/1873/1535 1872/1874/1535
f 1872/1874/1535 1877/1873/1535 1878/1875/1536 1871/1876/1536
f 1871/1876/1536 1878/1875/1536 1879/1877/1537 1870/1878/1537
f 1870/1878/1537 1879/1877/1537 1880/1879/1538 1869/1880/1538
f 1869/1880/1538 1880/1879/1538 1881/1881/1539 1868/1882/1539
f 1868/1882/1539 1881/1881/1539 1882/1864/1530 1867/1863/1530
f 1887/1883/1540 1902/1884/1540 1886/1885/1541 1885/1886/1541
f 1883/1887/1542 1884/1888/1542 1895/1889/1543 1894/1890/1543
f 1894/1890/1543 1895/1889/1543 1896/1891/1544 1893/1892/1544
f 1893/1892/1544 1896/1891/1544 1897/1893/1545 1892/1894/1545
f 1892/1894/1545 1897/1893/1545 1898/1895/1546 1891/1896/1546
f 1891/1896/1546 1898/1895/1546 1899/1897/1547 1890/1898/1547
f 1890/1898/1547 1899/1897/1547 1900/1899/1548 1889/1900/1548
f 1889/1900/1548 1900/1899/1548 1901/1901/1549 1888/1902/1549
f 1888/1902/1549 1901/1901/1549 1902/1884/1540 1887/1883/1540
f 1907/1903/1550 1922/1904/1550 1906/1905/1551 1905/1906/1551
f 1903/1907/1552 1904/1908/1552 1915/1909/1553 1914/1910/1553
f 1914/1910/1553 1915/1909/1553 1916/1911/1554 1913/1912/1554
f 1913/1912/1554 1916/1911/1554 1917/1913/1555 1912/1914/1555
f 1912/1914/1555 1917/1913/1555 1918/1915/1556 1911/1916/1556
f 1911/1916/1556 1918/1915/1556 1919/1917/1557 1910/1918/1557
f 1910/1918/1557 1919/1917/1557 1920/1919/1558 1909/1920/1558
f 1909/1920/1558 1920/1919/1558 1921/1921/1559 1908/1922/1559
f 1908/1922/1559 1921/1921/1559 1922/1904/1550 1907/1903/1550
f 1927/1923/1560 1942/1924/1560 1926/1925/1561 1925/1926/1561
f 1923/1927/1562 1924/1928/1562 1935/1929/1563 1934/1930/1563
f 1934/1930/1563 1935/1929/1563 1936/1931/1564 1933/1932/1564
f 1933/1932/1564 1936/1931/1564 1937/1933/1565 1932/1934/1565
f 1932/1934/1565 1937/1933/1565 1938/1935/1566 1931/1936/1566
f 1931/1936/1566 1938/1935/1566 1939/1937/1567 1930/1938/1567
f 1930/1938/1567 1939/1937/1567 1940/1939/1568 1929/1940/1568
f 1929/1940/1568 1940/1939/1568 1941/1941/1569 1928/1942/1569
f 1928/1942/1569 1941/1941/1569 1942/1924/1560 1927/1923/1560
f 1947/1943/1570 1962/1944/1570 1946/1945/1571 1945/1946/1571
f 1943/1947/1572 1944/1948/1572 1955/1949/1573 1954/1950/1574
f 1954/1950/1574 1955/1949/1573 1956/1951/1575 1953/1952/1576
f 1953/1952/1576 1956/1951/1575 1957/1953/1577 1952/1954/1578
f 1952/1954/1578 1957/1953/1577 1958/1955/1579 1951/1956/1580
f 1951/1956/1580 1958/1955/1579 1959/1957/1581 1950/1958/1582
f 1950/1958/1582 1959/1957/1581 1960/1959/1583 1949/1960/1584
f 1949/1960/1584 1960/1959/1583 1961/1961/1585 1948/1962/1585
f 1948/1962/1585 1961/1961/1585 1962/1944/1570 1947/1943/1570
f 1967/1963/1586 1982/1964/1586 1966/1965/1587 1965/1966/1587
f 1963/1967/1588 1964/1968/1588 1975/1969/1589 1974/1970/1589
f 1974/1970/1589 1975/1969/1589 1976/1971/1590 1973/1972/1590
f 1973/1972/1590 1976/1971/1590 1977/1973/1591 1972/1974/1591
f 1972/1974/1591 1977/1973/1591 1978/1975/1592 1971/1976/1592
f 1971/1976/1592 1978/1975/1592 1979/1977/1593 1970/1978/1593
f 1970/1978/1593 1979/1977/1593 1980/1979/1594 1969/1980/1594
f 1969/1980/1594 1980/1979/1594 1981/1981/1595 1968/1982/1595
f 1968/1982/1595 1981/1981/1595 1982/1964/1586 1967/1963/1586
f 1987/1983/1596 2002/1984/1596 1986/1985/1597 1985/1986/1597
f 1983/1987/1598 1984/1988/1598 1995/1989/1599 1994/1990/1599
f 1994/1990/1599 1995/1989/1599 1996/1991/1600 1993/1992/1600
f 1993/1992/1600 1996/1991/1600 1997/1993/1601 1992/1994/1601
f 1992/1994/1601 1997/1993/1601 1998/1995/1602 1991/1996/1602
f 1991/1996/1602 1998/1995/1602 1999/1997/1603 1990/1998/1603
f 1990/1998/1603 1999/1997/1603 2000/1999/1604 1989/2000/1604
f 1989/2000/1604 2000/1999/1604 2001/2001/1605 1988/2002/1605
f 1988/2002/1605 2001/2001/1605 2002/1984/1596 1987/1983/1596
f 2007/2003/1606 2022/2004/1606 2006/2005/1607 2005/2006/1607
f 2003/2007/1608 2004/2008/1608 2015/2009/1609 2014/2010/1609
f 2014/2010/1609 2015/2009/1609 2016/2011/1610 2013/2012/1610
f 2013/2012/1610 2016/2011/1610 2017/2013/1611 2012/2014/1611
f 2012/2014/1611 2017/2013/1611 2018/2015/1612 2011/2016/1612
f 2011/2016/1612 2018/2015/1612 2019/2017/1613 2010/2018/1613
f 2010/2018/1613 2019/2017/1613 2020/2019/1614 2009/2020/1614
f 2009/2020/1614 2020/2019/1614 2021/2021/1615 2008/2022/1615
f 2008/2022/1615 2021/2021/1615 2022/2004/1606 2007/2003/1606
f 2027/2023/1616 2042/2024/1616 2026/2025/1617 2025/2026/1617
f 2023/2027/1618 2024/2028/1618 2035/2029/1619 2034/2030/1619
f 2034/2030/1619 2035/2029/1619 2036/2031/1620 2033/2032/1620
f 2033/2032/1620 2036/2031/1620 2037/2033/1621 2032/2034/1621
f 2032/2034/1621 2037/2033/1621 2038/2035/1622 2031/2036/1622
f 2031/2036/1622 2038/2035/1622 2039/2037/1623 2030/2038/1623
f 2030/2038/1623 2039/2037/1623 2040/2039/1624 2029/2040/1624
f 2029/2040/1624 2040/2039/1624 2041/2041/1625 2028/2042/1625
f 2028/2042/1625 2041/2041/1625 2042/2024/1616 2027/2023/1616
f 2047/2043/1626 2062/2044/1626 2046/2045/1627 2045/2046/1627
f 2043/2047/1628 2044/2048/1628 2055/2049/1629 2054/2050/1630
f 2054/2050/1630 2055/2049/1629 2056/2051/1631 2053/2052/1632
f 2053/2052/1632 2056/2051/1631 2057/2053/1633 2052/2054/1634
f 2052/2054/1634 2057/2053/1633 2058/2055/1635 2051/2056/1636
f 2051/2056/1636 2058/2055/1635 2059/2057/1637 2050/2058/1638
f 2050/2058/1638 2059/2057/1637 2060/2059/1639 2049/2060/1640
f 2049/2060/1640 2060/2059/1639 2061/2061/1641 2048/2062/1641
f 2048/2062/1641 2061/2061/1641 2062/2044/1626 2047/2043/1626
f 2067/2063/1642 2082/2064/1642 2066/2065/1643 2065/2066/1643
f 2063/2067/1644 2064/2068/1644 2075/2069/1645 2074/2070/1645
f 2074/2070/1645 2075/2069/1645 2076/2071/1646 2073/2072/1646
f 2073/2072/1646 2076/2071/1646 2077/2073/1647 2072/2074/1647
f 2072/2074/1647 2077/2073/1647 2078/2075/1648 2071/2076/1648
f 2071/2076/1648 2078/2075/1648 2079/2077/1649 2070/2078/1649
f 2070/2078/1649 2079/2077/1649 2080/2079/1650 2069/2080/1650
f 2069/2080/1650 2080/2079/1650 2081/2081/1651 2068/2082/1651
f 2068/2082/1651 2081/2081/1651 2082/2064/1642 2067/2063/1642
f 2087/2083/1652 2102/2084/1652 2086/2085/1653 2085/2086/1653
f 2083/2087/1654 2084/2088/1654 2095/2089/1655 2094/2090/1655
f 2094/2090/1655 2095/2089/1655 2096/2091/1656 2093/2092/1656
f 2093/2092/1656 2096/2091/1656 2097/2093/1657 2092/2094/1657
f 2092/2094/1657 2097/2093/1657 2098/2095/1658 2091/2096/1658
f 2091/2096/1658 2098/2095/1658 2099/2097/1659 2090/2098/1659
f 2090/2098/1659 2099/2097/1659 2100/2099/1660 2089/2100/1660
f 2089/2100/1660 2100/2099/1660 2101/2101/1661 2088/2102/1661
f 2088/2102/1661 2101/2101/1661 2102/2084/1652 2087/2083/1652
f 2107/2103/1662 2122/2104/1662 2106/2105/1663 2105/2106/1663
f 2103/2107/1664 2104/2108/1664 2115/2109/1665 2114/2110/1665
f 2114/2110/1665 2115/2109/1665 2116/2111/1666 2113/2112/1666
f 2113/2112/1666 2116/2111/1666 2117/2113/1667 2112/2114/1667
f 2112/2114/1667 2117/2113/1667 2118/2115/1668 2111/2116/1668
f 2111/2116/1668 2118/2115/1668 2119/2117/1669 2110/2118/1669
f 2110/2118/1669 2119/2117/1669 2120/2119/1670 2109/2120/1670
f 2109/2120/1670 2120/2119/1670 2121/2121/1671 2108/2122/1671
f 2108/2122/1671 2121/2121/1671 2122/2104/1662 2107/2103/1662
f 2127/2123/1672 2142/2124/1672 2126/2125/1673 2125/2126/1673
f 2123/2127/1674 2124/2128/1674 2135/2129/1675 2134/2130/1675
f 2134/2130/1675 2135/2129/1675 2136/2131/1676 2133/2132/1676
f 2133/2132/1676 2136/2131/1676 2137/2133/1677 2132/2134/1677
f 2132/2134/1677 2137/2133/1677 2138/2135/1678 2131/2136/1678
f 2131/2136/1678 2138/2135/1678 2139/2137/1679 2130/2138/1679
f 2130/2138/1679 2139/2137/1679 2140/2139/1680 2129/2140/1680
f 2129/2140/1680 2140/2139/1680 2141/2141/1681 2128/2142/1681
f 2128/2142/1681 2141/2141/1681 2142/2124/1672 2127/2123/1672
f 2147/2143/1682 2162/2144/1682 2146/2145/1683 2145/2146/1683
f 2143/2147/1684 2144/2148/1684 2155/2149/1685 2154/2150/1685
f 2154/2150/1685 2155/2149/1685 2156/2151/1686 2153/2152/1686
f 2153/2152/1686 2156/2151/1686 2157/2153/1687 2152/2154/1687
f 2152/2154/1687 2157/2153/1687 2158/2155/1688 2151/2156/1688
f 2151/2156/1688 2158/2155/1688 2159/2157/1689 2150/2158/1689
f 2150/2158/1689 2159/2157/1689 2160/2159/1690 2149/2160/1690
f 2149/2160/1690 2160/2159/1690 2161/2161/1691 2148/2162/1691
f 2148/2162/1691 2161/2161/1691 2162/2144/1682 2147/2143/1682
f 2167/2163/1692 2182/2164/1692 2166/2165/1693 2165/2166/1694
f 2163/2167/1695 2164/2168/1695 2175/2169/1696 2174/2170/1696
f 2174/2170/1696 2175/2169/1696 2176/2171/1697 2173/2172/1697
f 2173/2172/1697 2176/2171/1697 2177/2173/1698 2172/2174/1698
f 2172/2174/1698 2177/2173/1698 2178/2175/1699 2171/2176/1699
f 2171/2176/1699 2178/2175/1699 2179/2177/1700 2170/2178/1700
f 2170/2178/1700 2179/2177/1700 2180/2179/1701 2169/2180/1701
f 2169/2180/1701 2180/2179/1701 2181/2181/1702 2168/2182/1702
f 2168/2182/1702 2181/2181/1702 2182/2164/1692 2167/2163/1692
f 2187/2183/1703 2202/2184/1703 2186/2185/1704 2185/2186/1704
f 2183/2187/1705 2184/2188/1705 2195/2189/1706 2194/2190/1706
f 2194/2190/1706 2195/2189/1706 2196/2191/1707 2193/2192/1707
f 2193/2192/1707 2196/2191/1707 2197/2193/1708 2192/2194/1708
f 2192/2194/1708 2197/2193/1708 2198/2195/1709 2191/2196/1709
f 2191/2196/1709 2198/2195/1709 2199/2197/1710 2190/2198/1710
f 2190/2198/1710 2199/2197/1710 2200/2199/1711 2189/2200/1711
f 2189/2200/1711 2200/2199/1711 2201/2201/1712 2188/2202/1712
f 2188/2202/1712 2201/2201/1712 2202/2184/1703 2187/2183/1703
f 2207/2203/1713 2222/2204/1713 2206/2205/1714 2205/2206/1714
f 2203/2207/1715 2204/2208/1715 2215/2209/1716 2214/2210/1716
f 2214/2210/1716 2215/2209/1716 2216/2211/1717 2213/2212/1717
f 2213/2212/1717 2216/2211/1717 2217/2213/1718 2212/2214/1718
f 2212/2214/1718 2217/2213/1718 2218/2215/1719 2211/2216/1719
f 2211/2216/1719 2218/2215/1719 2219/2217/1720 2210/2218/1720
f 2210/2218/1720 2219/2217/1720 2220/2219/1721 2209/2220/1721
f 2209/2220/1721 2220/2219/1721 2221/2221/1722 2208/2222/1722
f 2208/2222/1722 2221/2221/1722 2222/2204/1713 2207/2203/1713
f 2227/2223/1723 2242/2224/1723 2226/2225/1724 2225/2226/1724
f 2223/2227/1725 2224/2228/1725 2235/2229/1726 2234/2230/1726
f 2234/2230/1726 2235/2229/1726 2236/2231/1727 2233/2232/1727
f 2233/2232/1727 2236/2231/1727 2237/2233/1728 2232/2234/1728
f 2232/2234/1728 2237/2233/1728 2238/2235/1729 2231/2236/1729
f 2231/2236/1729 2238/2235/1729 2239/2237/1730 2230/2238/1730
f 2230/2238/1730 2239/2237/1730 2240/2239/1731 2229/2240/1731
f 2229/2240/1731 2240/2239/1731 2241/2241/1732 2228/2242/1732
f 2228/2242/1732 2241/2241/1732 2242/2224/1723 2227/2223/1723
f 2247/2243/1733 2262/2244/1733 2246/2245/1734 2245/2246/1734
f 2243/2247/1735 2244/2248/1735 2255/2249/1736 2254/2250/1736
f 2254/2250/1736 2255/2249/1736 2256/2251/1737 2253/2252/1737
f 2253/2252/1737 2256/2251/1737 2257/2253/1738 2252/2254/1738
f 2252/2254/1738 2257/2253/1738 2258/2255/1739 2251/2256/1739
f 2251/2256/1739 2258/2255/1739 2259/2257/1740 2250/2258/1740
f 2250/2258/1740 2259/2257/1740 2260/2259/1741 2249/2260/1741
f 2249/2260/1741 2260/2259/1741 2261/2261/1742 2248/2262/1742
f 2248/2262/1742 2261/2261/1742 2262/2244/1733 2247/2243/1733
f 2267/2263/1743 2282/2264/1743 2266/2265/1744 2265/2266/1744
f 2263/2267/1745 2264/2268/1745 2275/2269/1746 2274/2270/1746
f 2274/2270/1746 2275/2269/1746 2276/2271/1747 2273/2272/1747
f 2273/2272/1747 2276/2271/1747 2277/2273/1748 2272/2274/1748
f 2272/2274/1748 2277/2273/1748 2278/2275/1749 2271/2276/1749
f 2271/2276/1749 2278/2275/1749 2279/2277/1750 2270/2278/1750
f 2270/2278/1750 2279/2277/1750 2280/2279/1751 2269/2280/1751
f 2269/2280/1751 2280/2279/1751 2281/2281/1752 2268/2282/1752
f 2268/2282/1752 2281/2281/1752 2282/2264/1743 2267/2263/1743
f 2287/2283/1753 2302/2284/1753 2286/2285/1754 2285/2286/1754
f 2283/2287/1755 2284/2288/1755 2295/2289/1756 2294/2290/1756
f 2294/2290/1756 2295/2289/1756 2296/2291/1757 2293/2292/1757
f 2293/2292/1757 2296/2291/1757 2297/2293/1758 2292/2294/1758
f 2292/2294/1758 2297/2293/1758 2298/2295/1759 2291/2296/1759
f 2291/2296/1759 2298/2295/1759 2299/2297/1760 2290/2298/1760
f 2290/2298/1760 2299/2297/1760 2300/2299/1761 2289/2300/1761
f 2289/2300/1761 2300/2299/1761 2301/2301/1762 2288/2302/1762
f 2288/2302/1762 2301/2301/1762 2302/2284/1753 2287/2283/1753
f 2307/2303/1763 2322/2304/1763 2306/2305/1764 2305/2306/1764
f 2303/2307/1765 2304/2308/1765 2315/2309/1766 2314/2310/1766
f 2314/2310/1766 2315/2309/1766 2316/2311/1767 2313/2312/1767
f 2313/2312/1767 2316/2311/1767 2317/2313/1768 2312/2314/1768
f 2312/2314/1768 2317/2313/1768 2318/2315/1769 2311/2316/1769
f 2311/2316/1769 2318/2315/1769 2319/2317/1770 2310/2318/1770
f 2310/2318/1770 2319/2317/1770 2320/2319/1771 2309/2320/1771
f 2309/2320/1771 2320/2319/1771 2321/2321/1772 2308/2322/1772
f 2308/2322/1772 2321/2321/1772 2322/2304/1763 2307/2303/1763
f 2327/2323/1773 2342/2324/1773 2326/2325/1774 2325/2326/1774
f 2323/2327/1775 2324/2328/1775 2335/2329/1776 2334/2330/1776
f 2334/2330/1776 2335/2329/1776 2336/2331/1777 2333/2332/1777
f 2333/2332/1777 2336/2331/1777 2337/2333/1778 2332/2334/1778
f 2332/2334/1778 2337/2333/1778 2338/2335/1779 2331/2336/1779
f 2331/2336/1779 2338/2335/1779 2339/2337/1780 2330/2338/1780
f 2330/2338/1780 2339/2337/1780 2340/2339/1781 2329/2340/1781
f 2329/2340/1781 2340/2339/1781 2341/2341/1782 2328/2342/1782
f 2328/2342/1782 2341/2341/1782 2342/2324/1773 2327/2323/1773
f 2347/2343/1783 2362/2344/1783 2346/2345/1784 2345/2346/1784
f 2343/2347/1785 2344/2348/1785 2355/2349/1786 2354/2350/1787
f 2354/2350/1787 2355/2349/1786 2356/2351/1788 2353/2352/1789
f 2353/2352/1789 2356/2351/1788 2357/2353/1790 2352/2354/1791
f 2352/2354/1791 2357/2353/1790 2358/2355/1792 2351/2356/1793
f 2351/2356/1793 2358/2355/1792 2359/2357/1794 2350/2358/1795
f 2350/2358/1795 2359/2357/1794 2360/2359/1796 2349/2360/1797
f 2349/2360/1797 2360/2359/1796 2361/2361/1798 2348/2362/1798
f 2348/2362/1798 2361/2361/1798 2362/2344/1783 2347/2343/1783
f 2367/2363/1799 2382/2364/1799 2366/2365/1800 2365/2366/1800
f 2363/2367/1801 2364/2368/1801 2375/2369/1802 2374/2370/1802
f 2374/2370/1802 2375/2369/1802 2376/2371/1803 2373/2372/1804
f 2373/2372/1804 2376/2371/1803 2377/2373/1805 2372/2374/1806
f 2372/2374/1806 2377/2373/1805 2378/2375/1807 2371/2376/1808
f 2371/2376/1808 2378/2375/1807 2379/2377/1809 2370/2378/1810
f 2370/2378/1810 2379/2377/1809 2380/2379/1811 2369/2380/1812
f 2369/2380/1812 2380/2379/1811 2381/2381/1813 2368/2382/1813
f 2368/2382/1813 2381/2381/1813 2382/2364/1799 2367/2363/1799
f 2387/2383/1814 2402/2384/1814 2386/2385/1815 2385/2386/1815
f 2383/2387/1816 2384/2388/1816 2395/2389/1817 2394/2390/1817
f 2394/2390/1817 2395/2389/1817 2396/2391/1818 2393/2392/1818
f 2393/2392/1818 2396/2391/1818 2397/2393/1819 2392/2394/1819
f 2392/2394/1819 2397/2393/1819 2398/2395/1820 2391/2396/1820
f 2391/2396/1820 2398/2395/1820 2399/2397/1821 2390/2398/1821
f 2390/2398/1821 2399/2397/1821 2400/2399/1822 2389/2400/1822
f 2389/2400/1822 2400/2399/1822 2401/2401/1823 2388/2402/1823
f 2388/2402/1823 2401/2401/1823 2402/2384/1814 2387/2383/1814
f 2407/2403/1824 2422/2404/1824 2406/2405/1825 2405/2406/1825
f 2403/2407/1826 2404/2408/1826 2415/2409/1827 2414/2410/1827
f 2414/2410/1827 2415/2409/1827 2416/2411/1828 2413/2412/1828
f 2413/2412/1828 2416/2411/1828 2417/2413/1829 2412/2414/1829
f 2412/2414/1829 2417/2413/1829 2418/2415/1830 2411/2416/1830
f 2411/2416/1830 2418/2415/1830 2419/2417/1831 2410/2418/1831
f 2410/2418/1831 2419/2417/1831 2420/2419/1832 2409/2420/1832
f 2409/2420/1832 2420/2419/1832 2421/2421/1833 2408/2422/1833
f 2408/2422/1833 2421/2421/1833 2422/2404/1824 2407/2403/1824
f 2427/2423/1834 2442/2424/1834 2426/2425/1835 2425/2426/1835
f 2423/2427/1836 2424/2428/1836 2435/2429/1837 2434/2430/1837
f 2434/2430/1837 2435/2429/1837 2436/2431/1838 2433/2432/1838
f 2433/2432/1838 2436/2431/1838 2437/2433/1839 2432/2434/1839
f 2432/2434/1839 2437/2433/1839 2438/2435/1840 2431/2436/1840
f 2431/2436/1840 2438/2435/1840 2439/2437/1841 2430/2438/1841
f 2430/2438/1841 2439/2437/1841 2440/2439/1842 2429/2440/1842
f 2429/2440/1842 2440/2439/1842 2441/2441/1843 2428/2442/1843
f 2428/2442/1843 2441/2441/1843 2442/2424/1834 2427/2423/1834
f 2447/2443/1844 2462/2444/1844 2446/2445/1845 2445/2446/1845
f 2443/2447/1846 2444/2448/1846 2455/2449/1847 2454/2450/1847
f 2454/2450/1847 2455/2449/1847 2456/2451/1848 2453/2452/1848
f 2453/2452/1848 2456/2451/1848 2457/2453/1849 2452/2454/1849
f 2452/2454/1849 2457/2453/1849 2458/2455/1850 2451/2456/1850
f 2451/2456/1850 2458/2455/1850 2459/2457/1851 2450/2458/1851
f 2450/2458/1851 2459/2457/1851 2460/2459/1852 2449/2460/1852
f 2449/2460/1852 2460/2459/1852 2461/2461/1853 2448/2462/1853
f 2448/2462/1853 2461/2461/1853 2462/2444/1844 2447/2443/1844
f 2467/2463/1854 2482/2464/1854 2466/2465/1855 2465/2466/1855
f 2463/2467/1856 2464/2468/1856 2475/2469/1857 2474/2470/1857
f 2474/2470/1857 2475/2469/1857 2476/2471/1858 2473/2472/1858
f 2473/2472/1858 2476/2471/1858 2477/2473/1859 2472/2474/1859
f 2472/2474/1859 2477/2473/1859 2478/2475/1860 2471/2476/1860
f 2471/2476/1860 2478/2475/1860 2479/2477/1861 2470/2478/1861
f 2470/2478/1861 2479/2477/1861 2480/2479/1862 2469/2480/1862
f 2469/2480/1862 2480/2479/1862 2481/2481/1863 2468/2482/1863
f 2468/2482/1863 2481/2481/1863 2482/2464/1854 2467/2463/1854
f 2487/2483/1864 2502/2484/1864 2486/2485/1865 2485/2486/1865
f 2483/2487/1866 2484/2488/1866 2495/2489/1867 2494/2490/1867
f 2494/2490/1867 2495/2489/1867 2496/2491/1868 2493/2492/1868
f 2493/2492/1868 2496/2491/1868 2497/2493/1869 2492/2494/1869
f 2492/2494/1869 2497/2493/1869 2498/2495/1870 2491/2496/1870
f 2491/2496/1870 2498/2495/1870 2499/2497/1871 2490/2498/1871
f 2490/2498/1871 2499/2497/1871 2500/2499/1872 2489/2500/1872
f 2489/2500/1872 2500/2499/1872 2501/2501/1873 2488/2502/1873
f 2488/2502/1873 2501/2501/1873 2502/2484/1864 2487/2483/1864
o Plane.014_Plane.080
v 0.490186 0.334565 3.921476
v 0.713155 0.336058 3.850111
v -0.114500 0.110892 2.027570
v 0.108469 0.112385 1.956205
v -0.050446 0.200770 2.229574
v 0.013396 0.295024 2.431010
v 0.077552 0.382781 2.633288
v 0.143392 0.435585 2.840098
v 0.211792 0.435271 3.053795
v 0.281643 0.404864 3.271393
v 0.351905 0.365923 3.490098
v 0.421696 0.336739 3.707538
v 0.644666 0.338232 3.636172
v 0.574874 0.367416 3.418732
v 0.504612 0.406357 3.200027
v 0.434761 0.436764 2.982429
v 0.366361 0.437078 2.768732
v 0.300521 0.384274 2.561922
v 0.236365 0.296517 2.359644
v 0.172523 0.202264 2.158208
v -1.472136 0.623925 0.768653
v -1.611403 0.622700 0.956838
v 0.083716 0.110299 1.916723
v -0.055551 0.109075 2.104909
v -0.074521 0.230367 1.800400
v -0.231774 0.354672 1.684834
v -0.390489 0.472685 1.568145
v -0.557071 0.556834 1.445413
v -0.735607 0.589522 1.313499
v -0.920917 0.593055 1.176383
v -1.108147 0.588321 1.037792
v -1.293181 0.593039 0.900888
v -1.432448 0.591815 1.089073
v -1.247414 0.587096 1.225978
v -1.060184 0.591831 1.364569
v -0.874874 0.588297 1.501685
v -0.696338 0.555609 1.633598
v -0.529756 0.471460 1.756330
v -0.371041 0.353448 1.873019
v -0.213789 0.229142 1.988586
v -0.497439 0.708659 0.174799
v -0.706186 0.762437 0.266140
v 0.125622 0.079842 1.968939
v -0.083125 0.133620 2.060281
v 0.078475 0.209636 1.784774
v 0.032814 0.343462 1.601630
v -0.015053 0.471302 1.416970
v -0.074790 0.566929 1.224147
v -0.152566 0.613605 1.018922
v -0.240560 0.632549 0.806670
v -0.331453 0.643627 0.592425
v -0.419032 0.663698 0.380459
v -0.627779 0.717476 0.471800
v -0.540200 0.697405 0.683766
v -0.449307 0.686327 0.898011
v -0.361313 0.667384 1.110263
v -0.283537 0.620708 1.315489
v -0.223800 0.525080 1.508311
v -0.175933 0.397241 1.692972
v -0.130272 0.263415 1.876115
v -0.533805 0.284585 3.916624
v -0.305154 0.301734 3.963900
v -0.117341 0.103064 1.968249
v 0.111310 0.120213 2.015526
v -0.166749 0.188259 2.176304
v -0.216367 0.277828 2.383792
v -0.265673 0.360902 2.592123
v -0.313294 0.409022 2.804985
v -0.358355 0.404025 3.024734
v -0.401965 0.368934 3.248384
v -0.445164 0.325310 3.473141
v -0.488834 0.291443 3.696633
v -0.260183 0.308592 3.743910
v -0.216513 0.342459 3.520418
v -0.173314 0.386084 3.295661
v -0.129703 0.421174 3.072010
v -0.084642 0.426171 2.852261
v -0.037022 0.378051 2.639399
v 0.012284 0.294978 2.431069
v 0.061903 0.205408 2.223581
v -1.893983 0.084829 2.652235
v -1.804967 0.083741 2.868765
v -0.043736 0.112773 1.891735
v 0.045280 0.111686 2.108265
v -0.248518 0.175308 1.976235
v -0.453245 0.242260 2.060735
v -0.658052 0.302653 2.145235
v -0.863291 0.327764 2.229735
v -1.069184 0.299255 2.314234
v -1.275448 0.240368 2.398735
v -1.481818 0.172867 2.483235
v -1.688067 0.115216 2.567734
v -1.599051 0.114128 2.784265
v -1.392802 0.171780 2.699765
v -1.186432 0.239281 2.615265
v -0.980168 0.298167 2.530765
v -0.774274 0.326676 2.446265
v -0.569036 0.301566 2.361765
v -0.364229 0.241172 2.277265
v -0.159502 0.174221 2.192765
v 1.894271 0.038557 2.652294
v 1.957429 0.037785 2.426858
v -0.030807 0.112615 2.112718
v 0.032350 0.111844 1.887282
v 0.183892 0.170027 2.172671
v 0.398646 0.231854 2.232624
v 0.613319 0.287124 2.292576
v 0.827561 0.307111 2.352529
v 1.041148 0.273478 2.412482
v 1.254365 0.209468 2.472435
v 1.467476 0.136843 2.532388
v 1.680707 0.074068 2.592341
v 1.743864 0.073296 2.366906
v 1.530633 0.136071 2.306952
v 1.317522 0.208696 2.247000
v 1.104306 0.272706 2.187047
v 0.890718 0.306339 2.127094
v 0.676476 0.286353 2.067141
v 0.461803 0.231083 2.007188
v 0.247050 0.169255 1.947235
v 1.196762 0.265183 0.656573
v 1.012124 0.274933 0.512962
v 0.083401 0.105645 2.086810
v -0.101518 0.113797 1.943460
v 0.207300 0.224858 1.933762
v 0.330565 0.348311 1.781772
v 0.454771 0.465467 1.628210
v 0.579209 0.529428 1.471152
v 0.701625 0.531692 1.312811
v 0.825794 0.517240 1.151135
v 0.950841 0.453860 0.985581
v 1.072464 0.351616 0.822213
v 0.887775 0.361211 0.678656
v 0.766055 0.463075 0.842124
v 0.640937 0.526005 1.007742
v 0.516742 0.540092 1.169430
v 0.394312 0.537669 1.327779
v 0.269852 0.473619 1.484861
v 0.145646 0.356463 1.638422
v 0.022381 0.233010 1.790412
v 1.504704 0.298518 0.886800
v 1.350422 0.316898 0.711672
v 0.068355 0.099521 2.102346
v -0.086472 0.119922 1.927924
v 0.223360 0.216119 1.978391
v 0.377731 0.336958 1.855496
v 0.532381 0.450081 1.731699
v 0.688118 0.505285 1.603272
v 0.849268 0.500201 1.466013
v 1.019216 0.502158 1.322690
v 1.190514 0.466949 1.174178
v 1.351197 0.384900 1.028941
v 1.196890 0.403572 0.853864
v 1.036102 0.486315 0.999260
v 0.864611 0.522259 1.148017
v 0.694481 0.520738 1.291550
v 0.533292 0.525821 1.428850
v 0.377554 0.470503 1.557277
v 0.222904 0.357359 1.681074
v 0.068533 0.236520 1.803970
v 0.925236 0.050393 3.777020
v 1.126209 0.047938 3.656959
v -0.099715 0.113457 2.060030
v 0.101258 0.111002 1.939970
v 0.014970 0.172090 2.250807
v 0.129710 0.235139 2.441583
v 0.244369 0.291631 2.632360
v 0.358597 0.312839 2.823136
v 0.472170 0.280428 3.013913
v 0.585372 0.217639 3.204690
v 0.698469 0.146236 3.395466
v 0.811686 0.084682 3.586243
v 1.012659 0.082227 3.466183
v 0.899442 0.143781 3.275406
v 0.786345 0.215184 3.084630
v 0.673143 0.277973 2.893853
v 0.559569 0.310384 2.703076
v 0.445341 0.289176 2.512300
v 0.330682 0.232684 2.321523
v 0.215943 0.169635 2.130746
v -1.387376 0.078641 0.554948
v -1.546468 0.080584 0.726695
v 0.080317 0.111258 1.914127
v -0.078774 0.113201 2.085873
v -0.081958 0.173274 1.763107
v -0.244179 0.239706 1.612087
v -0.406481 0.299581 1.461067
v -0.569213 0.324172 1.310047
v -0.732601 0.295144 1.159028
v -0.896359 0.235738 1.008008
v -1.060223 0.167718 0.856988
v -1.223966 0.109547 0.705968
v -1.383057 0.111490 0.877715
v -1.219314 0.169661 1.028734
v -1.055450 0.237681 1.179754
v -0.891692 0.297087 1.330774
v -0.728305 0.326115 1.481794
v -0.565572 0.301524 1.632814
v -0.403271 0.241649 1.783833
v -0.241049 0.175217 1.934853
v -1.919245 0.085137 1.426365
v -1.973055 0.085795 1.654214
v 0.027676 0.111901 1.886076
v -0.026133 0.112558 2.113924
v -0.187847 0.174567 1.834997
v -0.403316 0.241650 1.783918
v -0.618865 0.302175 1.732839
v -0.834845 0.327416 1.681760
v -1.051480 0.299038 1.630681
v -1.268486 0.240283 1.579602
v -1.485597 0.172913 1.528523
v -1.702588 0.115393 1.477444
v -1.756397 0.116050 1.705292
v -1.539406 0.173571 1.756371
v -1.322295 0.240941 1.807450
v -1.105289 0.299696 1.858529
v -0.888654 0.328074 1.909608
v -0.672674 0.302832 1.960687
v -0.457125 0.242307 2.011766
v -0.241656 0.175225 2.062845
v -1.323335 0.077858 3.503934
v -1.138864 0.075605 3.648073
v -0.091464 0.113356 1.927930
v 0.093007 0.111103 2.072069
v -0.227536 0.175052 2.103042
v -0.363555 0.241164 2.278153
v -0.499654 0.300719 2.453265
v -0.636184 0.324990 2.628376
v -0.773369 0.295641 2.803488
v -0.910925 0.235916 2.978600
v -1.048586 0.167575 3.153711
v -1.186127 0.109085 3.328822
v -1.001657 0.106831 3.472962
v -0.864116 0.165322 3.297850
v -0.726455 0.233663 3.122739
v -0.588899 0.293388 2.947627
v -0.451714 0.322736 2.772516
v -0.315184 0.298465 2.597404
v -0.179085 0.238911 2.422292
v -0.043066 0.172799 2.247181
v 1.247807 0.046453 3.567429
v 1.422129 0.044324 3.411166
v -0.086389 0.113294 2.078131
v 0.087932 0.111165 1.921869
v 0.062657 0.171507 2.243609
v 0.211756 0.234137 2.409086
v 0.360776 0.290209 2.574564
v 0.509365 0.310997 2.740041
v 0.657298 0.278166 2.905519
v 0.804861 0.214958 3.070996
v 0.952318 0.143135 3.236474
v 1.099896 0.081162 3.401951
v 1.274218 0.079033 3.245689
v 1.126640 0.141006 3.080211
v 0.979183 0.212829 2.914734
v 0.831620 0.276037 2.749256
v 0.683686 0.308868 2.583779
v 0.535098 0.288080 2.418301
v 0.386078 0.232008 2.252824
v 0.236978 0.169378 2.087346
v 1.919459 0.038249 1.426045
v 1.839402 0.039227 1.206044
v 0.040800 0.111740 2.110001
v -0.039257 0.112718 1.889999
v 0.250342 0.169215 2.034005
v 0.459937 0.231106 1.958010
v 0.669452 0.286439 1.882015
v 0.878537 0.306488 1.806020
v 1.086967 0.272918 1.730025
v 1.295025 0.208971 1.654030
v 1.502978 0.136409 1.578035
v 1.711052 0.073697 1.502040
v 1.630995 0.074675 1.282039
v 1.422922 0.137387 1.358034
v 1.214968 0.209949 1.434029
v 1.006910 0.273896 1.510024
v 0.798480 0.307466 1.586019
v 0.589396 0.287416 1.662014
v 0.379880 0.232084 1.738009
v 0.170285 0.170193 1.814004
v 0.117204 0.060263 -0.000000
v -0.116895 0.063123 -0.000000
v 0.117821 0.110800 2.000000
v -0.116278 0.113659 2.000000
v 0.118554 0.170825 1.777778
v 0.119342 0.235266 1.555556
v 0.120049 0.293149 1.333333
v 0.120325 0.315749 1.111111
v 0.119946 0.284730 0.888889
v 0.119196 0.223334 0.666666
v 0.118341 0.153322 0.444444
v 0.117606 0.093160 0.222222
v -0.116493 0.096020 0.222222
v -0.115758 0.156182 0.444444
v -0.114903 0.226193 0.666666
v -0.114153 0.287590 0.888889
v -0.113774 0.318609 1.111111
v -0.114051 0.296009 1.333333
v -0.114758 0.238125 1.555555
v -0.115545 0.173684 1.777778
vt 0.902604 0.143524
vt 0.902604 0.078038
vt 0.978083 0.078038
vt 0.978083 0.143524
vt 0.298772 0.143524
vt 0.298772 0.078038
vt 0.374251 0.078037
vt 0.374251 0.143524
vt 0.449730 0.078037
vt 0.449730 0.143524
vt 0.525209 0.078037
vt 0.525209 0.143524
vt 0.600688 0.078037
vt 0.600688 0.143524
vt 0.676167 0.078037
vt 0.676167 0.143524
vt 0.751646 0.078038
vt 0.751646 0.143524
vt 0.827125 0.078038
vt 0.827125 0.143524
vt 0.902604 0.143524
vt 0.902604 0.078038
vt 0.978083 0.078038
vt 0.978083 0.143524
vt 0.298772 0.143524
vt 0.298772 0.078038
vt 0.374251 0.078037
vt 0.374251 0.143524
vt 0.449730 0.078037
vt 0.449730 0.143524
vt 0.525209 0.078037
vt 0.525209 0.143524
vt 0.600688 0.078037
vt 0.600688 0.143524
vt 0.676167 0.078037
vt 0.676167 0.143524
vt 0.751646 0.078038
vt 0.751646 0.143524
vt 0.827125 0.078038
vt 0.827125 0.143524
vt 0.902604 0.143524
vt 0.902604 0.078038
vt 0.978083 0.078038
vt 0.978083 0.143524
vt 0.298772 0.143524
vt 0.298772 0.078038
vt 0.374251 0.078037
vt 0.374251 0.143524
vt 0.449730 0.078037
vt 0.449730 0.143524
vt 0.525209 0.078037
vt 0.525209 0.143524
vt 0.600688 0.078037
vt 0.600688 0.143524
vt 0.676167 0.078037
vt 0.676167 0.143524
vt 0.751646 0.078038
vt 0.751646 0.143524
vt 0.827125 0.078038
vt 0.827125 0.143524
vt 0.902604 0.143524
vt 0.902604 0.078038
vt 0.978083 0.078038
vt 0.978083 0.143524
vt 0.298772 0.143524
vt 0.298772 0.078038
vt 0.374251 0.078037
vt 0.374251 0.143524
vt 0.449730 0.078037
vt 0.449730 0.143524
vt 0.525209 0.078037
vt 0.525209 0.143524
vt 0.600688 0.078037
vt 0.600688 0.143524
vt 0.676167 0.078037
vt 0.676167 0.143524
vt 0.751646 0.078038
vt 0.751646 0.143524
vt 0.827125 0.078038
vt 0.827125 0.143524
vt 0.902604 0.143524
vt 0.902604 0.078038
vt 0.978083 0.078038
vt 0.978083 0.143524
vt 0.298772 0.143524
vt 0.298772 0.078038
vt 0.374251 0.078037
vt 0.374251 0.143524
vt 0.449730 0.078037
vt 0.449730 0.143524
vt 0.525209 0.078037
vt 0.525209 0.143524
vt 0.600688 0.078037
vt 0.600688 0.143524
vt 0.676167 0.078037
vt 0.676167 0.143524
vt 0.751646 0.078038
vt 0.751646 0.143524
vt 0.827125 0.078038
vt 0.827125 0.143524
vt 0.902604 0.143524
vt 0.902604 0.078038
vt 0.978083 0.078038
vt 0.978083 0.143524
vt 0.298772 0.143524
vt 0.298772 0.078038
vt 0.374251 0.078037
vt 0.374251 0.143524
vt 0.449730 0.078037
vt 0.449730 0.143524
vt 0.525209 0.078037
vt 0.525209 0.143524
vt 0.600688 0.078037
vt 0.600688 0.143524
vt 0.676167 0.078037
vt 0.676167 0.143524
vt 0.751646 0.078038
vt 0.751646 0.143524
vt 0.827125 0.078038
vt 0.827125 0.143524
vt 0.902604 0.143524
vt 0.902604 0.078038
vt 0.978083 0.078038
vt 0.978083 0.143524
vt 0.298772 0.143524
vt 0.298772 0.078038
vt 0.374251 0.078037
vt 0.374251 0.143524
vt 0.449730 0.078037
vt 0.449730 0.143524
vt 0.525209 0.078037
vt 0.525209 0.143524
vt 0.600688 0.078037
vt 0.600688 0.143524
vt 0.676167 0.078037
vt 0.676167 0.143524
vt 0.751646 0.078038
vt 0.751646 0.143524
vt 0.827125 0.078038
vt 0.827125 0.143524
vt 0.912551 0.380592
vt 0.912551 0.315105
vt 0.988030 0.315105
vt 0.988030 0.380592
vt 0.308719 0.380592
vt 0.308719 0.315105
vt 0.384198 0.315105
vt 0.384198 0.380592
vt 0.459677 0.315105
vt 0.459677 0.380592
vt 0.535156 0.315105
vt 0.535156 0.380592
vt 0.610635 0.315105
vt 0.610635 0.380592
vt 0.686114 0.315105
vt 0.686114 0.380592
vt 0.761593 0.315105
vt 0.761593 0.380592
vt 0.837072 0.315105
vt 0.837072 0.380592
vt 0.912551 0.380592
vt 0.912551 0.315105
vt 0.988030 0.315105
vt 0.988030 0.380592
vt 0.308719 0.380592
vt 0.308719 0.315105
vt 0.384198 0.315105
vt 0.384198 0.380592
vt 0.459677 0.315105
vt 0.459677 0.380592
vt 0.535156 0.315105
vt 0.535156 0.380592
vt 0.610635 0.315105
vt 0.610635 0.380592
vt 0.686114 0.315105
vt 0.686114 0.380592
vt 0.761593 0.315105
vt 0.761593 0.380592
vt 0.837072 0.315105
vt 0.837072 0.380592
vt 0.902604 0.143524
vt 0.902604 0.078038
vt 0.978083 0.078038
vt 0.978083 0.143524
vt 0.298772 0.143524
vt 0.298772 0.078038
vt 0.374251 0.078037
vt 0.374251 0.143524
vt 0.449730 0.078037
vt 0.449730 0.143524
vt 0.525209 0.078037
vt 0.525209 0.143524
vt 0.600688 0.078037
vt 0.600688 0.143524
vt 0.676167 0.078037
vt 0.676167 0.143524
vt 0.751646 0.078038
vt 0.751646 0.143524
vt 0.827125 0.078038
vt 0.827125 0.143524
vt 0.915762 0.305368
vt 0.915763 0.239882
vt 0.991241 0.239882
vt 0.991241 0.305369
vt 0.311930 0.305368
vt 0.311930 0.239882
vt 0.387409 0.239882
vt 0.387409 0.305368
vt 0.462888 0.239882
vt 0.462888 0.305368
vt 0.538367 0.239882
vt 0.538367 0.305368
vt 0.613846 0.239882
vt 0.613846 0.305368
vt 0.689325 0.239882
vt 0.689325 0.305368
vt 0.764804 0.239882
vt 0.764804 0.305368
vt 0.840283 0.239882
vt 0.840283 0.305368
vt 0.902604 0.143524
vt 0.902604 0.078038
vt 0.978083 0.078038
vt 0.978083 0.143524
vt 0.298772 0.143524
vt 0.298772 0.078038
vt 0.374251 0.078037
vt 0.374251 0.143524
vt 0.449730 0.078037
vt 0.449730 0.143524
vt 0.525209 0.078037
vt 0.525209 0.143524
vt 0.600688 0.078037
vt 0.600688 0.143524
vt 0.676167 0.078037
vt 0.676167 0.143524
vt 0.751646 0.078038
vt 0.751646 0.143524
vt 0.827125 0.078038
vt 0.827125 0.143524
vt 0.902604 0.143524
vt 0.902604 0.078038
vt 0.978083 0.078038
vt 0.978083 0.143524
vt 0.298772 0.143524
vt 0.298772 0.078038
vt 0.374251 0.078037
vt 0.374251 0.143524
vt 0.449730 0.078037
vt 0.449730 0.143524
vt 0.525209 0.078037
vt 0.525209 0.143524
vt 0.600688 0.078037
vt 0.600688 0.143524
vt 0.676167 0.078037
vt 0.676167 0.143524
vt 0.751646 0.078038
vt 0.751646 0.143524
vt 0.827125 0.078038
vt 0.827125 0.143524
vt 0.912551 0.380592
vt 0.912551 0.315105
vt 0.988030 0.315105
vt 0.988030 0.380592
vt 0.308719 0.380592
vt 0.308719 0.315105
vt 0.384198 0.315105
vt 0.384198 0.380592
vt 0.459677 0.315105
vt 0.459677 0.380592
vt 0.535156 0.315105
vt 0.535156 0.380592
vt 0.610635 0.315105
vt 0.610635 0.380592
vt 0.686114 0.315105
vt 0.686114 0.380592
vt 0.761593 0.315105
vt 0.761593 0.380592
vt 0.837072 0.315105
vt 0.837072 0.380592
vt 0.902604 0.143524
vt 0.902604 0.078038
vt 0.978083 0.078038
vt 0.978083 0.143524
vt 0.298772 0.143524
vt 0.298772 0.078038
vt 0.374251 0.078037
vt 0.374251 0.143524
vt 0.449730 0.078037
vt 0.449730 0.143524
vt 0.525209 0.078037
vt 0.525209 0.143524
vt 0.600688 0.078037
vt 0.600688 0.143524
vt 0.676167 0.078037
vt 0.676167 0.143524
vt 0.751646 0.078038
vt 0.751646 0.143524
vt 0.827125 0.078038
vt 0.827125 0.143524
vn -0.1272 0.9170 -0.3782
vn -0.1246 0.9206 -0.3701
vn -0.0031 0.9999 0.0111
vn 0.0148 0.9976 0.0670
vn 0.0388 0.9891 0.1419
vn 0.0396 0.9887 0.1443
vn 0.0143 0.9977 0.0655
vn -0.0421 0.9930 -0.1108
vn -0.1003 0.9507 -0.2936
vn -0.1259 0.9187 -0.3742
vn 0.4229 0.8483 0.3185
vn 0.4166 0.8531 0.3139
vn 0.1074 0.9905 0.0859
vn 0.0605 0.9968 0.0512
vn -0.0030 1.0000 0.0042
vn -0.0051 1.0000 0.0027
vn 0.0617 0.9967 0.0522
vn 0.2085 0.9648 0.1606
vn 0.3562 0.8947 0.2694
vn 0.4198 0.8507 0.3162
vn 0.4056 0.7880 0.4631
vn 0.4038 0.7933 0.4557
vn 0.2884 0.9525 0.0983
vn 0.2674 0.9626 0.0444
vn 0.2377 0.9709 -0.0284
vn 0.2367 0.9711 -0.0308
vn 0.2680 0.9623 0.0458
vn 0.3307 0.9190 0.2146
vn 0.3847 0.8386 0.3855
vn 0.4047 0.7906 0.4595
vn 0.0105 0.9226 -0.3855
vn 0.0085 0.9261 -0.3772
vn -0.0779 0.9968 0.0151
vn -0.0895 0.9933 0.0726
vn -0.1046 0.9832 0.1495
vn -0.1051 0.9828 0.1520
vn -0.0892 0.9935 0.0710
vn -0.0516 0.9926 -0.1103
vn -0.0099 0.9544 -0.2984
vn 0.0095 0.9243 -0.3814
vn 0.2611 0.9598 -0.1025
vn 0.2530 0.9624 -0.0992
vn -0.1234 0.9908 0.0557
vn -0.1769 0.9811 0.0776
vn -0.2481 0.9628 0.1068
vn -0.2504 0.9621 0.1078
vn -0.1755 0.9814 0.0771
vn -0.0050 0.9999 0.0071
vn 0.1758 0.9821 -0.0674
vn 0.2571 0.9611 -0.1009
vn -0.2479 0.9660 -0.0727
vn -0.2393 0.9684 -0.0703
vn 0.1531 0.9874 0.0395
vn 0.2086 0.9764 0.0551
vn 0.2823 0.9563 0.0758
vn 0.2846 0.9556 0.0764
vn 0.2071 0.9768 0.0547
vn 0.0302 0.9995 0.0050
vn -0.1585 0.9862 -0.0478
vn -0.2437 0.9672 -0.0716
vn -0.2989 0.8499 0.4339
vn -0.2939 0.8547 0.4278
vn 0.2665 0.9221 -0.2806
vn 0.2851 0.9082 -0.3065
vn 0.2564 0.9278 -0.2708
vn 0.2564 0.9279 -0.2708
vn 0.1407 0.9826 -0.1211
vn 0.1405 0.9826 -0.1209
vn 0.0464 0.9989 -0.0010
vn 0.0464 0.9989 -0.0009
vn -0.0703 0.9865 0.1475
vn -0.0704 0.9865 0.1477
vn -0.2261 0.9115 0.3436
vn -0.2965 0.8523 0.4309
vn -0.3366 0.8531 0.3986
vn -0.3305 0.8578 0.3937
vn 0.3355 0.9209 -0.1982
vn 0.3260 0.9265 -0.1881
vn 0.3262 0.9264 -0.1882
vn 0.2438 0.9637 -0.1084
vn 0.2457 0.9630 -0.1102
vn 0.1097 0.9938 0.0169
vn 0.1115 0.9936 0.0153
vn 0.0626 0.9962 0.0610
vn 0.0623 0.9962 0.0613
vn -0.0357 0.9883 0.1479
vn -0.0333 0.9887 0.1458
vn -0.2348 0.9192 0.3162
vn -0.2341 0.9196 0.3156
vn -0.3325 0.8562 0.3953
vn -0.1265 0.9646 -0.2315
vn -0.1219 0.9669 -0.2239
vn 0.0872 0.9882 0.1257
vn 0.1167 0.9775 0.1753
vn 0.1558 0.9579 0.2412
vn 0.1570 0.9571 0.2433
vn 0.1159 0.9779 0.1740
vn 0.0218 0.9996 0.0160
vn -0.0788 0.9852 -0.1521
vn -0.1243 0.9657 -0.2278
vn 0.2096 0.9604 0.1833
vn 0.2031 0.9630 0.1772
vn -0.0953 0.9904 -0.0995
vn -0.1379 0.9807 -0.1388
vn -0.1944 0.9622 -0.1909
vn -0.1962 0.9614 -0.1926
vn -0.1367 0.9810 -0.1378
vn -0.0015 0.9999 -0.0127
vn 0.1419 0.9825 0.1204
vn 0.2064 0.9617 0.1803
vn 0.2742 0.9597 0.0620
vn 0.2656 0.9622 0.0599
vn -0.1304 0.9909 -0.0337
vn -0.1868 0.9813 -0.0469
vn -0.2617 0.9630 -0.0646
vn -0.2641 0.9623 -0.0651
vn -0.1853 0.9816 -0.0466
vn -0.0060 1.0000 -0.0043
vn 0.1844 0.9820 0.0407
vn 0.2700 0.9609 0.0610
vn 0.1778 0.9608 -0.2125
vn 0.1723 0.9633 -0.2055
vn -0.0781 0.9902 0.1154
vn -0.1138 0.9804 0.1609
vn -0.1613 0.9617 0.2214
vn -0.1628 0.9610 0.2234
vn -0.1128 0.9807 0.1597
vn 0.0007 0.9999 0.0147
vn 0.1211 0.9828 -0.1396
vn 0.1751 0.9621 -0.2091
vn -0.1682 0.9651 -0.2008
vn -0.1622 0.9674 -0.1942
vn 0.1098 0.9879 0.1090
vn 0.1483 0.9772 0.1521
vn 0.1992 0.9573 0.2092
vn 0.2009 0.9566 0.2111
vn 0.1473 0.9775 0.1509
vn 0.0247 0.9996 0.0139
vn -0.1062 0.9855 -0.1319
vn -0.1653 0.9662 -0.1976
vn -0.2416 0.9660 0.0922
vn -0.2333 0.9683 0.0892
vn 0.1497 0.9875 -0.0501
vn 0.2039 0.9765 -0.0698
vn 0.2757 0.9564 -0.0961
vn 0.2781 0.9557 -0.0969
vn 0.2024 0.9768 -0.0693
vn 0.0297 0.9995 -0.0064
vn -0.1544 0.9861 0.0606
vn -0.2375 0.9671 0.0907
vn 0.0117 0.9629 0.2697
vn 0.0118 0.9653 0.2608
vn 0.0121 0.9891 -0.1464
vn 0.0119 0.9788 -0.2042
vn 0.0117 0.9596 -0.2810
vn 0.0117 0.9589 -0.2835
vn 0.0119 0.9792 -0.2027
vn 0.0122 0.9997 -0.0186
vn 0.0120 0.9841 0.1771
vn 0.0117 0.9641 0.2653
usemtl Plant1
s 1
f 2507/2503/1874 2522/2504/1874 2506/2505/1875 2505/2506/1875
f 2503/2507/1876 2504/2508/1876 2515/2509/1877 2514/2510/1877
f 2514/2510/1877 2515/2509/1877 2516/2511/1878 2513/2512/1878
f 2513/2512/1878 2516/2511/1878 2517/2513/1879 2512/2514/1879
f 2512/2514/1879 2517/2513/1879 2518/2515/1880 2511/2516/1880
f 2511/2516/1880 2518/2515/1880 2519/2517/1881 2510/2518/1881
f 2510/2518/1881 2519/2517/1881 2520/2519/1882 2509/2520/1882
f 2509/2520/1882 2520/2519/1882 2521/2521/1883 2508/2522/1883
f 2508/2522/1883 2521/2521/1883 2522/2504/1874 2507/2503/1874
f 2527/2523/1884 2542/2524/1884 2526/2525/1885 2525/2526/1885
f 2523/2527/1886 2524/2528/1886 2535/2529/1887 2534/2530/1887
f 2534/2530/1887 2535/2529/1887 2536/2531/1888 2533/2532/1888
f 2533/2532/1888 2536/2531/1888 2537/2533/1889 2532/2534/1889
f 2532/2534/1889 2537/2533/1889 2538/2535/1890 2531/2536/1890
f 2531/2536/1890 2538/2535/1890 2539/2537/1891 2530/2538/1891
f 2530/2538/1891 2539/2537/1891 2540/2539/1892 2529/2540/1892
f 2529/2540/1892 2540/2539/1892 2541/2541/1893 2528/2542/1893
f 2528/2542/1893 2541/2541/1893 2542/2524/1884 2527/2523/1884
f 2547/2543/1894 2562/2544/1894 2546/2545/1895 2545/2546/1895
f 2543/2547/1896 2544/2548/1896 2555/2549/1897 2554/2550/1897
f 2554/2550/1897 2555/2549/1897 2556/2551/1898 2553/2552/1898
f 2553/2552/1898 2556/2551/1898 2557/2553/1899 2552/2554/1899
f 2552/2554/1899 2557/2553/1899 2558/2555/1900 2551/2556/1900
f 2551/2556/1900 2558/2555/1900 2559/2557/1901 2550/2558/1901
f 2550/2558/1901 2559/2557/1901 2560/2559/1902 2549/2560/1902
f 2549/2560/1902 2560/2559/1902 2561/2561/1903 2548/2562/1903
f 2548/2562/1903 2561/2561/1903 2562/2544/1894 2547/2543/1894
f 2567/2563/1904 2582/2564/1904 2566/2565/1905 2565/2566/1905
f 2563/2567/1906 2564/2568/1906 2575/2569/1907 2574/2570/1907
f 2574/2570/1907 2575/2569/1907 2576/2571/1908 2573/2572/1908
f 2573/2572/1908 2576/2571/1908 2577/2573/1909 2572/2574/1909
f 2572/2574/1909 2577/2573/1909 2578/2575/1910 2571/2576/1910
f 2571/2576/1910 2578/2575/1910 2579/2577/1911 2570/2578/1911
f 2570/2578/1911 2579/2577/1911 2580/2579/1912 2569/2580/1912
f 2569/2580/1912 2580/2579/1912 2581/2581/1913 2568/2582/1913
f 2568/2582/1913 2581/2581/1913 2582/2564/1904 2567/2563/1904
f 2587/2583/1914 2602/2584/1914 2586/2585/1915 2585/2586/1915
f 2583/2587/1916 2584/2588/1916 2595/2589/1917 2594/2590/1917
f 2594/2590/1917 2595/2589/1917 2596/2591/1918 2593/2592/1918
f 2593/2592/1918 2596/2591/1918 2597/2593/1919 2592/2594/1919
f 2592/2594/1919 2597/2593/1919 2598/2595/1920 2591/2596/1920
f 2591/2596/1920 2598/2595/1920 2599/2597/1921 2590/2598/1921
f 2590/2598/1921 2599/2597/1921 2600/2599/1922 2589/2600/1922
f 2589/2600/1922 2600/2599/1922 2601/2601/1923 2588/2602/1923
f 2588/2602/1923 2601/2601/1923 2602/2584/1914 2587/2583/1914
f 2607/2603/1924 2622/2604/1924 2606/2605/1925 2605/2606/1925
f 2603/2607/1926 2604/2608/1926 2615/2609/1927 2614/2610/1927
f 2614/2610/1927 2615/2609/1927 2616/2611/1928 2613/2612/1928
f 2613/2612/1928 2616/2611/1928 2617/2613/1929 2612/2614/1929
f 2612/2614/1929 2617/2613/1929 2618/2615/1930 2611/2616/1930
f 2611/2616/1930 2618/2615/1930 2619/2617/1931 2610/2618/1931
f 2610/2618/1931 2619/2617/1931 2620/2619/1932 2609/2620/1932
f 2609/2620/1932 2620/2619/1932 2621/2621/1933 2608/2622/1933
f 2608/2622/1933 2621/2621/1933 2622/2604/1924 2607/2603/1924
f 2627/2623/1934 2642/2624/1934 2626/2625/1935 2625/2626/1935
f 2623/2627/1936 2624/2628/1936 2635/2629/1937 2634/2630/1937
f 2634/2630/1937 2635/2629/1937 2636/2631/1938 2633/2632/1939
f 2633/2632/1939 2636/2631/1938 2637/2633/1940 2632/2634/1941
f 2632/2634/1941 2637/2633/1940 2638/2635/1942 2631/2636/1943
f 2631/2636/1943 2638/2635/1942 2639/2637/1944 2630/2638/1945
f 2630/2638/1945 2639/2637/1944 2640/2639/1946 2629/2640/1946
f 2629/2640/1946 2640/2639/1946 2641/2641/1947 2628/2642/1947
f 2628/2642/1947 2641/2641/1947 2642/2624/1934 2627/2623/1934
f 2647/2643/1948 2662/2644/1948 2646/2645/1949 2645/2646/1949
f 2643/2647/1950 2644/2648/1950 2655/2649/1951 2654/2650/1952
f 2654/2650/1952 2655/2649/1951 2656/2651/1953 2653/2652/1954
f 2653/2652/1954 2656/2651/1953 2657/2653/1955 2652/2654/1956
f 2652/2654/1956 2657/2653/1955 2658/2655/1957 2651/2656/1958
f 2651/2656/1958 2658/2655/1957 2659/2657/1959 2650/2658/1960
f 2650/2658/1960 2659/2657/1959 2660/2659/1961 2649/2660/1962
f 2649/2660/1962 2660/2659/1961 2661/2661/1963 2648/2662/1963
f 2648/2662/1963 2661/2661/1963 2662/2644/1948 2647/2643/1948
f 2667/2663/1964 2682/2664/1964 2666/2665/1965 2665/2666/1965
f 2663/2667/1966 2664/2668/1966 2675/2669/1967 2674/2670/1967
f 2674/2670/1967 2675/2669/1967 2676/2671/1968 2673/2672/1968
f 2673/2672/1968 2676/2671/1968 2677/2673/1969 2672/2674/1969
f 2672/2674/1969 2677/2673/1969 2678/2675/1970 2671/2676/1970
f 2671/2676/1970 2678/2675/1970 2679/2677/1971 2670/2678/1971
f 2670/2678/1971 2679/2677/1971 2680/2679/1972 2669/2680/1972
f 2669/2680/1972 2680/2679/1972 2681/2681/1973 2668/2682/1973
f 2668/2682/1973 2681/2681/1973 2682/2664/1964 2667/2663/1964
f 2687/2683/1974 2702/2684/1974 2686/2685/1975 2685/2686/1975
f 2683/2687/1976 2684/2688/1976 2695/2689/1977 2694/2690/1977
f 2694/2690/1977 2695/2689/1977 2696/2691/1978 2693/2692/1978
f 2693/2692/1978 2696/2691/1978 2697/2693/1979 2692/2694/1979
f 2692/2694/1979 2697/2693/1979 2698/2695/1980 2691/2696/1980
f 2691/2696/1980 2698/2695/1980 2699/2697/1981 2690/2698/1981
f 2690/2698/1981 2699/2697/1981 2700/2699/1982 2689/2700/1982
f 2689/2700/1982 2700/2699/1982 2701/2701/1983 2688/2702/1983
f 2688/2702/1983 2701/2701/1983 2702/2684/1974 2687/2683/1974
f 2707/2703/1984 2722/2704/1984 2706/2705/1985 2705/2706/1985
f 2703/2707/1986 2704/2708/1986 2715/2709/1987 2714/2710/1987
f 2714/2710/1987 2715/2709/1987 2716/2711/1988 2713/2712/1988
f 2713/2712/1988 2716/2711/1988 2717/2713/1989 2712/2714/1989
f 2712/2714/1989 2717/2713/1989 2718/2715/1990 2711/2716/1990
f 2711/2716/1990 2718/2715/1990 2719/2717/1991 2710/2718/1991
f 2710/2718/1991 2719/2717/1991 2720/2719/1992 2709/2720/1992
f 2709/2720/1992 2720/2719/1992 2721/2721/1993 2708/2722/1993
f 2708/2722/1993 2721/2721/1993 2722/2704/1984 2707/2703/1984
f 2727/2723/1994 2742/2724/1994 2726/2725/1995 2725/2726/1995
f 2723/2727/1996 2724/2728/1996 2735/2729/1997 2734/2730/1997
f 2734/2730/1997 2735/2729/1997 2736/2731/1998 2733/2732/1998
f 2733/2732/1998 2736/2731/1998 2737/2733/1999 2732/2734/1999
f 2732/2734/1999 2737/2733/1999 2738/2735/2000 2731/2736/2000
f 2731/2736/2000 2738/2735/2000 2739/2737/2001 2730/2738/2001
f 2730/2738/2001 2739/2737/2001 2740/2739/2002 2729/2740/2002
f 2729/2740/2002 2740/2739/2002 2741/2741/2003 2728/2742/2003
f 2728/2742/2003 2741/2741/2003 2742/2724/1994 2727/2723/1994
f 2747/2743/2004 2762/2744/2004 2746/2745/2005 2745/2746/2005
f 2743/2747/2006 2744/2748/2006 2755/2749/2007 2754/2750/2007
f 2754/2750/2007 2755/2749/2007 2756/2751/2008 2753/2752/2008
f 2753/2752/2008 2756/2751/2008 2757/2753/2009 2752/2754/2009
f 2752/2754/2009 2757/2753/2009 2758/2755/2010 2751/2756/2010
f 2751/2756/2010 2758/2755/2010 2759/2757/2011 2750/2758/2011
f 2750/2758/2011 2759/2757/2011 2760/2759/2012 2749/2760/2012
f 2749/2760/2012 2760/2759/2012 2761/2761/2013 2748/2762/2013
f 2748/2762/2013 2761/2761/2013 2762/2744/2004 2747/2743/2004
f 2767/2763/2014 2782/2764/2014 2766/2765/2015 2765/2766/2015
f 2763/2767/2016 2764/2768/2016 2775/2769/2017 2774/2770/2017
f 2774/2770/2017 2775/2769/2017 2776/2771/2018 2773/2772/2018
f 2773/2772/2018 2776/2771/2018 2777/2773/2019 2772/2774/2019
f 2772/2774/2019 2777/2773/2019 2778/2775/2020 2771/2776/2020
f 2771/2776/2020 2778/2775/2020 2779/2777/2021 2770/2778/2021
f 2770/2778/2021 2779/2777/2021 2780/2779/2022 2769/2780/2022
f 2769/2780/2022 2780/2779/2022 2781/2781/2023 2768/2782/2023
f 2768/2782/2023 2781/2781/2023 2782/2764/2014 2767/2763/2014
f 2787/2783/2024 2802/2784/2024 2786/2785/2025 2785/2786/2025
f 2783/2787/2026 2784/2788/2026 2795/2789/2027 2794/2790/2027
f 2794/2790/2027 2795/2789/2027 2796/2791/2028 2793/2792/2028
f 2793/2792/2028 2796/2791/2028 2797/2793/2029 2792/2794/2029
f 2792/2794/2029 2797/2793/2029 2798/2795/2030 2791/2796/2030
f 2791/2796/2030 2798/2795/2030 2799/2797/2031 2790/2798/2031
f 2790/2798/2031 2799/2797/2031 2800/2799/2032 2789/2800/2032
f 2789/2800/2032 2800/2799/2032 2801/2801/2033 2788/2802/2033
f 2788/2802/2033 2801/2801/2033 2802/2784/2024 2787/2783/2024
